{
  "cat_params": [
    3.9118336191936325,
    2.1048325735469264,
    0.3483908894219385,
    -0.7721321305674363,
    3.455922586728703,
    0.4858465192911075,
    -0.05248610034717671,
    -0.16625030482061579,
    0.6367455739778068,
    0.9685913661640433,
    1.2424981569386417,
    0.1780817786812832,
    1.1379175262568326,
    3.5418189603820336,
    -0.4517255231784534,
    -0.5896912567223078,
    -1.3522896156811963,
    0.38653802702701096,
    0.5176756626967549,
    -1.1541033667216278,
    1.6317476338648942,
    0.3246730519603161,
    -2.5628521782579066,
    -2.2053665883830305,
    1.407757015380906,
    -0.17102651761188659,
    2.10233156420099,
    -0.3707300011540044,
    2.433008175454683,
    1.0329885893892654
  ],
  "mood_params": [
    2.8888299556408263,
    0.12413696883800329,
    -2.0767232768336057,
    -2.4143149468112597,
    -3.424748517215745,
    0.2802269970939521,
    -1.3926170443016002,
    0.45209675758899304,
    -0.7780243278996656,
    -0.4985852554963302,
    -1.4191185860751219,
    0.4566697746369199
  ]
}