{
  "cat_params": [
    3.994171357809725,
    2.1974089004649224,
    0.4383809207655206,
    -0.7743894852619223,
    3.668725973326412,
    0.556139334579442,
    0.24043659762468972,
    -0.12467302755770389,
    0.8598798379116146,
    1.1693061072496616,
    1.4228370134421433,
    0.30128078765703736,
    1.324880163041559,
    3.7467326099913336,
    -0.24568099227575632,
    -0.41848967505737755,
    -1.2276219557080743,
    0.5299154436462893,
    0.7165916152665556,
    -1.000101842862224,
    1.82588710475586,
    0.5529755559443142,
    -2.5584475381055776,
    -2.1670361547890287,
    1.5014029434225058,
    0.006440686134344775,
    2.2950840412284603,
    -0.22260811171479614,
    2.599364622879894,
    1.2285935998677466
  ],
  "mood_params": [
    2.956032516245002,
    0.20599109548090977,
    -2.022136043188495,
    -2.3325478198439877,
    -3.360050011055945,
    0.4450340579624697,
    -1.243642901482022,
    0.5308836388547378,
    -0.6887279479206248,
    -0.41145122371036436,
    -1.339313796553943,
    0.5873904208511789
  ]
}