{
  "cat_params": [
    0.534575017018872,
    -0.06603212576950519,
    2.009543354899296,
    1.3250133357909752,
    -0.7452761418359505,
    0.5292955842802867,
    1.5165634286868137,
    -0.13739543764772158,
    1.3709926246071709,
    -1.0701620779868672,
    -0.2999707287202302,
    -0.4079082640363319,
    -1.2233415135844687,
    -1.3485152741693134,
    0.2771112903045284,
    2.284261985705067,
    -0.3319199920351327,
    2.73136551133429,
    1.9650247021659635,
    0.5537326586909368,
    -0.015500056107271124,
    -0.7372679114266815,
    -0.11120097881569675,
    -0.06968263111648895,
    -0.32356429959103633,
    0.10032312646680208,
    1.278595522091993,
    -0.5414091833053523,
    -0.7987422727468063,
    -0.7714962191001377
  ],
  "mood_params": [
    -2.0493657392587075,
    -1.248608624505328,
    0.6448253703389337,
    -0.40577746770639506,
    -0.996850675634187,
    -0.17126332675272346,
    0.9303564824123322,
    -0.7143226021859769,
    0.6716530037590921,
    -0.020325937932609117,
    2.1026136922365906,
    -3.813770153297456
  ]
}