{
  "cat_params": [
    0.41292185397763176,
    -0.1569391175327907,
    1.924554981420216,
    1.3262066487227346,
    -0.9238215983857608,
    0.45888449916931656,
    1.2405347007534757,
    -0.17901905768630294,
    1.1494599899833482,
    -1.284324666834331,
    -0.45792964848530243,
    -0.5224108862453988,
    -1.4142022803456282,
    -1.5075325174012673,
    0.07339360352197967,
    2.083592294976691,
    -0.45947180167256846,
    2.5932322155788166,
    1.763625548413415,
    0.4108157736189444,
    -0.20562896818809195,
    -0.9575728436865844,
    -0.10477200997071116,
    -0.0955464032563863,
    -0.3900908023723167,
    -0.07803317840364059,
    1.0866360853641528,
    -0.6889875828372353,
    -0.9407042358352962,
    -0.9552689358989236
  ],
  "mood_params": [
    -2.107053946571905,
    -1.3260922671214916,
    0.5732713339479527,
    -0.4979263236017567,
    -1.0775764315263128,
    -0.33220036576689926,
    0.7783991403368224,
    -0.7873757507933951,
    0.572665876551974,
    -0.10434423349425835,
    2.0149368396390384,
    -3.9316508706561626
  ]
}