{
  "cat_params": [
    3.907155198989117,
    1.706873918943828,
    0.890281814933936,
    1.3044109889066278,
    0.7393239131354478,
    1.856751023463351,
    4.756843100964323,
    -0.05160845169001961,
    2.613713255177327,
    3.0273862320664473,
    3.369441795787489,
    -0.9484707773638469,
    3.654097339183912,
    3.3628516716758674,
    4.437998554114864,
    1.6983963758816976,
    3.58531347573455,
    2.054930654798677,
    4.55180478543859,
    2.520886400614838,
    2.4229131023453023,
    4.297360094809809,
    2.5835974696516013,
    -1.115942531072904,
    3.448525349235798,
    2.2322621004700927,
    5.27158229588474,
    2.8727296812909575,
    2.4996919617605977,
    1.2385415555054098
  ],
  "mood_params": [
    3.829977039953084,
    3.186871642986725,
    -0.7573734186406856,
    2.0308188598707164,
    0.046179759019940585,
    4.898578551909056,
    4.190236348009618,
    2.8725515997145976,
    1.0027742883350497,
    3.243349520182945,
    -0.3473574756586484,
    3.5829243576327974
  ]
}