{
  "cat_params": [
    3.8249344867135084,
    1.6154468818368484,
    0.8025216024917228,
    1.3055985973724098,
    0.5508521445211723,
    1.7928183441490562,
    4.526274460632107,
    -0.09256353199113616,
    2.398030089650105,
    2.8396277473615266,
    3.165217166757195,
    -1.0553100941815903,
    3.4723341136487527,
    3.162877871468585,
    4.2545746475858515,
    1.5056361776984373,
    3.4462618400710663,
    1.9164383249225745,
    4.346970293294343,
    2.3932742632480024,
    2.229119764178571,
    4.047795035608024,
    2.6018959988687755,
    -1.1478049213005763,
    3.32656237106837,
    2.0352515654126573,
    5.07816100628415,
    2.7206166314726676,
    2.3353298263748714,
    1.0445083464127636
  ],
  "mood_params": [
    3.761646471551164,
    3.0967645239060397,
    -0.8194228707995104,
    1.9263580266357374,
    -0.040862370975101446,
    4.707208317254145,
    4.035110362132223,
    2.783643154017617,
    0.9022440227873124,
    3.186055974897359,
    -0.4287134924348313,
    3.4445815169934266
  ]
}