{
  "cat_params": [
    -2.801654806448905,
    -3.8049180102396045,
    -1.2105159981207994,
    -1.7182363508003542,
    -3.1614683834034727,
    0.21816996322453083,
    -2.3523654414857873,
    2.4750605693165144,
    -3.246343180802087,
    -3.873119587817186,
    -3.5283632200038824,
    -2.507646394095889,
    -4.104411239321978,
    -3.8281457257960754,
    -2.362288928234397,
    -4.454660078354006,
    -5.176826879808323,
    -0.07693864199867141,
    -4.060461233909056,
    -3.7786954042661196,
    -5.154734456375455,
    -3.468486962167502,
    -1.2133121830507734,
    -1.8945087624686952,
    -0.6841047892333824,
    -3.3266726138564895,
    -4.510758278852524,
    -5.2901866248137175,
    -4.618585824013338,
    -2.2634115890773967
  ],
  "mood_params": [
    -2.0565259081784566,
    -4.1718880386908,
    -3.5890794948335336,
    -5.6338274879317085,
    -4.393103441272997,
    -5.670750828862266,
    -6.323939438322917,
    -2.997065377975467,
    -4.5979522858830055,
    -4.195639400246325,
    -3.5912791747766293,
    -3.9684798746680983
  ]
}