{
  "cat_params": [
    -1.6074524506411068,
    1.0145582465168073,
    -2.5310612716730456,
    -2.2839050839014594,
    -0.976770125713159,
    -3.2818815925874136,
    -3.3931316593887852,
    -4.158246048133116,
    -2.266848639756648,
    -2.7620470429314947,
    -1.5096174035033496,
    0.25933746892365256,
    -1.5829071451485472,
    -0.8192236239861602,
    -4.183132286049622,
    -2.219963983658879,
    -1.905696103725492,
    -4.208262839505805,
    -3.2576037341123523,
    -2.0845563064571087,
    -1.2953514134834097,
    -1.5502406820526395,
    -4.331091971473651,
    -1.9903533903368966,
    -1.7049130551056086,
    -1.852990306949742,
    -2.006016221169304,
    -1.0062560798517877,
    -0.8499598756629271,
    -1.440725478865601
  ],
  "mood_params": [
    -1.0361829312995903,
    -0.4390129131221778,
    0.37607242017065484,
    -2.66748471526239,
    -1.4555825289896194,
    -2.390068733949986,
    -3.2850169366197943,
    -2.2268689971184816,
    -1.1309496580286647,
    -1.2073114344895235,
    -2.5262340724881516,
    -0.903197550924286
  ]
}