{
  "cat_params": [
    -1.7007243651251525,
    0.9603989672368317,
    -2.5927821428414597,
    -2.281652441158413,
    -1.0774313434654184,
    -3.3390573174125384,
    -3.611930800533473,
    -4.197541256451428,
    -2.4065632984768652,
    -2.9006199197025264,
    -1.5850518048132498,
    0.1859818582902533,
    -1.6963069667499031,
    -0.912355420495621,
    -4.322101975882039,
    -2.2989721053469325,
    -1.9750883949048545,
    -4.303222811143604,
    -3.3670946645278854,
    -2.185670282719864,
    -1.4041974913565087,
    -1.6726825980181115,
    -4.346200801676177,
    -2.0171285506755727,
    -1.7214668646427913,
    -1.9396183219531387,
    -2.1165878675590664,
    -1.0917436402781733,
    -0.9305882287241062,
    -1.5427974932758795
  ],
  "mood_params": [
    -1.0703765174710564,
    -0.48539681272629037,
    0.3340708699844945,
    -2.7085074696332887,
    -1.4970845379068385,
    -2.470197370841484,
    -3.3689919284299656,
    -2.2614448278548993,
    -1.1782109312869529,
    -1.2661711371474882,
    -2.569118033470855,
    -0.976318082194788
  ]
}