{
  "cat_params": [
    0.19772819186308138,
    -0.8589462112291412,
    -0.9983906453904391,
    -1.806079652491903,
    0.816872681974791,
    -2.5100729167341855,
    -1.3952274298288916,
    -3.6037014218617998,
    -0.69128043893617,
    -2.372970520849189,
    -2.135059429364326,
    1.1962475487146684,
    -0.8574307391370718,
    0.7324437663330885,
    -2.781779151594259,
    -0.13005160548235148,
    -1.183792909696948,
    -3.5328765501460238,
    0.1587708438589949,
    -2.3939700101393497,
    -0.054703675126104974,
    0.7357166798992124,
    -1.9947668664201728,
    -1.9489029979921386,
    -1.4455815115011206,
    -0.33948074090247266,
    -1.1764227643150917,
    -0.9023270375706639,
    0.5540177811499271,
    0.7815814953308158
  ],
  "mood_params": [
    -1.0789283328129442,
    -0.7953888802144535,
    -0.09152436921937357,
    -1.0876864599255043,
    -0.2338111855150325,
    0.025890686704817062,
    -0.2386167168713503,
    -0.9068801846476401,
    -0.731532178867499,
    -1.3000603488581133,
    -1.4993602817514078,
    -1.3929770610228767
  ]
}