{
  "cat_params": [
    0.12497064845964757,
    -0.9117237417391811,
    -1.0552323939900496,
    -1.804069186337939,
    0.7022906530780119,
    -2.5638481600996053,
    -1.5875773706492355,
    -3.6409766404901154,
    -0.8260578777784998,
    -2.509207020675388,
    -2.202369097641186,
    1.1114031363294428,
    -0.9697207666606954,
    0.6253350331313121,
    -2.9145116982824346,
    -0.23184604778847326,
    -1.2555097205705472,
    -3.6262276697897913,
    0.0424845589452951,
    -2.497291260817601,
    -0.1662518956138086,
    0.5991052614927141,
    -1.9995331209706135,
    -1.975431777354662,
    -1.465989046326442,
    -0.44044224629994416,
    -1.287641639897522,
    -0.9879917755243266,
    0.46331048942960606,
    0.6663625769586463
  ],
  "mood_params": [
    -1.113040667737096,
    -0.8407020141293589,
    -0.13055113977432478,
    -1.1372214052950766,
    -0.2835992641446792,
    -0.06940889848051453,
    -0.3267720313330136,
    -0.947534095233998,
    -0.7816387241242279,
    -1.3596588970031187,
    -1.544592814945024,
    -1.4646687114428336
  ]
}