{
  "cat_params": [
    -0.28116683345020904,
    0.6680691058744215,
    -4.126950810961858,
    -2.404544006495842,
    0.29914143627623424,
    -3.4786249109882097,
    -1.6047516222021374,
    -2.6802346105695554,
    -2.8708826976442836,
    -0.6894851766261885,
    2.155838174096264,
    1.3009368926436775,
    -1.50474221977197,
    0.3110397887123532,
    -3.9705754107627,
    -0.5626092234624408,
    -0.5142447820310989,
    -1.413488551735127,
    -1.776442637512859,
    -1.8542627945750882,
    -1.179660963276813,
    -1.4244223302546666,
    -2.757787373289706,
    0.8520626117445323,
    -2.2374817169326167,
    -2.3773049062455214,
    2.2733371231637687,
    -1.2823491976536987,
    -0.0008156836447228344,
    0.7991382592051267
  ],
  "mood_params": [
    -2.010165687757661,
    -1.9606046533482784,
    1.2995317740741616,
    -1.275584152641388,
    0.39003868325498725,
    -1.0226823369718228,
    -2.4832563883250187,
    -1.419638884424061,
    -1.1451508422414873,
    0.44225377293101203,
    0.18298134242960595,
    0.21158671491049855
  ]
}