{
  "cat_params": [
    -0.3313355401651921,
    0.9421110753720394,
    -4.060719600418482,
    -2.233103166875263,
    0.6170703299503331,
    -3.5517215396955764,
    -1.4748024834848235,
    -2.5828828635530323,
    -2.9370977634187727,
    -0.33211856229144787,
    2.5234827444109427,
    0.41072176680574407,
    -1.1040958787162423,
    0.7585830191707513,
    -3.6265608416546913,
    -1.1151475730424976,
    -0.14263616929677647,
    -1.1185236850347642,
    -1.703091920101527,
    -1.8353311130023535,
    -0.80674760479791,
    -1.4100254629284252,
    -2.9557206583179676,
    0.9768020318002851,
    -2.259144732405198,
    -2.3913615909867634,
    2.391129528584204,
    -0.8975121818186271,
    0.3680805725430633,
    1.1603339947823892
  ],
  "mood_params": [
    -1.8415575650004123,
    -1.6264227910385416,
    1.5831365663661499,
    -0.8828334294839814,
    0.7894801146936414,
    -0.6277038747784718,
    -2.4402770725259026,
    -1.2648332434854037,
    -0.808751013386136,
    0.6644329936989358,
    -0.16654352765767189,
    0.6090975418979303
  ]
}