{
  "cat_params": [
    2.4044169188792686,
    1.3000827131307007,
    -1.02356570649085,
    -1.0319503307353668,
    2.47375132946393,
    -0.067951584444872,
    1.5432081030300635,
    -2.7555696715525992,
    2.283373360374604,
    1.8016246339966724,
    -0.32960646289587825,
    3.26139400617239,
    1.6844232070551042,
    2.0553772215491195,
    0.012407996262828439,
    4.373951448529783,
    -0.01530190305520934,
    -1.3310425350598003,
    3.2010308300791253,
    0.07802495782951024,
    2.6253636006142513,
    2.5452643171480407,
    0.3075074694551982,
    -0.8626185644055853,
    0.4189110001681592,
    2.057257312266127,
    4.004705322409121,
    0.6723640905947614,
    2.6583062375432327,
    0.99931450373962
  ],
  "mood_params": [
    -0.23691352926580844,
    0.76316017577422,
    0.5633561619768555,
    1.8130954564320145,
    1.6557143802978131,
    3.0750185830040735,
    4.216326788319902,
    -0.5328022516773995,
    1.0102465058788639,
    -0.49510198520312704,
    4.207421207610283,
    0.6847434669371149
  ]
}