{
  "cat_params": [
    2.3018294026008137,
    1.206613272281523,
    -1.1197719765611565,
    -1.0295305558671444,
    2.2670712106687603,
    -0.1422376190084629,
    1.2624701071180962,
    -2.8074332893306115,
    2.060839172321077,
    1.6011556150389663,
    -0.4899473668171888,
    3.099853831239719,
    1.4947797580460496,
    1.8627726780670704,
    -0.19599152267291023,
    4.1474931307302985,
    -0.14607202097808805,
    -1.4813256324123631,
    2.9937970405662915,
    -0.0707962284520496,
    2.4262319828450556,
    2.30076832137979,
    0.31590832081666537,
    -0.8936306118007241,
    0.3401316611771743,
    1.8573353188651072,
    3.807354496722314,
    0.5201777894094499,
    2.4890017563491393,
    0.8018462154989752
  ],
  "mood_params": [
    -0.2990996678881774,
    0.6782432447143734,
    0.4911673153048497,
    1.707378293818023,
    1.5555032899221717,
    2.8909269645352893,
    4.057284456509848,
    -0.6079963290378094,
    0.9072369725518339,
    -0.5843359320336875,
    4.11351378225549,
    0.5515333957789306
  ]
}