{
  "cat_params": [
    -1.5346693911429634,
    -0.047699990903199416,
    -0.2021135461095286,
    -0.5872802722557117,
    -0.6471664486394754,
    -2.3154200958012665,
    -2.6684480314705237,
    -2.881813259922374,
    -1.5984889353123295,
    -2.4199014136365156,
    -1.8225270516838452,
    -0.6494076461338386,
    -1.8620018112697025,
    -1.018543508726594,
    -2.7919419381427657,
    -1.150976375562944,
    -1.5037969687103436,
    -1.0977314960940863,
    -1.7254950550192032,
    -1.7077480975588448,
    -0.6234199170369347,
    -1.9364651217830435,
    -2.509300152328349,
    -1.3129366979061317,
    -1.71854718093277,
    -1.673491481866862,
    -2.0402006091528895,
    -1.439311071664947,
    -0.0688711437017998,
    -1.337736284964022
  ],
  "mood_params": [
    -1.3437090293811293,
    -0.39084360037747096,
    0.14326598419863917,
    -0.48573230989485683,
    0.49247231544842746,
    -1.383791989196408,
    -0.9839954239174266,
    -1.6353251766138053,
    -0.14995014580492835,
    -1.284582005537005,
    -2.3942926094881383,
    -2.3999045632221896
  ]
}