{
  "cat_params": [
    -1.627114186913363,
    -0.10107583248872977,
    -0.25642041637357216,
    -0.5858875310223551,
    -0.7503857847202089,
    -2.368337725966198,
    -2.8776534682909554,
    -2.9164589216577634,
    -1.736109213848533,
    -2.5564197301483422,
    -1.8938966360326055,
    -0.711619826148832,
    -1.9758285766076455,
    -1.1098798937787298,
    -2.9247197173657606,
    -1.2416396721899905,
    -1.5744833703219183,
    -1.185281805094096,
    -1.838033432770075,
    -1.806174025072783,
    -0.7337294681220574,
    -2.056513026279784,
    -2.51634417182833,
    -1.3356852959735581,
    -1.734898384281938,
    -1.7618194165422523,
    -2.150745585691711,
    -1.5240603628747544,
    -0.15510681207784968,
    -1.4404175712062561
  ],
  "mood_params": [
    -1.3773180642753562,
    -0.43737222929029795,
    0.10274551313761032,
    -0.5385106749100677,
    0.4377585723299946,
    -1.4702395122138183,
    -1.0711279169281176,
    -1.6726248566297004,
    -0.2041996221044962,
    -1.3440572519249216,
    -2.437478334968352,
    -2.4686586072374
  ]
}