{
  "cat_params": [
    -1.9805050951163687,
    -1.8148604053061337,
    4.503718451700958,
    4.488953583696265,
    -3.430919334130462,
    3.5175684395944797,
    -2.2139495101885616,
    3.5126114556965873,
    -1.27201538891194,
    -2.700369761108482,
    -2.2861364853598,
    -2.48919832074054,
    -3.690066805103547,
    -3.2704372088035485,
    -2.4802411113409764,
    -0.887021831753949,
    -2.794577282630486,
    0.6176599823866747,
    -2.297478329615887,
    -2.8125249020301575,
    -2.6646483674360195,
    -3.8426304587056594,
    -0.8505739522510536,
    -0.6091816115719871,
    0.5500847484449115,
    -2.3659482112739396,
    -2.530763455638538,
    -3.492308673795699,
    -3.527927599840915,
    -2.9714613839984825
  ],
  "mood_params": [
    -1.1130436583692838,
    -1.8754108922927972,
    -0.9400844131314211,
    -1.6899900502600342,
    -1.9375235999940104,
    -2.907807813216719,
    -1.9651211394755435,
    -0.757459071855904,
    -1.7873285246033483,
    -2.5309752599097024,
    -1.305148259852569,
    -4.351613078622218
  ]
}