{
  "cat_params": [
    -1.831958256941711,
    -1.7251770676810332,
    4.5805223389831635,
    4.489364060799253,
    -3.271984150515381,
    3.57456250307664,
    -1.8927862007322147,
    3.5408367112641796,
    -1.0429184927437232,
    -2.477754678438439,
    -2.1522392477334855,
    -2.3991127196861806,
    -3.495729863084739,
    -3.127444001623975,
    -2.2652080684436706,
    -0.7190977811265923,
    -2.6745687741944506,
    0.7604881468828124,
    -2.1041730310567024,
    -2.6467764430082372,
    -2.479886913450043,
    -3.640320089955448,
    -0.8537159141316839,
    -0.5802828337486107,
    0.6307932194273884,
    -2.2094664604860226,
    -2.341628432010549,
    -3.3495175183315613,
    -3.4046732123055845,
    -2.799687204037746
  ],
  "mood_params": [
    -1.053462419664256,
    -1.7995827040126617,
    -0.8782197581227862,
    -1.604299008988123,
    -1.862669841348984,
    -2.763146430246514,
    -1.816933676093375,
    -0.6842675303128674,
    -1.7052735622449107,
    -2.427778995110711,
    -1.2250822102509218,
    -4.234961142227383
  ]
}