{
  "cat_params": [
    -4.283013798896894,
    -2.872587168743198,
    1.1785036881803679,
    3.7416697571587996,
    0.3496713515276658,
    -0.08651045605822934,
    -3.102358507661908,
    0.27054105470623163,
    -0.6083868908437737,
    -1.3406067743216254,
    -2.75096995261629,
    -0.6810133821248971,
    -2.030737032950912,
    -0.5874563277467971,
    -1.5596173903981227,
    6.472812243811494,
    4.533860439363825,
    -0.15247866758766324,
    -1.8257710184160323,
    -1.998387477519433,
    0.29090279678477293,
    -2.7998377918410506,
    -1.6831055530643704,
    0.956141788486431,
    -2.4233478438401606,
    -0.49258988417160526,
    -2.082236706174037,
    3.1276660946757304,
    0.32391410120566877,
    -0.29958810822092335
  ],
  "mood_params": [
    -2.0736163571428547,
    -0.2048286137093076,
    4.273168333952235,
    4.39982723913851,
    5.792217718900103,
    1.1087078836922502,
    0.6382265954912864,
    0.5062182480298704,
    9.959995266055454,
    -1.4361429287748968,
    0.08916695593350615,
    -0.9102237495829997
  ]
}