{
  "cat_params": [
    -4.460511236404987,
    -2.9622050172637144,
    1.090085332824945,
    3.7416542422337162,
    0.16104553612121605,
    -0.1602591123976554,
    -3.4420764334594867,
    0.23005039331390031,
    -0.8380606135819693,
    -1.5581765416742845,
    -2.8784787919779498,
    -0.7931928788923007,
    -2.224455165234887,
    -0.7547982009579222,
    -1.7732692587780559,
    6.22496604291566,
    4.389536815006635,
    -0.29872319528194063,
    -2.0213253031793257,
    -2.1607711881081015,
    0.098474208818525,
    -3.0092881804842833,
    -1.6835757691106794,
    0.9361570575099766,
    -2.4592834156857446,
    -0.6668539134890432,
    -2.2732132891541927,
    2.9725579670386395,
    0.17262496131151459,
    -0.4877692318391692
  ],
  "mood_params": [
    -2.131787093404901,
    -0.28614570393224953,
    4.17795233601854,
    4.280975301657989,
    5.664697439598641,
    0.9383426113683053,
    0.4853766988468003,
    0.42688963096590443,
    9.79403351018615,
    -1.5321595494709352,
    0.005383749446616925,
    -1.0376826384993394
  ]
}