{
  "cat_params": [
    -0.40251242996740005,
    0.8664071420505599,
    4.7006882838858655,
    5.617429595506502,
    -0.7549029416120595,
    0.73312174512058,
    -1.1815942393227357,
    4.674951615677501,
    -1.193420624040598,
    -2.4784312008112557,
    -2.8659393844775707,
    0.8038356243134945,
    -2.235438645851106,
    -0.7464967999516747,
    -1.6070452895543956,
    -2.201100282224732,
    -1.2035454103236913,
    4.6708051249467815,
    -2.496065717994148,
    -0.38906385834179846,
    0.3552883015459742,
    -3.297076507923852,
    7.485897075900729,
    -0.36039173085649656,
    -0.2303931873533462,
    -1.4385847251788635,
    -0.4954649962553459,
    -0.551306695524322,
    -1.3894828892143147,
    -0.4960178409309312
  ],
  "mood_params": [
    -2.7043312520161815,
    -2.7721373300868044,
    0.8236513657893759,
    -1.2339180827462295,
    0.45650957709579804,
    -2.4166880069427927,
    -5.22309312645429,
    -2.75113544671771,
    -0.9127979850202291,
    -1.3521698246890244,
    -1.0675951515021853,
    -3.4616769973771757
  ]
}