{
  "cat_params": [
    -0.3328411386415335,
    0.8926027452510499,
    4.8689170231852,
    5.718878127609109,
    -0.7377685266265006,
    0.8569027132415873,
    -1.0728049198270089,
    4.676755940533442,
    -1.1187926396278807,
    -2.4402457728514957,
    -2.888692908421055,
    0.39926309207503746,
    -2.3200195343994885,
    -0.8827011820645384,
    -1.4157708918531025,
    -2.26800440621916,
    -1.2320280355657998,
    4.807429519814251,
    -2.372140934058002,
    -0.30144193772082295,
    0.3591929971494237,
    -3.4761083080767157,
    7.367197616688027,
    -0.3729870171089727,
    -0.09001135764126812,
    -1.5972042375914774,
    -0.3974368547530318,
    -0.5979655021166582,
    -1.407956227435387,
    -0.4881557148457997
  ],
  "mood_params": [
    -2.6545957988269144,
    -2.7754089072574994,
    0.7998037627022333,
    -1.1496588130331162,
    0.5200026154456416,
    -2.3364313938950083,
    -5.0945472946163255,
    -2.662304445208486,
    -0.9208827404182174,
    -1.2870804803791485,
    -1.0892193725353483,
    -3.325979445382839
  ]
}