{
  "cat_params": [
    0.3314981642024424,
    0.13261945723868818,
    -1.131704730071848,
    -1.0068032536517848,
    -1.2793034682708522,
    0.9768187124577449,
    0.9092561536879237,
    1.3404725552620214,
    -1.729532565687915,
    0.5629767358946878,
    0.1641797087833545,
    0.3973194611558071,
    -0.872965660829259,
    -1.8641364352864944,
    -0.44778770716463706,
    -1.5142074204907092,
    -1.232041811198781,
    2.812989392362903,
    -0.5446044455302911,
    -0.15118540399520677,
    -1.1343624377993682,
    -2.0264973893641867,
    -2.0407536091167784,
    2.066364866511853,
    1.7251624910520693,
    -2.402746846165246,
    1.620640031383917,
    -1.528740642637375,
    -1.28101714811467,
    -1.2232192920229437
  ],
  "mood_params": [
    -2.7657910178933163,
    -0.13315589350409607,
    0.7154869400947169,
    -0.17982838095577972,
    -1.8604396734761794,
    -2.0400449198909634,
    -3.063352430834744,
    2.043172254721693,
    -2.641839367762362,
    -0.991744833896186,
    1.643076626599912,
    -0.26613141202326884
  ]
}