{
  "cat_params": [
    0.20644080307120524,
    0.040785205900614775,
    -1.2274774313896988,
    -1.0044120967642856,
    -1.455286492856076,
    0.9077549362398155,
    0.6226458785135647,
    1.3038792368385612,
    -1.9627195242917277,
    0.35683785263143364,
    -0.0011980485129859772,
    0.2719169747694857,
    -1.0649126978694707,
    -2.019978371622779,
    -0.6564910435037572,
    -1.6749711232138698,
    -1.3577992989224956,
    2.6738089689844093,
    -0.7427070401569386,
    -0.30039167018300095,
    -1.323686784482282,
    -2.2407413270486325,
    -2.0428070817349337,
    2.0529792973343315,
    1.6275791190065252,
    -2.5589209888509026,
    1.426774551557244,
    -1.6759105596106663,
    -1.420784734559918,
    -1.405936323321521
  ],
  "mood_params": [
    -2.8226460557982533,
    -0.21468833127214362,
    0.6429043699024449,
    -0.2740044440234116,
    -1.9360595272379302,
    -2.1906376887676933,
    -3.2111229572278335,
    1.9567665101168725,
    -2.7180312735793213,
    -1.0842213427851406,
    1.5557394594377008,
    -0.395469373436815
  ]
}