{
  "cat_params": [
    6.130192713174385,
    4.215136963894623,
    -0.8343503612563827,
    -1.4042512610106173,
    4.368662260338288,
    -1.923361812964483,
    6.379189019023781,
    -1.4191880467967504,
    4.8728371370088075,
    5.281245292640203,
    4.897714750056502,
    1.690866188424876,
    6.346413629770252,
    6.234819806683408,
    3.29289719592818,
    4.547497133608252,
    3.236657285144167,
    0.6181435170615075,
    4.5326678894940375,
    1.8085185397118577,
    4.929084380756608,
    5.793716253527514,
    1.824377437537157,
    -0.2115322659894836,
    -1.3168195395352569,
    2.2321336784632133,
    7.617411075669651,
    4.757582837675106,
    6.566103156163353,
    4.125655996642582
  ],
  "mood_params": [
    5.639128113712047,
    3.215409387541146,
    0.07614763417202382,
    1.3714150979617408,
    -0.2998931347583114,
    5.81517108049229,
    4.7449759883365745,
    2.9929839357236685,
    2.412646881311919,
    0.7772094251558497,
    1.8248655032521042,
    3.2178012877013082
  ]
}