{
  "cat_params": [
    6.069945528609936,
    4.11951760949246,
    -0.9299542808637352,
    -1.4016427926081463,
    4.147275368772458,
    -2.005822526408505,
    6.162472023778097,
    -1.4661837477723654,
    4.658417324470354,
    5.101671149168963,
    4.669468928369675,
    1.5485845134625056,
    6.16390183841223,
    6.0045681457933116,
    3.09909847975827,
    4.31914664670954,
    3.095415897333092,
    0.4725036171147821,
    4.322785401580283,
    1.6720422307386131,
    4.724935237142071,
    5.529084734495266,
    1.839493254365258,
    -0.2386742588763363,
    -1.3698055308243886,
    2.0305555417702923,
    7.4172417024054615,
    4.598432083242582,
    6.368745204713497,
    3.9096926436622277
  ],
  "mood_params": [
    5.5657726867953174,
    3.123124439106921,
    0.007058334027178799,
    1.2680777756589812,
    -0.38684126861884965,
    5.613872752547671,
    4.585208235023723,
    2.901554864719091,
    2.299647273120859,
    0.6981108157581132,
    1.736407242311368,
    3.0772012834430553
  ]
}