{
  "cat_params": [
    1.0978599709670689,
    0.9119204475112559,
    -2.675213532847966,
    -2.8176386806206875,
    1.4341541747927409,
    -2.2900980577449253,
    -1.3658396275763822,
    -4.0236601372342875,
    0.4807644020796619,
    0.6402662598837667,
    1.0148548589954804,
    3.392501047352485,
    0.33948370807022366,
    0.005786805007833486,
    0.8146586186869333,
    3.2609449768087666,
    -0.852470523611396,
    -2.1762269708584348,
    1.8469578810460798,
    0.9439514705698788,
    -0.3213510429460175,
    1.3418126257585026,
    -0.09947850119878461,
    -3.0211062206884356,
    -1.8111850019074869,
    -0.337700150343848,
    1.596506957204304,
    -0.6219863869793486,
    1.442804622909496,
    -0.42644626880621034
  ],
  "mood_params": [
    0.9907114279101938,
    1.6431629148423617,
    0.33191704190117555,
    1.5700697689412604,
    0.6674472153557698,
    1.9735286586742886,
    2.603682295544482,
    -0.11127001390906277,
    0.445904629839137,
    1.7314579751345565,
    3.3076207637945414,
    1.422237026265601
  ]
}