{
  "cat_params": [
    1.027200169465183,
    0.8351322969823294,
    -2.775678356349786,
    -2.815480223841336,
    1.4155512806269996,
    -2.295271148774851,
    -1.421317130436426,
    -4.167059770533676,
    0.6373644351721592,
    0.5829655072833362,
    1.7360677959255986,
    3.9185074817961767,
    0.2753774546008352,
    -0.13050011792836283,
    0.7109508687477863,
    3.132127228464939,
    -1.0293724024409985,
    -2.3207195471666275,
    1.5825309833853243,
    0.8543623860301424,
    -0.4655810544393887,
    1.4089506721551173,
    -0.051751938901184284,
    -3.0483241761400834,
    -1.8039393876872232,
    0.16115848411361722,
    1.4024951224278919,
    -0.7687226327197435,
    1.3165530983244595,
    -0.41551693250788285
  ],
  "mood_params": [
    0.9646549502153099,
    1.569746428319631,
    0.20258053742484833,
    1.4299287130596399,
    0.47010934197870236,
    1.6921045074412253,
    2.3207681546562577,
    -0.3401419383981379,
    0.30132912319088023,
    1.784432465532556,
    3.0967611212766974,
    1.4027904002985911
  ]
}