{
  "cat_params": [
    -2.3292805076803678,
    -2.5525676631357226,
    -0.8900317073140681,
    0.028908305044564514,
    -1.2068998615233217,
    -0.32371554195306734,
    -2.5041369927191535,
    0.9323120055598801,
    -2.8284473133965626,
    -2.043132207645629,
    -2.4655189653752405,
    0.9583497476068977,
    -1.6238572935794893,
    -2.0751078769745246,
    -2.599242107790414,
    -0.02348739477244322,
    -0.561912477238131,
    -1.3556272737612174,
    -2.132968293371533,
    -2.619399623075873,
    -2.073592439943224,
    -1.8124967673390808,
    -1.9983243279306047,
    -0.7697741545643701,
    -0.5616073035461255,
    -1.2618541372351857,
    -1.4624346284004153,
    -1.5259263845803066,
    -1.3762366719697217,
    -1.6103235417756678
  ],
  "mood_params": [
    -1.9663228686287373,
    -1.9095774049916383,
    1.576003214971784,
    -0.41730770925712235,
    1.066663184861008,
    -1.4685487052112345,
    -3.261548415628433,
    -1.2939824177460204,
    0.5851301425389662,
    -1.8086816755497632,
    -0.4719392353532041,
    -2.248463083445885
  ]
}