{
  "cat_params": [
    -2.228945839638127,
    -2.5010011825526868,
    -0.8337141917673035,
    0.027827319211042582,
    -1.1072513338386936,
    -0.27976671686900006,
    -2.2998117373635805,
    0.9529889790797869,
    -2.6874147635022023,
    -1.90967774809055,
    -2.401672706349764,
    1.0412940523522771,
    -1.5105681322386895,
    -1.9925449940163618,
    -2.4679065454351212,
    0.08060382428505845,
    -0.48795507682303846,
    -1.2676721455384417,
    -2.0210177262566074,
    -2.5152134541704343,
    -1.9662074930138413,
    -1.6909268945994718,
    -1.9935634009489405,
    -0.7503694540777843,
    -0.5275577280330787,
    -1.168746078567225,
    -1.3513522286484525,
    -1.4411802799841804,
    -1.2988306931488771,
    -1.5086533807604943
  ],
  "mood_params": [
    -1.9338355571188786,
    -1.8674854879068112,
    1.6259563364688383,
    -0.36387274655632196,
    1.1256712919693246,
    -1.382090497726656,
    -3.1774257853945076,
    -1.2549311583260057,
    0.6450427940089367,
    -1.7455344440902811,
    -0.424247802814395,
    -2.179064762248508
  ]
}