{
  "cat_params": [
    -4.3423503219615665,
    -2.786138513067461,
    1.2444383252835056,
    -0.03318117470377094,
    -3.5527153935900238,
    1.763470724226271,
    -4.130004336502373,
    0.031125540882522205,
    -1.6336960564245417,
    -3.4485504558532014,
    -4.645533324657809,
    -3.1565349740810915,
    -5.148671955773086,
    -2.9776914912557366,
    -2.6861770298716277,
    -1.9435829577771508,
    -4.167033155612925,
    0.11026471729203813,
    -3.576361607996465,
    -4.046275977247345,
    -4.188089503498265,
    -5.819683359836178,
    -3.9677013663975362,
    0.7601574368707017,
    0.83218911595875,
    -4.58312553954352,
    -4.732234754856047,
    -4.054789512796911,
    -3.331497516831533,
    -2.8609839109204303
  ],
  "mood_params": [
    -2.149662777345886,
    -3.5937526973098355,
    -0.7726375956065092,
    -2.0576411562469614,
    -1.0049236259923167,
    -4.336289149755116,
    -3.7949590922791763,
    -2.2855384638124994,
    -1.8173218002779832,
    -3.583361858495201,
    -2.478918723438095,
    -4.55757504846949
  ]
}