{
  "cat_params": [
    -4.165105665590299,
    -2.695615983679597,
    1.3331422222762943,
    -0.03509571306667396,
    -3.3915570756023112,
    1.8293973040186617,
    -3.778810937547773,
    0.07268692347159471,
    -1.3996207926290183,
    -3.2179393110955177,
    -4.53988556945527,
    -3.07266581490351,
    -4.948881240869364,
    -2.8290846594694785,
    -2.466743303246843,
    -1.7842677211430755,
    -4.049252309997023,
    0.2567654635590641,
    -3.382222266273205,
    -3.8692956638351137,
    -4.00339538606544,
    -5.625835913595788,
    -3.957222869132746,
    0.7813974592065621,
    0.9183908381108452,
    -4.444780225057411,
    -4.541551516610471,
    -3.910415903902988,
    -3.2042796337352337,
    -2.6853134437383774
  ],
  "mood_params": [
    -2.091000922224748,
    -3.521710068852626,
    -0.7085403611006013,
    -1.9723203844621437,
    -0.9221959582651165,
    -4.1978674115113215,
    -3.6467065497290476,
    -2.218104605463667,
    -1.733860058360495,
    -3.4704262337689995,
    -2.4001234724888043,
    -4.439313882426028
  ]
}