{
  "cat_params": [
    5.053385250974886,
    6.2483802827710315,
    3.1329960856624544,
    2.296352793095282,
    4.02606028001809,
    1.3127249618952315,
    5.346378245400731,
    1.107813423606446,
    3.2145762787618235,
    5.59149291551568,
    6.300827814992041,
    -0.5144183645498004,
    5.096616557055363,
    7.186073135195567,
    3.5033472315908534,
    2.625835710634839,
    4.709026264379118,
    3.8870819839463473,
    4.492603405375869,
    2.57865042278593,
    7.9629598513182955,
    3.3734793872339863,
    1.2898026852074544,
    3.559923273569412,
    0.08129359807433924,
    3.1933620249074024,
    5.81204288933665,
    4.580949088221377,
    5.058968134064067,
    4.473706276658229
  ],
  "mood_params": [
    3.685548740862133,
    2.600264870636539,
    2.116519554068228,
    3.8784570657139104,
    2.362036508370829,
    6.566170504199933,
    4.889738220542507,
    2.220708845597601,
    4.576303166010502,
    3.923114028902404,
    1.3066206044963167,
    7.78672091553655
  ]
}