{
  "cat_params": [
    4.983084594048294,
    6.152816279628725,
    3.051584125458119,
    2.297053801387841,
    3.8104835522748695,
    1.2457655574363664,
    5.121050415835644,
    1.0707256135684726,
    2.9988207205343795,
    5.417333092854021,
    6.057121977439158,
    -0.6276149132564447,
    4.91542371606022,
    6.95017897708038,
    3.3139888771479895,
    2.4214418406096505,
    4.565242667782498,
    3.751701744894555,
    4.286176760369557,
    2.4501787582099235,
    7.75545377741448,
    3.12769399551657,
    1.3024336960339533,
    3.5556338652717634,
    0.008750815527589674,
    2.9857135078608037,
    5.616546564202495,
    4.424638127006467,
    4.874954573083854,
    4.258903565230846
  ],
  "mood_params": [
    3.6169595023677656,
    2.511216919365322,
    2.0356028231924577,
    3.76322410872628,
    2.258530734342337,
    6.362925941554084,
    4.732347746911098,
    2.134140919188148,
    4.4495010523543845,
    3.870509500744349,
    1.2207642747934089,
    7.634996970351029
  ]
}