{
  "cat_params": [
    -1.5629111140621086,
    -2.7341426568008833,
    -0.5198506006203139,
    -1.659356476507206,
    -0.5836250430742482,
    0.7886882786632743,
    -1.7265739534398565,
    -1.4692171035662882,
    0.6938255350982725,
    -1.6181021370977622,
    -3.3639270927691514,
    -1.674833351537187,
    -2.2077803099452944,
    -0.20736792378661686,
    -0.26556318927030137,
    0.8624934556160668,
    -2.9374690529499823,
    0.16219014287651723,
    -0.9039992092414988,
    -2.6251234316076597,
    -1.0480584715322467,
    -2.1132338610851646,
    -1.6265574214342586,
    0.6297902699108184,
    1.8804174926143624,
    -1.5364920883178796,
    -0.8399998641714821,
    -2.8754497103213117,
    -1.358304470154383,
    -1.139001963233629
  ],
  "mood_params": [
    -1.852554088217993,
    -0.8534941597552167,
    1.9931617146437202,
    0.6292241832179781,
    3.280780969747641,
    -0.00980835014922616,
    0.09840923906949434,
    -0.06290023463439795,
    0.2028244252056731,
    -2.5152470603115997,
    -1.5469862252606055,
    -1.1348161036098214
  ]
}