{
  "cat_params": [
    -1.6305623602944006,
    -2.7956656452446236,
    -0.838538699231466,
    -1.8133543202120306,
    -0.5417770722198386,
    0.7467970360799439,
    -1.7631134325938718,
    -1.645750470613412,
    0.33340501932250516,
    -1.5714442685737002,
    -3.433485179238818,
    -1.304304774607769,
    -2.1152967874779507,
    -0.43960853938456573,
    -0.22850504659469772,
    1.064377712875897,
    -3.0596744069158155,
    -0.22590509475559403,
    -0.668201103638366,
    -2.6018801574027424,
    -1.276238020394184,
    -2.050708738226853,
    -1.4307629499009833,
    0.6305546517172236,
    1.6946303520061448,
    -1.1825312413404245,
    -0.8504116351414523,
    -2.9151204642804407,
    -1.3250618868011608,
    -1.312691539934088
  ],
  "mood_params": [
    -2.001948825929782,
    -0.8830213347065511,
    1.810998292319909,
    0.3945753667232641,
    3.069108623418585,
    -0.18008657584741988,
    0.290350326240956,
    -0.2773341727471154,
    0.07030761964500919,
    -2.5629471495436236,
    -1.294103141627173,
    -1.3826410931096915
  ]
}