{
  "cat_params": [
    -0.7981311811147688,
    -0.6842906116613545,
    5.243204062077301,
    4.363425555536238,
    -1.422286891947516,
    0.849501095054827,
    0.9076571328464967,
    1.0514289041259661,
    2.8608805052983284,
    -1.0995028376025842,
    0.16140953323099885,
    -2.097756810426671,
    -1.642369388954589,
    -2.1960478117987243,
    0.16123817791306352,
    1.2531668312259001,
    0.2973190749552074,
    1.5304280616970403,
    -0.5415297024121523,
    0.6702396780350642,
    -0.34148539358259433,
    -2.372681629838361,
    1.349316851095486,
    -1.8062014202266687,
    -0.026791007986721505,
    -1.9234865136961214,
    -0.6328118750734361,
    -0.6477674892934546,
    -2.2437870036000995,
    -0.18825294615408522
  ],
  "mood_params": [
    0.814611955684875,
    0.587663176937853,
    -0.4456579603319736,
    1.841120463609057,
    -0.007543443271347912,
    -0.39353388439107895,
    0.2323470187960943,
    1.2239070853237757,
    2.3774982152753688,
    1.043940316323693,
    0.1247278908603098,
    -2.447501695622146
  ]
}