{
  "cat_params": [
    -0.9327079087839464,
    -0.7731596660482563,
    5.170099199620635,
    4.363046472929735,
    -1.5923719579175815,
    0.7817659844882615,
    0.628717473031285,
    1.0148509469252778,
    2.647944358557641,
    -1.3102285340764277,
    0.0002722016992633755,
    -2.1894592706921787,
    -1.8305841392862843,
    -2.344453749194991,
    -0.039430598892047045,
    1.0667961788585838,
    0.1699781734523758,
    1.3919496530231246,
    -0.7345083020018224,
    0.5307083274985788,
    -0.5275968772918591,
    -2.5789382872767135,
    1.3620909440184596,
    -1.8419444183790095,
    -0.0964869300429294,
    -2.0795910386756455,
    -0.8199587469587424,
    -0.7925817400046479,
    -2.372806391623082,
    -0.37220038841143843
  ],
  "mood_params": [
    0.7525509489850187,
    0.5060751739937425,
    -0.5091013441840857,
    1.7385057212968902,
    -0.0934570752747685,
    -0.5502573584369229,
    0.08396823095736236,
    1.1432568714714921,
    2.267997838078658,
    0.9698585363951281,
    0.04301597014768146,
    -2.5671245882133746
  ]
}