{
  "cat_params": [
    -2.4136065894146577,
    -2.282669506262677,
    -4.870216065834674,
    -4.458423175150247,
    -1.40834236626275,
    -1.4472753585105345,
    -5.268440322389438,
    -5.323159444664525,
    1.4299455260334961,
    -4.172449027139528,
    -2.104140145162588,
    -0.20838562900656443,
    -4.305471158581405,
    2.6749785080383433,
    -2.4494397255878706,
    -1.1492174541710243,
    -5.3555031537344995,
    -6.1581686250537375,
    -1.2223891925475097,
    -2.212288225053154,
    -3.8331269275147544,
    -1.0811467274658069,
    -3.2898120548051804,
    -5.0759240116928295,
    -1.502249474663327,
    -2.8654301620611626,
    -4.466730381270514,
    -3.091048148668059,
    -3.380374480880102,
    0.3150236551351947
  ],
  "mood_params": [
    0.11979012605915514,
    -4.035308710289244,
    -4.359951898613714,
    -5.213517245248643,
    -4.447316535875478,
    -3.9846053487058217,
    -2.448210015532774,
    -2.675611711772183,
    -5.105454358158692,
    -4.024572363916495,
    -1.435305439277542,
    -5.495101882881814
  ]
}