{
  "cat_params": [
    -2.269226107937453,
    -2.199841695803721,
    -4.770181232498129,
    -4.462416353317931,
    -1.2468737760233357,
    -1.3736828420159246,
    -4.928270300287008,
    -5.265796324501107,
    1.634500406794992,
    -3.9558162798500724,
    -1.9795764026718548,
    -0.09863796133355202,
    -4.123690741236361,
    2.859659445313037,
    -2.249136989432876,
    -0.9968934604075771,
    -5.252996522042124,
    -6.009558501744865,
    -1.0410945553464508,
    -2.0612213774141193,
    -3.664546737456712,
    -0.8777966583673581,
    -3.281710602993804,
    -5.02244129876,
    -1.457678258112934,
    -2.726533908607061,
    -4.29277582417261,
    -2.9582112076943257,
    -3.2666932640264528,
    0.4928053588892147
  ],
  "mood_params": [
    0.17730616383498582,
    -3.9718174198391765,
    -4.324838480285307,
    -5.15369806980022,
    -4.395900499271854,
    -3.858409306581668,
    -2.3114783564826538,
    -2.616778956794185,
    -5.053991851091154,
    -3.9155222990923257,
    -1.3614783321851955,
    -5.3910497220726326
  ]
}