{
  "cat_params": [
    -3.431684817350405,
    -2.2640158674391326,
    -1.199727546486769,
    -2.2011757274400225,
    -2.2683106815410117,
    -0.8814504411867977,
    -2.4963434035753482,
    0.8437925396310574,
    -3.1393728481126666,
    -2.2521434508858253,
    -1.6540077541938105,
    -0.9804031854076364,
    -1.423665428210123,
    -2.1798236142288627,
    -1.1818785793696294,
    -2.8722996928588125,
    -1.7570962643429262,
    -1.3295524249511443,
    -3.467599002328149,
    -1.562405783018035,
    -2.853785429456451,
    -2.034807823542052,
    -2.330220884623711,
    2.5149438749806317,
    -0.496577528394423,
    -1.232096344834267,
    -3.2889868817771633,
    -1.9993451377732792,
    -2.3017566615500593,
    -1.9360873574288031
  ],
  "mood_params": [
    -1.491770695722636,
    -1.6647961936933764,
    -1.5941256864111384,
    -2.509640348180109,
    -2.9547673649947677,
    -3.587590026302832,
    -3.642423630376299,
    -1.478600280083657,
    -2.453518731872777,
    -1.567022877383495,
    -0.8899795068833862,
    -0.9005309000497982
  ]
}