{
  "cat_params": [
    -3.3189630140412323,
    -2.2122364167944357,
    -1.1424272699207259,
    -2.203387561432276,
    -2.176964405332128,
    -0.8350550929078168,
    -2.292119975399489,
    0.8647907847579117,
    -2.9973690217453255,
    -2.117441385410934,
    -1.579480906724158,
    -0.9215278626726667,
    -1.3106820416646183,
    -2.098212551727699,
    -1.0568234662010594,
    -2.7996114693600647,
    -1.686999773582957,
    -1.2416592625682095,
    -3.358308378918025,
    -1.465706515266486,
    -2.7481034594041054,
    -1.9146245402413944,
    -2.323997174788519,
    2.5149395907891834,
    -0.46154701883929133,
    -1.1387037745345812,
    -3.1793306275348474,
    -1.9154074925167166,
    -2.231042890047652,
    -1.836355845249609
  ],
  "mood_params": [
    -1.458379628818055,
    -1.6219665915946913,
    -1.5644695691154928,
    -2.46754026297838,
    -2.9232188856217616,
    -3.5145223639182825,
    -3.5588243618129494,
    -1.4404030528906069,
    -2.415407362487886,
    -1.505785505703566,
    -0.8432463697061803,
    -0.8271886206196791
  ]
}