{
  "cat_params": [
    -2.970285294124711,
    -2.6484647802773975,
    -2.6408051036490985,
    -2.9067963530970897,
    -0.3053411312354831,
    -0.5651075868528846,
    -6.005957005708836,
    -3.18284036038188,
    -0.9422257975223575,
    -6.506640457277459,
    -6.3947087820061235,
    -2.862150992351536,
    -6.353855704915324,
    1.1169945323474433,
    -5.347871554227871,
    -7.211561748572847,
    -7.251538077850771,
    -5.196490915882735,
    -5.173716906411649,
    -3.5483682095845084,
    -2.913176332981636,
    -5.351467398378487,
    -4.1949861836196405,
    -1.2352018967476597,
    2.4373775250515877,
    -5.427050084577505,
    -5.5443122792561566,
    -4.282369164953547,
    -4.419262043064084,
    2.458433183230055
  ],
  "mood_params": [
    -3.735142814648976,
    -5.774093352940371,
    -1.7832312298448971,
    -5.924225501272271,
    -3.3326148627563525,
    -7.554068585507985,
    -7.434575866497061,
    -5.754470840953953,
    -5.613550968448976,
    -4.162012414056012,
    -6.20842167532572,
    -6.333551149521962
  ]
}