{
  "cat_params": [
    -2.749511149385918,
    -2.696153315191041,
    -2.604990110760901,
    -3.0297067794206174,
    -0.38359016896648984,
    -0.4863575019866831,
    -6.345327725421251,
    -3.1268333785894833,
    -1.0503680477057764,
    -6.592383106481391,
    -5.849425794536539,
    -2.4421638596429394,
    -6.279497433623174,
    0.9243090542416885,
    -5.580362647357857,
    -7.255385642353742,
    -7.3477485827313,
    -5.391972070075521,
    -5.292672945401431,
    -3.3448062930578026,
    -3.027740040629873,
    -5.3152976297913295,
    -4.081412473782179,
    -1.3467221391436104,
    2.245240672446703,
    -4.886035936402584,
    -5.735028594382252,
    -4.292722687042973,
    -4.44592254246691,
    2.365458452201307
  ],
  "mood_params": [
    -3.622710523640643,
    -5.803446905348695,
    -2.0056893918920444,
    -6.117289912231759,
    -3.596645010966263,
    -7.784633789737422,
    -7.386090978505415,
    -5.807180626972804,
    -5.766896597650148,
    -4.2640127459602235,
    -5.826448841126508,
    -6.516720416582868
  ]
}