{
  "cat_params": [
    -0.88640756836896,
    0.20334056434668502,
    3.0362084089935806,
    4.445496263239581,
    -0.002539580100751288,
    1.6865810630507658,
    -1.3655200043637663,
    1.0685610504507153,
    1.0627661585854244,
    -1.4925601465930303,
    0.06509670200732744,
    -1.807480429855171,
    -1.8281354555096432,
    -0.7050325035523276,
    0.1425459984041287,
    2.9054429373648363,
    1.4335963920983747,
    2.1769656293645716,
    -1.311212193745102,
    -0.18708506662224503,
    0.5145815128378529,
    -2.8713372599925515,
    0.7775461360271319,
    -0.3365024315670248,
    -1.5198083019158906,
    -1.2748578821521102,
    -0.6549690311877928,
    0.2088066412465213,
    0.1551758418899179,
    -0.8625395020091239
  ],
  "mood_params": [
    -0.9675013227772112,
    0.3808156226393494,
    2.9515109961533295,
    3.7026636899915144,
    2.056812495222314,
    0.4384255982099297,
    0.1602419008891972,
    0.9301184627580871,
    4.297684618224231,
    1.8521230267552227,
    2.3433493293924665,
    -1.3627224681039132
  ]
}