{
  "cat_params": [
    -0.7534640876948595,
    0.2921281736989409,
    3.1152819620581758,
    4.445933598183239,
    0.17834383192180672,
    1.7497089131369303,
    -1.0631000501156556,
    1.1045829780677157,
    1.2786701550931954,
    -1.2825659082150687,
    0.22564203698140534,
    -1.7121020721893971,
    -1.6415874268949338,
    -0.543247088209048,
    0.3406102333063818,
    3.110515288943172,
    1.5638821039434883,
    2.3123068269417484,
    -1.1211268897307693,
    -0.043754582533736465,
    0.7012883019874001,
    -2.668898479576169,
    0.767409060808468,
    -0.309877857097017,
    -1.4722204464750244,
    -1.1126377677769996,
    -0.4693775608386988,
    0.3540200194408178,
    0.3011634203424028,
    -0.683179762533365
  ],
  "mood_params": [
    -0.9092598079701195,
    0.4613080699329369,
    3.036512982906975,
    3.815083082603864,
    2.1566325980425214,
    0.5999599045460163,
    0.3073957530713697,
    1.0091068077123093,
    4.4209111696022925,
    1.9184989907916346,
    2.429602450631772,
    -1.2407158159217373
  ]
}