{
  "cat_params": [
    5.831371219885482,
    2.277812776435954,
    0.34655076427043435,
    -1.6053126156915378,
    3.369165384091572,
    0.36994924404203516,
    -0.21080530043022877,
    -3.7993121903844576,
    0.20656709782286847,
    1.2208292834396486,
    1.216985585197086,
    -0.04296816836771213,
    1.4214270644258127,
    5.230448891280964,
    -1.1331858715838736,
    0.4487109661254262,
    -1.3415018954077675,
    -1.7405479889128352,
    2.859709197398517,
    -0.9021735437448564,
    3.129043475203085,
    1.6339198754770146,
    -2.6388180456470973,
    -2.6274035051733438,
    1.0680954742262747,
    -0.7722761329838986,
    3.628177055364128,
    0.07135406860277083,
    3.9464069852307295,
    2.9534463692501425
  ],
  "mood_params": [
    2.3089291865955754,
    0.3766731110791405,
    -1.5861700730662314,
    -2.865270760313086,
    -3.061722794005485,
    0.7659376548914334,
    -1.471144592365791,
    0.02836532419144995,
    0.5792613773564513,
    -2.3297999612707754,
    -3.245443076992432,
    0.7213962708823477
  ]
}