{
  "cat_params": [
    5.71390860626752,
    2.3779619476614835,
    0.1895554862828992,
    -1.6984732166618568,
    3.4894212439118233,
    0.3135975404124941,
    0.053494449385452475,
    -3.7813066662095665,
    0.24491498234808687,
    1.4442780527982952,
    0.8123385543318908,
    -0.35654859284686097,
    1.6184523862188132,
    5.443102092372917,
    -0.8798871530533147,
    0.6447630955042368,
    -1.1006480080544856,
    -1.6319513732375899,
    2.9903014166634154,
    -0.7197410992674791,
    3.2723201666959096,
    1.6051800611938805,
    -2.608548304484494,
    -2.6112263276672154,
    1.1503978962887986,
    -1.054616446816447,
    3.855798225221546,
    0.3187564759789304,
    4.151715414591784,
    2.996175494611914
  ],
  "mood_params": [
    2.257764420295121,
    0.4276054229632027,
    -1.3868403810067724,
    -2.731705417557778,
    -2.8046013329873745,
    1.0294875193404804,
    -1.2097948388999151,
    0.07971326280915408,
    0.8245442819554002,
    -2.2619253056302893,
    -3.03710350564162,
    0.9295036564291719
  ]
}