{
  "cat_params": [
    2.3369631073914734,
    4.242369787410874,
    -2.8047117027466997,
    -0.9024950219850434,
    4.337849839533813,
    -0.8097146552467447,
    2.26641457761935,
    2.72956651706122,
    0.017824665372868073,
    4.2085199217271905,
    1.9346094989902138,
    3.146096891393768,
    2.2294646323973355,
    1.948295157770672,
    -0.08150206488336093,
    2.819285443679507,
    4.340137645775994,
    1.8516996532600971,
    -2.729113871006026,
    0.7165394453923098,
    3.467507028286625,
    3.6962329041768767,
    -1.0204083719160868,
    1.5183324071922206,
    -2.4486339816493,
    4.077286823630312,
    2.902409338671138,
    6.461343851645756,
    3.075612258533039,
    6.155016151057468
  ],
  "mood_params": [
    0.4796082231011166,
    0.49587083671203125,
    3.3398513050066745,
    1.725007570201708,
    4.120039520757012,
    1.248430902610692,
    0.547867726894573,
    -0.9473188411399427,
    4.802876249026773,
    0.8320763980841929,
    0.2717622717246609,
    -0.3481671826744596
  ]
}