{
  "cat_params": [
    2.239139751975124,
    4.150668792147991,
    -2.9026310366345234,
    -0.900221609205706,
    4.124683691317474,
    -0.8841189688712384,
    2.0080723114149714,
    2.6994637704076156,
    -0.20203033205733198,
    4.0314992646553165,
    1.751864017852532,
    2.9911451702137652,
    2.0488383272382737,
    1.7640667056944208,
    -0.2814450373871662,
    2.617388371934441,
    4.200912424123187,
    1.7152612335723796,
    -2.9160008016228227,
    0.5786326950819884,
    3.2747753883510287,
    3.4543398687596323,
    -1.0181857076713379,
    1.5025747076551048,
    -2.4817121115092307,
    3.8659162209162425,
    2.7141872799359064,
    6.3057187491526365,
    2.9097073405720826,
    5.935202457203473
  ],
  "mood_params": [
    0.4187267223333418,
    0.41527454227888083,
    3.252919525999483,
    1.6238498193231157,
    4.00690356573388,
    1.0828245411326258,
    0.4003838949439188,
    -1.017298540564862,
    4.676928748762974,
    0.757045902238917,
    0.19044436601572481,
    -0.47277775279099343
  ]
}