{
  "cat_params": [
    -2.370739930846472,
    -0.01429832750413091,
    -1.8062988177133683,
    -2.021042347888651,
    0.34763628409612657,
    -0.4088002865458017,
    -1.9518952200951936,
    1.0278680746472746,
    -2.326277930264948,
    -1.7236293889333736,
    -2.3777856134450395,
    0.005110360580776252,
    -2.7881277344238833,
    -1.8804752920127437,
    -3.4757612028840925,
    -2.384756745827329,
    -2.28366485255742,
    -1.2819497472007084,
    -1.856033403047006,
    -2.8045787552912693,
    -2.046194440202903,
    -1.4449946783951648,
    -3.542950781549803,
    -0.4155435159155209,
    0.43534673541482116,
    -1.523206267475178,
    -1.2976041005200007,
    -2.0467883196949375,
    -1.6463478989309108,
    1.1494730557990296
  ],
  "mood_params": [
    -1.9307536701275023,
    -1.9657861126187635,
    -0.7250530479702274,
    -1.4733097740703083,
    -1.2011867572896058,
    -3.114915577870795,
    -2.5041091262804076,
    -0.5880239825985955,
    -2.0017160541034706,
    -2.7635045985916324,
    -2.3593281844852614,
    -3.936627906659766
  ]
}