{
  "cat_params": [
    -1.8575118012938823,
    0.6923583830165542,
    -1.554596056597908,
    -1.6548878878682711,
    1.179434822812554,
    0.0476914505078041,
    -0.5999294143431602,
    2.0588934316748158,
    -2.0948614523304516,
    -0.8541717204947658,
    -2.2276513036803776,
    0.9865799166235176,
    -2.161429743391721,
    -1.7856725497785582,
    -2.6105055609195595,
    -1.4003312542648647,
    -1.6943817246922686,
    -0.09880056227978225,
    -1.520611955143798,
    -2.2102088285115915,
    -1.4361977039084346,
    -0.6494718428866018,
    -2.4644105963360596,
    -0.09815502228794938,
    0.6520034115754991,
    -0.8998163010953637,
    -0.4284706352146243,
    -1.3608416010288298,
    -1.0864095585682831,
    1.839295630665628
  ],
  "mood_params": [
    -2.076126846469976,
    -1.7506513187663384,
    -0.5205544840495101,
    -0.924313199764876,
    -0.7754852166251731,
    -2.707596536727263,
    -1.7066753968637107,
    -0.5342388618869732,
    -1.6546415195075768,
    -2.259968653693027,
    -1.5441089595043938,
    -3.6812579191282717
  ]
}