{
  "cat_params": [
    -1.7453367140364195,
    -1.9958537512844639,
    -2.4245188154640918,
    -3.515577276585981,
    0.6844113912256856,
    -1.6814037325927567,
    -2.4035386293215413,
    -4.581920029549499,
    3.555252758608662,
    -1.862960340258503,
    -1.6267874727067309,
    -0.3448212154208081,
    -2.4993485222445138,
    1.7029765835863162,
    0.3992490988645754,
    0.3997887678525037,
    -1.2198982930853635,
    -0.7763873101179449,
    -0.9636393108231058,
    -1.2221975315248037,
    -0.7850324159487577,
    -1.1701627109380144,
    -1.5237338455864615,
    -2.984480840396571,
    -0.5503229556903221,
    -0.4051321914075025,
    -1.430999683070183,
    -0.5998688262297063,
    0.10969571639182972,
    1.1423901726758294
  ],
  "mood_params": [
    -1.5108591656276784,
    -0.7404367494762889,
    0.16257495790111448,
    0.46782638480080035,
    1.2340494188726017,
    -0.5248645872683831,
    1.754501546412937,
    -1.2767351703230543,
    -0.696219269773916,
    -1.233224713468591,
    1.4934502102625489,
    -1.3315907775153353
  ]
}