{
  "cat_params": [
    -1.6072984328800792,
    -1.9119733102726828,
    -2.3314033245600587,
    -3.5191095871094955,
    0.8639656024009454,
    -1.606115093039783,
    -2.098100076160703,
    -4.5268686061837125,
    3.755248424737712,
    -1.6582053489573307,
    -1.4944260883155929,
    -0.23564956501146916,
    -2.318583423968853,
    1.8804181729315064,
    0.5888141828218364,
    0.5708295017365591,
    -1.102839906383323,
    -0.6392336535940268,
    -0.7800007673149795,
    -1.0767964318685541,
    -0.6080382460353885,
    -0.965277316078527,
    -1.5234797730676775,
    -2.9431224671665044,
    -0.49072352598626845,
    -0.2410585544978851,
    -1.2529092347935926,
    -0.4614033692859216,
    0.24998717284923036,
    1.3268459678528446
  ],
  "mood_params": [
    -1.4558785560832512,
    -0.6662630888248617,
    0.22727137996186525,
    0.5592995969701575,
    1.3250734474512276,
    -0.3752996562335147,
    1.8984021847817223,
    -1.2107227137033985,
    -0.6122454231220789,
    -1.1454664094614473,
    1.5747584111261246,
    -1.2141611079636931
  ]
}