{
  "cat_params": [
    -1.9227676733379844,
    -0.9037427118457227,
    -3.2503283575585797,
    -2.7913293391500593,
    -0.11582444060592303,
    -1.4318471266756876,
    -4.7480983479842775,
    -4.234878301519908,
    -2.4769609814671996,
    -2.970593554179644,
    -2.783681356202128,
    -0.26325508890991844,
    -2.861881056742841,
    -0.5154121506854573,
    -3.1792725248723115,
    -0.6953992019269747,
    -3.0210694241771496,
    -4.007071626159664,
    -2.5846407700306884,
    -3.665110706971727,
    -1.6689806066447186,
    -3.0707984463709224,
    -4.3260804589808135,
    -2.9994995084012706,
    0.4903223070641441,
    -2.7682504639628314,
    -2.411046454331481,
    -3.1144002221611813,
    -0.7306753946872965,
    -1.2404421031960837
  ],
  "mood_params": [
    -1.536163066427068,
    -2.0815194458631687,
    0.16929380382702652,
    -1.2126775104016438,
    0.3638808457246061,
    -1.0987846114571351,
    -2.022096575655665,
    -2.2607662001202535,
    -0.6128922193419302,
    -2.6622523138558774,
    -2.0089168146908314,
    -0.9615188269804115
  ]
}