{
  "cat_params": [
    -2.0196228821104047,
    -0.9564872039984913,
    -3.314338952436421,
    -2.78881951822587,
    -0.22316762549048771,
    -1.4808718574812183,
    -4.984835178458235,
    -4.274452651235375,
    -2.6173340508036897,
    -3.110418737972948,
    -2.8425651755960653,
    -0.3302024407109773,
    -2.9772373825956113,
    -0.6112805863453028,
    -3.3137742352402673,
    -0.7910296577771274,
    -3.086870226537426,
    -4.101552335944102,
    -2.695470260314498,
    -3.7774999346181057,
    -1.7770129165692798,
    -3.1838151878725833,
    -4.341167103937384,
    -3.0322730294691396,
    0.44114680441927234,
    -2.8462106297745726,
    -2.521302105713509,
    -3.196293832734087,
    -0.8121600726058599,
    -1.3436989702552824
  ],
  "mood_params": [
    -1.5694062811393115,
    -2.122968277443732,
    0.1286077477375452,
    -1.2615389851611662,
    0.3100392116863593,
    -1.1870218301764182,
    -2.1078045684542634,
    -2.2951859462712663,
    -0.6638439027619745,
    -2.7327021953310124,
    -2.0529839365905325,
    -1.034469211985466
  ]
}