{
  "cat_params": [
    -4.7962174795396875,
    -3.3019596952400105,
    2.93225569596362,
    4.205783062341512,
    -2.190658581691593,
    0.653493337628691,
    -2.1779035827233284,
    -0.43289296981293346,
    -0.5792938664826817,
    -0.6683217489429786,
    -1.5283724372091756,
    -2.6409439298595307,
    -2.219878615367081,
    -3.0107537604786283,
    1.2239347676582657,
    0.07105549119978416,
    1.7691879549745049,
    -3.169300073647592,
    -0.06679876965343215,
    1.5103830635594568,
    -2.213515715821059,
    -3.2254451316793458,
    1.8500451866269463,
    2.569683542135566,
    -1.4568041932306672,
    -0.023498395153259233,
    -3.6654780071983817,
    0.3363148126240639,
    -2.2706408891263505,
    -1.1266227680811185
  ],
  "mood_params": [
    -2.3707764423184283,
    -0.4505317403327849,
    2.4928480662243495,
    3.500601458104392,
    6.011657984211614,
    0.18571456943703324,
    2.7089859694495524,
    -0.5635836401156715,
    2.168406815701115,
    0.3334595753494448,
    -0.9791154884381164,
    -1.2492741344572675
  ]
}