{
  "cat_params": [
    -4.979547048468181,
    -3.391260872530908,
    2.849420256372697,
    4.205532320553627,
    -2.3595684017540752,
    0.5830050348707567,
    -2.505383137362389,
    -0.4759459668763805,
    -0.8088764229621855,
    -0.8818544923568918,
    -1.6717632896253096,
    -2.729089899828617,
    -2.413886086086157,
    -3.1562673249843844,
    1.0226719344418445,
    -0.10699233756947855,
    1.6337665431178774,
    -3.3227310355518016,
    -0.26585174570773573,
    1.3730299813915738,
    -2.400489656365245,
    -3.4322573940210392,
    1.865215721406124,
    2.5592896972723795,
    -1.5071028219441962,
    -0.20220489282545392,
    -3.8552193827638783,
    0.1859653617443173,
    -2.4033041196490625,
    -1.3099112529358694
  ],
  "mood_params": [
    -2.4283823312116914,
    -0.531110592004272,
    2.4089581949656798,
    3.386594684601762,
    5.882649458074281,
    0.0211452073119141,
    2.553294541262155,
    -0.6379861992931362,
    2.0579488612371146,
    0.251539753876648,
    -1.0604554166128204,
    -1.3757438790906635
  ]
}