{
  "cat_params": [
    -2.020356427412538,
    -1.9272820862996134,
    -0.7040985254709029,
    -0.7191563384454133,
    -0.9525909989010264,
    -1.6912202335390816,
    -0.3203349993964226,
    0.9102295614043546,
    -2.729090648059138,
    -0.3830736970117217,
    -1.1796522786739758,
    1.0941375256958528,
    0.8862574621655368,
    -2.2889585776412904,
    -3.37362657785194,
    -1.989555328552141,
    0.3965863245747086,
    0.48414081567717204,
    -0.8480918448875656,
    1.6277203764086163,
    -0.6980309281897451,
    -0.23090544300943755,
    -0.9661267420428191,
    1.5692190986050392,
    -1.502951061060881,
    0.38204736200750505,
    -0.3882707801938491,
    -0.573970535646466,
    -0.8861704956140802,
    -1.469004599160071
  ],
  "mood_params": [
    -1.965891659072423,
    -2.8173667992537426,
    0.2841057577042359,
    -2.15909055398385,
    0.02094318566947716,
    -1.7039174560866484,
    -1.9980254033709344,
    -2.70028757706594,
    -0.7474019276142635,
    -0.70351550637627,
    -0.6854885492597624,
    -0.18303625431894496
  ]
}