{
  "cat_params": [
    -1.8368756855286588,
    -2.0847839660898124,
    -0.9434270471402653,
    -0.7683275648227326,
    -1.2407768867399422,
    -1.5265182946128275,
    -0.6848687806332624,
    0.8061772021524067,
    -3.043626525393155,
    -0.7287817691735747,
    -1.3422340805067101,
    0.8467077396761337,
    0.5597145626528782,
    -2.5299041360956602,
    -3.7642656667579355,
    -2.280951685750949,
    0.16012339056810926,
    0.14772433078418956,
    -0.7311349472664433,
    2.8467853961026393,
    -1.0217241933417092,
    -0.38698351909107337,
    -1.172568596815449,
    1.4551825477952023,
    -1.3294223021595686,
    0.10594453108416635,
    -0.6525763775798716,
    -0.9294622525241489,
    -1.1962728669033942,
    -1.804561371914329
  ],
  "mood_params": [
    -2.0416809267337066,
    -3.0741421203820853,
    0.1003274705701307,
    -2.436335752371616,
    -0.1370139320335174,
    -1.9989416898903938,
    -2.3761315958231264,
    -2.8956699201215996,
    -0.9029734577329895,
    -0.4606443320822488,
    -1.0103721231672447,
    -0.2819893252376163
  ]
}