{
  "cat_params": [
    -1.9839296426574502,
    -1.0461678374179508,
    2.613312344497972,
    -1.1810484397318048,
    0.9780850919116809,
    0.8475641438519546,
    8.622156776791508,
    8.736651228090825,
    -0.8016290759692453,
    8.81194715054603,
    0.7316941407043338,
    5.710532516462005,
    8.975456842799462,
    -3.3762526477367283,
    -0.4742042598351609,
    -1.810149853664401,
    4.025852887085353,
    5.7881386065924545,
    -0.8869151966900262,
    3.9030212059619407,
    2.9913759189675555,
    3.2497309077462977,
    2.069953833310811,
    8.15036603940816,
    0.13887076582988425,
    5.519381704741947,
    4.974511013607004,
    2.590934371624766,
    1.881503237323806,
    1.0434433945228105
  ],
  "mood_params": [
    -2.1311500044907956,
    -2.935803201319911,
    3.0113224259617253,
    -3.12554493934468,
    -1.1312171223015708,
    -1.634977160072348,
    -1.8171297464716256,
    -3.5161578024178466,
    -0.3713607530343955,
    -0.6452261036545006,
    3.5619583522073257,
    3.47247265038714
  ]
}