{
  "cat_params": [
    -1.8331853144458328,
    -0.9543610960875284,
    2.697672379364681,
    -1.1835450474536273,
    1.1746828875339195,
    0.917508379158352,
    8.80673674803397,
    8.746616868460858,
    -0.5701530425096871,
    8.969374340429063,
    0.9081135041569238,
    5.904483411316512,
    9.153674240604854,
    -3.231268563323982,
    -0.2645719583959858,
    -1.6493637587436432,
    4.17009994916676,
    5.9211461116666575,
    -0.6874157384917388,
    4.023695039621809,
    3.191741112362718,
    3.5001457341957107,
    2.0538222970469473,
    8.12793825091705,
    0.2146142083699579,
    5.754316201041767,
    5.172773138175374,
    2.746656913162966,
    2.046415046203167,
    1.2423494486152311
  ],
  "mood_params": [
    -2.0724528929336,
    -2.8617777430511597,
    3.099646767580607,
    -3.0460093655427403,
    -1.0493518273919655,
    -1.4794854196218667,
    -1.666159463227292,
    -3.4544167224436935,
    -0.277524727684408,
    -0.555510934163598,
    3.654601418488893,
    3.614229191881485
  ]
}