{
  "cat_params": [
    -1.7994283061305925,
    -1.4659711288372523,
    0.17469284793696407,
    0.7352967633718566,
    -2.074226949639003,
    -1.758267325335767,
    -2.9722008298016878,
    -2.4760362461915957,
    -0.9261470083334987,
    -2.4989445833998736,
    -1.1757596910700725,
    -1.9383265488054042,
    -1.6044365264852563,
    -1.468988521033182,
    -2.0396901071091524,
    -1.5177138603851426,
    -0.017218179533689114,
    -2.3468940542431636,
    0.7121017343901453,
    -0.3933181572158248,
    -1.5984124012414889,
    -1.436321244762552,
    -0.7208519048256667,
    -1.004310209375076,
    -2.105445907026236,
    -0.825997996231826,
    -1.2720287202988942,
    -0.8048110415376668,
    -1.3047747175184177,
    -2.8648795939588116
  ],
  "mood_params": [
    -1.2890065729799514,
    -0.3358154512086834,
    -0.7928525514322626,
    0.6092167708910832,
    1.4452888007649243,
    -0.5500873955821048,
    1.2104013652151722,
    -0.9086377723151973,
    -0.36117753855535617,
    0.15516589535449654,
    -1.0403435773159655,
    -1.0290421155134402
  ]
}