{
  "cat_params": [
    -1.7050473075674215,
    -1.4136026690797285,
    0.22763166200693716,
    0.734573978429338,
    -1.9813625694884482,
    -1.7080257898310824,
    -2.7617600839350107,
    -2.4429890498242317,
    -0.7910569087192,
    -2.3627693409361887,
    -1.0949384502931325,
    -1.891343530555629,
    -1.4911770285929273,
    -1.3809162770420518,
    -1.9108339636447376,
    -1.4300937816322965,
    0.05849879584869095,
    -2.2565832199909384,
    0.8297225787280353,
    -0.3048997735743844,
    -1.489990248608882,
    -1.3124051054192687,
    -0.7217212404022874,
    -0.9835196649124405,
    -2.094684184471398,
    -0.7287227553951208,
    -1.1607976543752694,
    -0.7188334850185776,
    -1.2268520148883062,
    -2.770675405262751
  ],
  "mood_params": [
    -1.255229354287965,
    -0.2889807656632853,
    -0.7580662187122392,
    0.668212765817748,
    1.5068822859706312,
    -0.45782529108673786,
    1.3006689138302552,
    -0.8678039294467595,
    -0.30805432592728155,
    0.20279259324639168,
    -0.993955127483641,
    -0.956075851191849
  ]
}