{
  "cat_params": [
    4.878418839389184,
    2.966710992525324,
    1.3040101728587599,
    1.2153632211414496,
    1.0367128277726696,
    0.6100115796188583,
    4.976540249441671,
    1.0405314593806556,
    2.605581648135289,
    3.7784731101052356,
    4.132484796799321,
    -1.0452296310972626,
    3.8068925930819075,
    1.999636658916914,
    4.5759399536208045,
    2.0062270601645835,
    2.021125973238325,
    3.086534929069944,
    4.088406135369163,
    2.094303003199594,
    3.216378729740925,
    3.003253471396619,
    0.6475615453945325,
    -0.8327951295318217,
    1.6274516417290739,
    0.8451600553621208,
    5.7598479606157476,
    1.1302395427193506,
    1.9503205430617794,
    0.7769525438071678
  ],
  "mood_params": [
    4.169773295204872,
    3.745181612699672,
    -0.15745867539451872,
    2.2464654162833737,
    0.32669463702710705,
    5.512388795830861,
    3.119609898023088,
    3.5693692777742982,
    2.3615511527124577,
    2.508900168204314,
    0.5500329876541484,
    6.059426350879975
  ]
}