{
  "cat_params": [
    4.808351364055401,
    2.8751492480010916,
    1.2183652320067782,
    1.2165796731135778,
    0.8475429860847578,
    0.5412213116246646,
    4.751466387123107,
    1.0039138070409466,
    2.3918454937581624,
    3.5970393135401113,
    3.9197616666858712,
    -1.1498386406277994,
    3.6270138253205135,
    1.8134373022646952,
    4.394920133411443,
    1.8116457899740044,
    1.8882344340360526,
    2.95176335554495,
    3.886218342055725,
    1.9649305386667797,
    3.0225181840156083,
    2.763674090268132,
    0.6572290683787732,
    -0.8627522043543948,
    1.5331733004140304,
    0.6628354324774176,
    5.567713686732191,
    0.9823941576639996,
    1.7911923050243255,
    0.5872950605755703
  ],
  "mood_params": [
    4.101334735970145,
    3.6541065435214355,
    -0.22273553924909092,
    2.141666614300385,
    0.23851419785989725,
    5.3185792487148245,
    2.9672691585219946,
    3.4779190432278675,
    2.2521643752777383,
    2.4464883790527407,
    0.4673483478590971,
    5.914985379271598
  ]
}