{
  "cat_params": [
    3.37640494770125,
    1.2757626504233646,
    -0.286631258767525,
    -0.9066695556323006,
    0.965528560686337,
    0.24551179900197656,
    2.5126167851917427,
    -0.5871592040863132,
    -0.42234257144643345,
    3.4630034828409295,
    2.3639933347531383,
    -1.191374411502058,
    3.2959228672119303,
    4.780247167831807,
    5.74448907784728,
    3.057322864444791,
    2.0389745502449963,
    0.1772263118574275,
    6.785623821042893,
    3.0146273564121437,
    2.266100232727739,
    4.042445178434351,
    1.8896023647323064,
    -2.300647087803683,
    0.9812116883429216,
    -0.014493254921158608,
    3.482276339220791,
    1.837389925687952,
    2.3052398174705235,
    0.8816734794812541
  ],
  "mood_params": [
    2.9664467001836567,
    4.367252234821006,
    -0.3335453666262563,
    2.6987171221691835,
    0.5585164849258374,
    5.623525080009495,
    3.740402804426558,
    4.573989469826722,
    1.9446131135022442,
    2.8793889213849506,
    0.7449877761234762,
    4.002732673948844
  ]
}