{
  "cat_params": [
    3.292676395005877,
    1.1878749053486246,
    -0.37490150724266247,
    -0.9044273510144032,
    0.7818294987409945,
    0.17705653473210073,
    2.2628250644105825,
    -0.6286086462492511,
    -0.6395414779900583,
    3.2852181571176975,
    2.178562240662693,
    -1.291002695770402,
    3.12030508071046,
    4.573567960604216,
    5.574138762845668,
    2.8559712578471097,
    1.9094574073222401,
    0.03938370583524899,
    6.5833405812914245,
    2.895738962071183,
    2.079383343666431,
    3.802424505556008,
    1.9045835507518885,
    -2.3386500207201357,
    0.8984399799463684,
    -0.18394307414491445,
    3.297014239158597,
    1.6923013256555943,
    2.1475045097779755,
    0.6964217024831643
  ],
  "mood_params": [
    2.9019386287447393,
    4.276475621540633,
    -0.395902238683985,
    2.593998583131568,
    0.4710981487622389,
    5.43334049039289,
    3.591230680791402,
    4.479950290844,
    1.840709939935038,
    2.8221659411015896,
    0.6640683450191723,
    3.8677340711824972
  ]
}