{
  "cat_params": [
    -3.1359995723006784,
    -2.8969702041304393,
    0.8832322893474656,
    0.038261685636784046,
    -1.8902645095849233,
    -1.9977756166938434,
    -4.405748003963764,
    -1.9560129702166607,
    -2.05536283972548,
    -3.924816056674482,
    -2.612548664004503,
    -0.7781960093643445,
    -3.478195802607938,
    -2.1345907591044657,
    -3.141697955349114,
    -1.1549502186185039,
    -1.6939285131013644,
    -2.4566674708903125,
    -2.777395916465271,
    -2.913188764248401,
    -2.519387187029143,
    -3.1195886722505497,
    -2.958114240333024,
    -1.3344032788466884,
    -0.2786725801265074,
    -2.1513449386909578,
    -3.6189266885078033,
    -2.300810135530799,
    -1.6280230652125458,
    -1.4919691947196485
  ],
  "mood_params": [
    -1.7683434995526408,
    -1.5313563366083351,
    0.5235548227784274,
    0.027108039588799693,
    0.9454697211715738,
    -1.7209979500286852,
    -1.3677291201212114,
    -1.0555830886823245,
    0.1351108732270171,
    -2.001363654982054,
    -1.6085387582060509,
    -2.520744926855593
  ]
}