{
  "cat_params": [
    -3.026600227997461,
    -2.8456579151049866,
    0.9339226878575155,
    0.037185442787412586,
    -1.7959611932462156,
    -1.9464834698844211,
    -4.176577239996453,
    -1.9248531407890934,
    -1.9167452692299298,
    -3.780129665894702,
    -2.550637515275093,
    -0.7168103508358432,
    -3.3620743085099525,
    -2.052568549645216,
    -3.007958728501037,
    -1.0633313277856458,
    -1.6236279658746886,
    -2.3660957644848377,
    -2.6667297055304817,
    -2.8069216274350275,
    -2.412975304657371,
    -3.0061713397491294,
    -2.949123187432488,
    -1.3116622560568196,
    -0.24035510884967115,
    -2.066741223218795,
    -3.5095280464815906,
    -2.2173873034102702,
    -1.5524376918486478,
    -1.3895946966782982
  ],
  "mood_params": [
    -1.7354791485241332,
    -1.4881245934208756,
    0.5667695591489985,
    0.08295055354513084,
    1.0036502801336262,
    -1.6361350078013481,
    -1.2810041876321479,
    -1.0154290068846201,
    0.19179478803162028,
    -1.936693633681876,
    -1.5634528116094535,
    -2.4521432838822177
  ]
}