{
  "cat_params": [
    -1.1438982854909865,
    -2.427891778294083,
    2.032914049210705,
    0.3842993472929219,
    -0.8537137697180319,
    -0.37748932979646277,
    -2.101062284432589,
    -0.13221567789267677,
    -0.21825504149672667,
    -1.8503826741215799,
    0.19636775866153974,
    -0.7315223106750137,
    -2.776321667563823,
    0.5707390555374793,
    -1.4259816461726755,
    3.830187556219035,
    1.0694128831754708,
    0.9377937432583993,
    -1.2632915235689197,
    -2.091374487844218,
    -0.491230429224579,
    -0.25064448758810737,
    0.03102002471047079,
    1.9542798994391586,
    0.37908554170641123,
    -1.0752316718366084,
    -1.7831581441974345,
    0.5390946491436752,
    -1.010464517557746,
    -1.5462773822974207
  ],
  "mood_params": [
    -1.7953853821822796,
    1.4580036824144689,
    3.3222166628937115,
    2.5910402210059633,
    2.9712966380494206,
    0.8170108052918418,
    0.5997533964969681,
    0.6486994148244024,
    4.071085452915485,
    1.1557241983353914,
    -0.14584819684507833,
    -4.6523276893054595
  ]
}