{
  "cat_params": [
    -1.28680944201879,
    -2.5186117598897306,
    1.9464378144796308,
    0.38600132337152704,
    -1.0345687838506936,
    -0.4531391445261471,
    -2.4300448538771464,
    -0.17452344070545173,
    -0.44862836305547016,
    -2.0727817381803866,
    0.029194246831395203,
    -0.8440995968893497,
    -2.972788919804944,
    0.3915076703668067,
    -1.640783150358587,
    3.6096578976878066,
    0.9351499965488654,
    0.7929152888901689,
    -1.4616455335684815,
    -2.255671588205989,
    -0.6835740754527132,
    -0.4778100478491234,
    0.038196905868502946,
    1.940011485915455,
    0.3008980180196993,
    -1.2454878462891277,
    -1.9759934157079022,
    0.38713554479939705,
    -1.1534314603902565,
    -1.7286862514566852
  ],
  "mood_params": [
    -1.854609148772335,
    1.3709990275601422,
    3.232476365463926,
    2.4811313748019304,
    2.862163251076806,
    0.6470982822788335,
    0.4456737887481229,
    0.5680649417545828,
    3.946271867932952,
    1.0796408687805046,
    -0.22979922089510066,
    -4.769967409691695
  ]
}