{
  "cat_params": [
    -2.7683401422876757,
    -2.444401942061416,
    -0.8927777294789434,
    -1.4283702622726255,
    -3.078580915765608,
    -0.9345083872561774,
    -4.945554907056641,
    -1.5179722329818506,
    -3.894191793066792,
    -4.643799176369214,
    -3.72481265234322,
    -2.262932658670454,
    -4.20112125190212,
    -3.303476884680666,
    -2.655015338047804,
    -1.9787082066671413,
    -3.482543827672515,
    -2.3920848762679645,
    -2.5717328776954966,
    -1.9806270886663158,
    -3.6422749147315954,
    -3.6224861380145836,
    -3.337688863487215,
    0.008327147425185194,
    -0.0024425532570758177,
    -3.434068353798242,
    -4.266358175911895,
    -3.986550078866061,
    -3.2026516471098896,
    -3.52683591046697
  ],
  "mood_params": [
    -2.2857409049277893,
    -2.1307415406981964,
    -0.25145874482342384,
    -1.0250403243655803,
    0.2565714084417106,
    -2.720088960671771,
    -2.3615571534509536,
    -1.4391919102139732,
    -1.4594729382015357,
    -1.89664138680519,
    -2.585336493313728,
    -2.8104347487545303
  ]
}