{
  "cat_params": [
    -2.66307199291157,
    -2.3927556281152524,
    -0.8364514999515555,
    -1.430190216127354,
    -2.9935724939680166,
    -0.8878802984836187,
    -4.7093312931740945,
    -1.4884022239410568,
    -3.7498300455873625,
    -4.494821114086647,
    -3.677540406609899,
    -2.2199795188470457,
    -4.083895555188988,
    -3.232079341154127,
    -2.523432640125955,
    -1.8961697555872123,
    -3.4180212053238677,
    -2.301666647826793,
    -2.4606567765179497,
    -1.8809654748185327,
    -3.5383140308454415,
    -3.512205457044642,
    -3.3270248940131646,
    0.023134145426372023,
    0.04004167757213646,
    -3.3617286439003973,
    -4.157465039001597,
    -3.9060059924480925,
    -3.1384520255808854,
    -3.4365710814566817
  ],
  "mood_params": [
    -2.2538619054012248,
    -2.0893161350161376,
    -0.21320609489384965,
    -0.9748976559282722,
    0.3100479470357563,
    -2.641539426825804,
    -2.2761978427709444,
    -1.4008123820373957,
    -1.4142296250979063,
    -1.8327989987198265,
    -2.5424897107463558,
    -2.742680718570651
  ]
}