{
  "cat_params": [
    -2.1285916408144545,
    -2.5185923785030977,
    -2.01342581545812,
    -0.6567504640434588,
    -4.8501550327366445,
    1.7591822059647,
    -1.6785365409744435,
    -0.3294392218306828,
    0.41093830167936757,
    -2.214566834849195,
    0.9575655001427961,
    0.07454418407004118,
    -4.078528313083539,
    -4.557517037878085,
    -0.9874133134227416,
    -2.630438135256312,
    -2.8735043778933846,
    -1.760096708971387,
    -2.6287818595744743,
    -2.049085398674079,
    -5.306489051700482,
    -3.7818101939649407,
    -1.5273582925408735,
    -1.5706252531493945,
    1.747639876564234,
    -2.6063359498414713,
    0.25087176313606335,
    -3.39093838936677,
    -4.780498914334808,
    -3.5440469115071234
  ],
  "mood_params": [
    -3.4531267857931707,
    -0.8240926558630097,
    -2.5766611522200384,
    -1.319234441135461,
    -3.440700746388305,
    -2.8793243604463825,
    -2.8129738645725246,
    1.5581991807230442,
    -4.822765482008415,
    0.9510443952926975,
    1.8119255493846433,
    -1.8746473051703971
  ]
}