{
  "cat_params": [
    -2.2748798842993616,
    -2.6036817072878513,
    -2.1071931630155767,
    -0.6546349260890946,
    -4.988717441702185,
    1.6973959625493682,
    -1.983812730066796,
    -0.36994989066069184,
    0.19635057432082437,
    -2.4264455680130004,
    0.7904044458225694,
    -0.04060734847173728,
    -4.265427131164541,
    -4.680084572742617,
    -1.1877259825341484,
    -2.769776067457167,
    -2.987203397125265,
    -1.9025542532211346,
    -2.8123393353532653,
    -2.204096962346931,
    -5.476712769029221,
    -3.9733322345224376,
    -1.5275035005413717,
    -1.6042889390271293,
    1.6534788722515807,
    -2.7512400686587095,
    0.06813072849173281,
    -3.5271137707037266,
    -4.887366798542362,
    -3.703116652621737
  ],
  "mood_params": [
    -3.5054324135892028,
    -0.8992713767401931,
    -2.6247476629304773,
    -1.4023036518397096,
    -3.5009963374074897,
    -3.0161155494501384,
    -2.953153332300036,
    1.4780466453350736,
    -4.878460868422458,
    0.8784600637713038,
    1.7285659153774517,
    -1.9924992622923665
  ]
}