{
  "cat_params": [
    -1.9154207489657509,
    -1.0271115044762542,
    -1.4805851337996878,
    -0.9430567392064423,
    -1.6618684770790593,
    -1.8835156239669535,
    -5.434553487387398,
    -2.207523913788761,
    -3.2547501136674826,
    -3.1099063921486847,
    -1.5025280755230463,
    -2.2044564243279012,
    -3.338674396804796,
    -1.7093479365484334,
    -3.809705298516695,
    -1.581186857750143,
    -2.8358013528982133,
    -2.171780493883011,
    -3.4356323973510623,
    -3.029284220320848,
    -2.1104276444150702,
    -3.8252787110663964,
    -3.7300186503106376,
    -1.3518896404256333,
    -1.1206891977400208,
    -3.2094578199955097,
    -2.876283913772201,
    -3.3569037696315114,
    -1.2636475887158352,
    -2.1914305409561305
  ],
  "mood_params": [
    -0.7488099075443012,
    -1.6458707352530997,
    1.0653950429942416,
    -0.6175664796303044,
    0.10191060272288359,
    -2.1073280857847934,
    -2.3004083273071614,
    -0.8632907711751807,
    -0.13067443772485304,
    -2.05661569191741,
    -2.210929933161523,
    -2.2879352393181596
  ]
}