{
  "cat_params": [
    -1.81973640455502,
    -0.9744191376675373,
    -1.4223936089381661,
    -0.9446305965482267,
    -1.565778669344029,
    -1.8327246825202237,
    -5.191940859996361,
    -2.175451253221077,
    -3.112385869093729,
    -2.9700842665912592,
    -1.4260075499830893,
    -2.160777321227554,
    -3.222766008914799,
    -1.6234604549886067,
    -3.673006078631549,
    -1.4942664538251862,
    -2.7691895001799987,
    -2.0818858100335844,
    -3.3262780639055687,
    -2.922194755910955,
    -2.0031231000300833,
    -3.7162628796495722,
    -3.717625547847646,
    -1.329045292929988,
    -1.0950730277100569,
    -3.134970628570343,
    -2.76630542703774,
    -3.275284433372067,
    -1.1854275059367723,
    -2.0932185982985785
  ],
  "mood_params": [
    -0.7140039175633569,
    -1.602984098437584,
    1.1120789547732366,
    -0.5652163867958283,
    0.15433106734085764,
    -2.024906422571155,
    -2.214964991858502,
    -0.8222471555367661,
    -0.0758974429948025,
    -1.9915090068421826,
    -2.1672248790486024,
    -2.218652410974232
  ]
}