{
  "cat_params": [
    -1.3954167987109427,
    -1.9352643388044988,
    -0.5895184276244672,
    -0.043641202472573484,
    -0.44563814284943126,
    -0.38378867130242417,
    -1.5840379797704953,
    -0.8663809288114986,
    -0.33990568098937485,
    -2.341111654260334,
    -0.07280240247685339,
    -0.9206412104162027,
    -2.120905298060623,
    0.3023789001654977,
    -0.18816423596381757,
    0.207226200795169,
    -0.2654012330458964,
    -0.05220991642046029,
    -1.4032718130731487,
    -2.059502258764001,
    -1.2124520335331437,
    -0.6184091089069436,
    -1.4128865260132177,
    -1.007458546158591,
    0.5445611436430989,
    -0.5456498825667073,
    -1.9838871825076756,
    -0.6591510893308118,
    -0.06661178500928013,
    -0.5657599988586453
  ],
  "mood_params": [
    -0.6910169786104536,
    0.16662446898898117,
    0.29588025223738884,
    0.24290999726101084,
    0.8466542150181039,
    -0.38115829498259746,
    -0.39071028163627086,
    -0.05489627145497543,
    0.331418170994505,
    -1.4083158635613096,
    -1.0701254565963234,
    -1.4310127374281771
  ]
}