{
  "cat_params": [
    -1.3055754641783879,
    -1.883242248071026,
    -0.5341545339857119,
    -0.04475897726821412,
    -0.34003510056207664,
    -0.33957633338359255,
    -1.3917342828801864,
    -0.8391757983108934,
    -0.20664689577406334,
    -2.2058785299989196,
    0.022535252501954692,
    -0.8610239623556895,
    -2.0068569412772796,
    0.40655210273806874,
    -0.06751234914807441,
    0.31386061935437914,
    -0.1904859856972144,
    0.03264769235746541,
    -1.2898669473674889,
    -1.9592819561333332,
    -1.1031874206496828,
    -0.48939152139937325,
    -1.4107058257955325,
    -0.9866493985708639,
    0.5952965878001119,
    -0.44569425811164337,
    -1.8732119253475326,
    -0.5729247886545304,
    0.020263769133107495,
    -0.4578735492341244
  ],
  "mood_params": [
    -0.6561009255547144,
    0.21497333283886594,
    0.3376372839345599,
    0.2999215838154417,
    0.9041600297616968,
    -0.28782870175174907,
    -0.3026428248985986,
    -0.010113066666732796,
    0.3895105245331879,
    -1.3483327733092938,
    -1.0238052773080535,
    -1.3592226119087818
  ]
}