{
  "cat_params": [
    1.9306296942280496,
    0.4717672832466718,
    -5.0772983307614385,
    -4.5264877613941765,
    -1.4074862905845213,
    -4.325142222787817,
    0.6828963150354145,
    -5.212444231298736,
    2.134211552522567,
    1.7862751907528729,
    13.200684082487145,
    -1.981511119390916,
    1.5461526175973217,
    1.562867880907303,
    2.957258351961727,
    0.0672410487486506,
    0.9035421894216408,
    -4.074115832906079,
    -0.06359907902455597,
    4.409298444391344,
    -0.7498144763248008,
    0.995622050407877,
    -0.415162961968652,
    -3.7651034078472625,
    -2.1197764406782147,
    -1.4235912004330713,
    0.03565491389077194,
    1.170487376202081,
    0.04856977058345143,
    -0.6064460342354744
  ],
  "mood_params": [
    8.493254607721909,
    3.9991002351606504,
    -2.8262419763483635,
    0.9662717450030335,
    -1.3189861368544293,
    2.5656169173128895,
    1.8982951819730105,
    3.0305081864901626,
    -0.1602338650730173,
    7.392183289795543,
    0.21617973255929623,
    3.0513213029433537
  ]
}