{
  "cat_params": [
    1.8259474195468555,
    0.3812511631474202,
    -5.184055811416868,
    -4.522344874540495,
    -1.5792962471139045,
    -4.41631146218162,
    0.39839484195901553,
    -5.272198222585004,
    1.9170258145668113,
    1.5910639221909821,
    12.86874782606402,
    -2.0756828430775927,
    1.3611647736613146,
    1.3791077742065843,
    2.7672439662928094,
    -0.10773465825208782,
    0.7731258253874249,
    -4.227208294319649,
    -0.25925328232885303,
    4.295157732305732,
    -0.9366975835453935,
    0.7665228083111975,
    -0.41013951444256086,
    -3.812712400359882,
    -2.1589931970728546,
    -1.5859794646134908,
    -0.15368142901175183,
    1.0212762975347103,
    -0.09819613733308803,
    -0.7895645160042878
  ],
  "mood_params": [
    8.4160599953401,
    3.9065526975652456,
    -2.875129601512724,
    0.8675468519985408,
    -1.396769693350707,
    2.388896448720838,
    1.746314237088639,
    2.940872406789911,
    -0.25247937918774277,
    7.367939695854693,
    0.1335348448050287,
    2.9145293590019326
  ]
}