{
  "cat_params": [
    -3.0762802119046206,
    -2.1136545508898026,
    -0.903624255795521,
    -1.1283507804679984,
    -2.2327625739529164,
    -1.7823103811924599,
    -2.999654622314753,
    -1.2373639118754112,
    -3.275546109332175,
    -2.6578936269920437,
    -1.55030135972441,
    -1.6382731243171365,
    -2.2797117836116554,
    -1.6371932720557296,
    -1.661159518430968,
    -2.1443223377757907,
    -1.213444633381729,
    -1.1684618297456404,
    -2.7889646774939236,
    -1.6305388552344704,
    -2.136149933165906,
    -2.312399794988459,
    -1.89887826899046,
    1.8250343294921838,
    -0.5938303025398769,
    -1.7367357921382363,
    -2.711490320478094,
    -1.5557827118028558,
    -1.6788437661320454,
    -2.7555582036563573
  ],
  "mood_params": [
    -0.7295257770492529,
    -0.8644703018813638,
    -0.9476862868929549,
    -0.05435165256132194,
    -0.5385688319775009,
    -1.663494916527662,
    -1.2655603594618432,
    -0.5738514428487406,
    -0.9757253695793079,
    0.24588947515504103,
    -0.6307690453779593,
    -2.0640760644253975
  ]
}