{
  "cat_params": [
    -2.9694297205505706,
    -2.063117519200458,
    -0.8486180841564563,
    -1.129990855789039,
    -2.143900433534474,
    -1.7330402341748863,
    -2.793200376216188,
    -1.2094215701362423,
    -3.1364642040302706,
    -2.523839946276425,
    -1.4768478603721125,
    -1.589363983975393,
    -2.1682266076139354,
    -1.5532180670283462,
    -1.5370145362182592,
    -2.0662516866940366,
    -1.1435105408768367,
    -1.0830969937463146,
    -2.681263813854218,
    -1.5355252487464413,
    -2.0317351870268454,
    -2.197312359630084,
    -1.8944531785593632,
    1.8287304663789963,
    -0.5613434487601884,
    -1.650831063200708,
    -2.6042247467076,
    -1.473299393409146,
    -1.605837798649789,
    -2.6635204312461753
  ],
  "mood_params": [
    -0.6956004776844142,
    -0.8204403031839722,
    -0.9149006340188444,
    -0.000360679081964944,
    -0.49183146374756154,
    -1.580692748994434,
    -1.18093854841427,
    -0.5326092627189691,
    -0.9284220542797861,
    0.29156218780081716,
    -0.5846766737523064,
    -1.9960620242615474
  ]
}