{
  "cat_params": [
    1.8809172934942031,
    1.6666340851414463,
    -0.7604469904844405,
    0.12396744844933538,
    1.8478536256464995,
    -1.0227126783196796,
    1.1081854334402716,
    -2.797690927977213,
    1.6943137634949494,
    2.3864779798715183,
    0.1711771152628189,
    3.6476178181338983,
    1.283880786028519,
    1.8542559157068357,
    1.2041607372110275,
    4.263899030783889,
    1.2523174030615953,
    -0.9679655475134246,
    2.474810963350135,
    0.501753540612785,
    2.4236647168265573,
    1.205585557539066,
    0.9664465619478577,
    -1.571657591995379,
    -1.0853940299605487,
    3.6348813093539993,
    3.140557507034061,
    1.4557325821050258,
    2.3252541297420417,
    1.5349398864570627
  ],
  "mood_params": [
    -1.0803816868619776,
    0.9368538082023725,
    0.9193371609562918,
    1.6585938301480658,
    1.6110715225774108,
    3.4362394990436416,
    4.737218164133938,
    -1.0544875405527965,
    1.166022218054825,
    -0.057335685405106564,
    3.664499827940258,
    2.508928741168996
  ]
}