{
  "cat_params": [
    1.982765805570348,
    1.7565017006347092,
    -0.6693254714536054,
    0.12221338933253767,
    2.043210632090174,
    -0.9477004186525391,
    1.3782851763547124,
    -2.747636866603635,
    1.9082449167919624,
    2.5733179091571587,
    0.3331186123851934,
    3.81071943200216,
    1.4656754939852779,
    2.0393041484325023,
    1.397520873772058,
    4.4839459002330795,
    1.3820175130883159,
    -0.8251505462322923,
    2.672441881589711,
    0.6402048415235843,
    2.61453858334854,
    1.433452754421822,
    0.9554769372540975,
    -1.5377346414187711,
    -1.031253303212126,
    3.844043007630924,
    3.3291124694591283,
    1.6030753413511558,
    2.486933010341477,
    1.7285672345572316
  ],
  "mood_params": [
    -1.0223551457581461,
    1.0190219602383597,
    0.9913279919638743,
    1.7599398011495975,
    1.7078479619491362,
    3.616717448356888,
    4.890661251872961,
    -0.9846798754265962,
    1.2667801466327118,
    0.02413097022930867,
    3.753781490879876,
    2.642263582446446
  ]
}