{
  "cat_params": [
    3.6818173023316265,
    0.7276655728524627,
    -4.863628449371252,
    -3.6537107561687945,
    -1.5454356458878367,
    -3.971230413316876,
    -2.9223282365115257,
    -4.090808258088438,
    -1.9692139150374217,
    -0.9420891314001398,
    1.8150831789251007,
    -0.43324217556905775,
    0.0019939361782823728,
    0.5607610307109687,
    -2.448858749629217,
    -1.9882973608607553,
    -2.7375407662637707,
    -4.183616552982481,
    -0.7266898659080625,
    -0.9460784440511629,
    -1.741922599668561,
    0.5536573576691644,
    -3.679682818287984,
    -2.929698777272612,
    -2.0696970994804453,
    -2.0670615191131834,
    0.856541901868116,
    -2.379934748506821,
    -0.44368199460971064,
    -1.899690112564299
  ],
  "mood_params": [
    5.128232045654055,
    0.6803174154275932,
    -3.0094561942835565,
    -2.8019994566892232,
    -3.046570896496221,
    -0.14474611821463385,
    -1.8153259237901553,
    0.4160965908372287,
    -1.7081992775672654,
    -0.2523444258040093,
    -2.34664414879763,
    1.583268541018879
  ]
}