{
  "cat_params": [
    3.648653523234751,
    0.6737178829270254,
    -4.932774843652586,
    -3.6507638538832254,
    -1.6416833397897388,
    -4.03144331297237,
    -3.134894659460402,
    -4.129857816851867,
    -2.1079959019263144,
    -1.0697332898760927,
    1.696459635328447,
    -0.4981050712615503,
    -0.10898139054043703,
    0.4551987621329413,
    -2.5801095340465996,
    -2.06983134439771,
    -2.804254527528582,
    -4.278517814178799,
    -0.8412149214015856,
    -1.0390708244427873,
    -1.849796041236174,
    0.41817443363167156,
    -3.691907953737279,
    -2.9620574030572553,
    -2.080830135759668,
    -2.1516622012658164,
    0.7437369553388332,
    -2.463080470844027,
    -0.5272269538019281,
    -1.9990469467446612
  ],
  "mood_params": [
    5.082321025838135,
    0.6305703807600259,
    -3.029919526518537,
    -2.842297425368471,
    -3.077282800869549,
    -0.23897419444897627,
    -1.9013176508250023,
    0.36935084189205847,
    -1.7513484819645886,
    -0.303596782656979,
    -2.389938851497519,
    1.5028940031779696
  ]
}