{
  "cat_params": [
    1.0022834234355684,
    -0.009538192542728367,
    -2.0934491538914615,
    -1.559668415495459,
    -0.0780586325078114,
    -1.3837277663721181,
    -1.823078168417745,
    0.3864306127660036,
    -2.226466695859779,
    -1.3277038837946786,
    0.5989175734958055,
    2.4013540823989143,
    1.1212914120882629,
    -1.4537631233037407,
    -5.665182323273616,
    1.8837163687187317,
    1.1578661251581361,
    -3.3906269827635924,
    -0.17450216634485402,
    -1.8691269727705158,
    -0.7283112028619109,
    0.5185238192264314,
    -2.656049507500269,
    0.5671557211259931,
    -1.5091125698546435,
    -0.043993379708237794,
    1.5309699829274555,
    -0.6517469188665872,
    -0.07456229641987017,
    -0.5664097682861797
  ],
  "mood_params": [
    3.217887906314888,
    0.7146655847585383,
    3.3737986501520445,
    0.11321545551807483,
    2.408132526957786,
    0.7013920524485823,
    -1.2117973435546476,
    0.8313196368845124,
    2.3291648285884596,
    -1.3941260829448647,
    -0.4224060947668709,
    -1.5811778733187791
  ]
}