{
  "cat_params": [
    0.94056813647217,
    -0.06158978198871149,
    -2.1524181361060917,
    -1.5578105664039683,
    -0.18295417346915208,
    -1.4314588913398354,
    -2.016689478286674,
    0.3643013378270563,
    -2.3626970217861754,
    -1.4545748522142474,
    0.4984990809194374,
    2.3035090092489403,
    1.014838360618108,
    -1.5386341874958196,
    -5.807700956479956,
    1.7625792046665658,
    1.080521627174633,
    -3.481488634855581,
    -0.28718911498445104,
    -1.9665204045269182,
    -0.8355648188780674,
    0.38660227838287015,
    -2.663846075484462,
    0.5559607886996587,
    -1.5275153605137703,
    -0.14511545052311337,
    1.420478228038642,
    -0.7356308143537938,
    -0.15856105412377228,
    -0.6708537981592236
  ],
  "mood_params": [
    3.1765237760748914,
    0.6660232135503934,
    3.313728944939644,
    0.05861251671508201,
    2.341727563871532,
    0.6042595984755874,
    -1.296376809634055,
    0.783797048403467,
    2.258655917079731,
    -1.4532271271228867,
    -0.4688695968818712,
    -1.6504022949017234
  ]
}