{
  "cat_params": [
    -0.3745151115007417,
    0.2550498506189392,
    1.9441859380769277,
    2.1648604155322992,
    1.8800919973666717,
    0.40551208978366343,
    5.0625247346915785,
    4.378453345100713,
    -0.926220644321517,
    3.283451827434077,
    1.1722290163895674,
    1.3515640262927109,
    2.970388565050217,
    0.37621095477614436,
    1.4433135941476962,
    1.2525372194885234,
    5.401035667685041,
    5.497654810165553,
    1.4342129717625132,
    0.9087600190876644,
    2.927584842521376,
    1.9764382637716398,
    2.2524542377995385,
    5.049717942319761,
    -0.23708483554898988,
    1.938597936472233,
    3.816057886641826,
    4.278776392089648,
    2.0715999993717062,
    1.8636725349293617
  ],
  "mood_params": [
    -2.299536920966884,
    1.361199067589816,
    3.4551603855762076,
    5.085802958664666,
    4.163677737659263,
    2.732516393438906,
    1.767350969007181,
    3.0348755972742163,
    3.176414774333797,
    2.4284682345987108,
    3.0549233944879215,
    1.0205423699824463
  ]
}