{
  "cat_params": [
    -0.24185492476347079,
    0.34781697554561003,
    2.0306693187107507,
    2.164060477000131,
    2.083745202657544,
    0.477395401531436,
    5.293613096994906,
    4.404236582454335,
    -0.6943554088004978,
    3.473879076959077,
    1.3544464164406294,
    1.491399756503369,
    3.1577781563409966,
    0.5553032994624941,
    1.6444492232758576,
    1.447083891973721,
    5.549725106355273,
    5.631352638414276,
    1.6383384813608466,
    1.0506428103454615,
    3.1278107950753515,
    2.2189113613525726,
    2.235518359167355,
    5.045611492484523,
    -0.16701245133327147,
    2.1392968746016177,
    4.013415507809261,
    4.437381269057003,
    2.237886351163712,
    2.0674598440657075
  ],
  "mood_params": [
    -2.241160491924394,
    1.448174188790116,
    3.546326435280559,
    5.209822196676948,
    4.28169828626518,
    2.9156069913634126,
    1.923246696971356,
    3.1269214027631134,
    3.2957048940011715,
    2.4938916123741315,
    3.1464041582803652,
    1.1551247296191056
  ]
}