{
  "cat_params": [
    0.10282224852633291,
    -0.8916055930721192,
    2.970165236754597,
    0.18241846853548369,
    0.24820966880281378,
    3.0375278805731276,
    0.6139477454126456,
    1.1635214936003753,
    1.3717877166191894,
    0.5037936515002909,
    -0.3127428621270546,
    -3.2163464466680054,
    0.023715898669198564,
    2.8042845002207106,
    5.774864979422982,
    -0.8529140485486565,
    -1.2883542445387133,
    6.191792148747329,
    1.3827646061048031,
    -0.6840046375403874,
    0.500989563600467,
    -0.6040529000139677,
    -0.6407355997137487,
    -2.4474872457950134,
    2.578818172999745,
    -2.138508752947967,
    -1.248899604179871,
    -1.0362486841151384,
    0.460027705277257,
    1.267813567824198
  ],
  "mood_params": [
    2.160521989828159,
    2.0573737761377013,
    -1.5277650880616591,
    0.3141106283648219,
    -1.6715647379009688,
    0.7984253169732302,
    0.008726641851068716,
    3.7144808384618826,
    -1.2962744168826559,
    -0.14766894851807086,
    -0.5185507374452077,
    0.2425168484464337
  ]
}