{
  "cat_params": [
    -0.02592096986472569,
    -0.9834586179001553,
    2.8866726590098097,
    0.18422276403747007,
    0.05880241226290054,
    2.9769241557252455,
    0.3209077617534936,
    1.1259335957062424,
    1.146396972588967,
    0.2955312494580317,
    -0.4733028307235178,
    -3.298453731008796,
    -0.16846800943738424,
    2.6049340331678543,
    5.592113006550271,
    -1.0223838369305276,
    -1.415025149071138,
    6.059429355334133,
    1.1791474468185323,
    -0.8382619386730142,
    0.30648485275843546,
    -0.8290278588902442,
    -0.6365324842145684,
    -2.4879197466697827,
    2.467942125770803,
    -2.298695303679408,
    -1.442151691566446,
    -1.1855221538160732,
    0.30650432599379623,
    1.0687568710286757
  ],
  "mood_params": [
    2.0937787615684345,
    1.968568256492372,
    -1.5866505394962456,
    0.216470221828716,
    -1.7492101764683985,
    0.628629501004176,
    -0.1445419488442498,
    3.6197295303709778,
    -1.382853323765561,
    -0.2341352151773749,
    -0.6016493501885181,
    0.11059692751653269
  ]
}