{
  "cat_params": [
    -1.021321044876195,
    0.13313752666470424,
    3.2000847604565577,
    0.45194934159778627,
    1.5849350856126407,
    3.496757211791208,
    2.4193576584559957,
    2.10154432403697,
    0.33770401716466136,
    1.7148634037029147,
    0.035224711984139914,
    -3.1090890805156546,
    0.7423906438377823,
    2.936309831422555,
    8.13745069104878,
    1.708662188697386,
    1.1779038626637173,
    5.685025322822292,
    2.940149392385639,
    0.32939431209038467,
    2.138609286373334,
    0.5693474031782433,
    2.5928697480889715,
    -1.0830927985642558,
    4.824542038238333,
    -0.11659924653338655,
    -1.1767672365308885,
    0.8155702105054545,
    1.0007221980427272,
    1.5928498794513362
  ],
  "mood_params": [
    0.5357492601106842,
    3.076607261302804,
    0.6296176995492874,
    3.7947951621207876,
    1.8714762584491664,
    3.3229306792354545,
    2.7308862000918848,
    3.9654856995850345,
    1.4938513371829003,
    1.2332114612596627,
    0.46178946915332775,
    2.0290199459422813
  ]
}