{
  "cat_params": [
    -1.1584341390334827,
    0.0436656019083338,
    3.1204758068244263,
    0.45355271514681894,
    1.3915103842147007,
    3.4406855427298892,
    2.1604306045708843,
    2.068791527555606,
    0.1168612135708186,
    1.5210377770798769,
    -0.12427343007349327,
    -3.1883901415360305,
    0.5578239688111897,
    2.741673214494596,
    7.97228244438853,
    1.5173252691488377,
    1.0477274886232857,
    5.556443668336699,
    2.7402455440686886,
    0.18743146208591602,
    1.9470961327816614,
    0.34485458427041155,
    2.6111488710639263,
    -1.1145376417898947,
    4.682754211813056,
    -0.2898156562793165,
    -1.3634897273093598,
    0.668261271596127,
    0.848410979794602,
    1.398365644542754
  ],
  "mood_params": [
    0.4742183207640999,
    2.987540987728832,
    0.5593335755476918,
    3.681653726209087,
    1.7728190895125566,
    3.142869771932822,
    2.5790788739187906,
    3.8722114895481354,
    1.3906456662770268,
    1.1606374308526415,
    0.37930665189694984,
    1.8963372664085714
  ]
}