{"adventurous": {"adventurous": 1.0, "risky": 1.0, "brave": 1.0, "adventuresome": 1.0, "daring": 0.6884992122650146, "courageous": 0.6605871915817261, "foolhardy": 0.6112382411956787, "ambitious": 0.5882340669631958, "exciting": 0.5800894498825073, "curious": 0.575560450553894, "imaginative": 0.5728901624679565, "fearless": 0.5700783729553223, "resourceful": 0.5490816831588745, "open-minded": 0.5457699298858643, "spirited": 0.5452197790145874, "enterprising": 0.5431492328643799, "challenging": 0.5403918623924255, "passionate": 0.538733959197998, "energetic": 0.5296804308891296, "inquisitive": 0.5285755395889282, "audacious": 0.5279890298843384, "gutsy": 0.5255123972892761, "confident": 0.5244624614715576, "cautious": 0.5235024690628052, "rewarding": 0.5200828313827515, "feisty": 0.5171800851821899, "timid": 0.5168842077255249, "eager": 0.5162549018859863, "impulsive": 0.5148698091506958, "foolish": 0.5122112035751343, "dangerous": 0.5120590925216675, "enjoyable": 0.5112161040306091, "adventure": 0.5094437599182129, "fun": 0.5088908672332764, "playful": 0.5070825815200806, "free-spirited": 0.5042545795440674, "thrilling": 0.5033978223800659, "willing": 0.5029696226119995, "exhilarating": 0.5027183294296265, "honest": 0.5025873184204102, "quirky": 0.4982360005378723, "embark": 0.4966994822025299, "optimistic": 0.49566560983657837, "fun-loving": 0.495510458946228, "enthusiastic": 0.4946715831756592, "incredibly": 0.49297142028808594, "minded": 0.4921422004699707, "inventive": 0.4920225143432617, "difficult": 0.49012482166290283, "inspiring": 0.48782312870025635, "rebellious": 0.4846643805503845, "anxious": 0.4836646318435669, "worthwhile": 0.48157769441604614, "unpredictable": 0.4814404249191284}, "amused": {"amused": 1.0, "amusement": 1.0, "entertaining": 1.0, "amusing": 0.7583184242248535, "entertained": 0.681746244430542, "enjoyable": 0.6583163738250732, "fun": 0.6524859666824341, "laugh": 0.6107528209686279, "entertain": 0.606347382068634, "humorous": 0.5967323780059814, "delight": 0.5937248468399048, "curious": 0.5922083854675293, "interesting": 0.5898181200027466, "comical": 0.5887289047241211, "enjoyed": 0.5865257978439331, "funny": 0.5819787979125977, "hilarious": 0.5803539752960205, "silly": 0.5798467993736267, "enjoyment": 0.5772269368171692, "surprised": 0.5739994049072266, "enjoy": 0.5678226351737976, "delightful": 0.5652821063995361, "annoyed": 0.5630780458450317, "exciting": 0.5608434677124023, "watching": 0.556603193283081, "amazed": 0.5557184219360352, "quite": 0.5543288588523865, "excitement": 0.5521175861358643, "fascinating": 0.5517951846122742, "intrigued": 0.5517683029174805, "appealing": 0.5507408380508423, "audience": 0.5499337911605835, "laughs": 0.5479352474212646, "fascinated": 0.5467026233673096, "surprise": 0.543698787689209, "enjoying": 0.5378982424736023, "disappointed": 0.5333961844444275, "thrilling": 0.532159686088562, "seeing": 0.5302227735519409, "imagine": 0.5295658111572266, "quirky": 0.5291811227798462, "everyone": 0.5286597609519958, "wonderful": 0.5285311937332153, "nonetheless": 0.5271137952804565, "pleasure": 0.5264235734939575, "enthralled": 0.5245838761329651, "laughing": 0.5239762663841248, "humor": 0.5224545001983643, "seemed": 0.5196348428726196, "antics": 0.5181741118431091, "impressed": 0.5176587104797363, "witty": 0.5172019004821777, "fantastic": 0.5171796083450317}, "calm": {"calm": 1.0, "tranquil": 1.0, "peaceful": 1.0, "serenity": 1.0, "serene": 0.8459051847457886, "quiet": 0.7655550837516785, "tranquility": 0.7520972490310669, "relaxing": 0.7133051156997681, "idyllic": 0.6756122708320618, "tranquillity": 0.6605541706085205, "surroundings": 0.6468715667724609, "secluded": 0.6421034932136536, "relax": 0.633546769618988, "calming": 0.6299258470535278, "relaxation": 0.6286457777023315, "relaxed": 0.6237768530845642, "amidst": 0.6098103523254395, "calmness": 0.608294665813446, "picturesque": 0.6056197881698608, "soothing": 0.6026490926742554, "gentle": 0.6022424697875977, "beautiful": 0.5967165231704712, "peace": 0.5928123593330383, "pleasant": 0.5915459394454956, "retreat": 0.588057816028595, "blissful": 0.5863850116729736, "restful": 0.585313081741333, "peacefulness": 0.5833213329315186, "ambience": 0.5737395286560059, "atmosphere": 0.5708543658256531, "solitude": 0.5699895620346069, "lush": 0.5677709579467773, "countryside": 0.5676764249801636, "surrounded": 0.5674170851707458, "lovely": 0.5556665658950806, "seclusion": 0.5551894903182983, "comfortable": 0.5546380877494812, "charming": 0.550177812576294, "pristine": 0.5492163896560669, "quietness": 0.5469926595687866, "enjoy": 0.5461560487747192, "delightful": 0.5455869436264038, "peacefull": 0.5437669157981873, "stillness": 0.5425366759300232, "enchanting": 0.5417643785476685, "meditative": 0.5376266241073608, "oasis": 0.5333316326141357, "silence": 0.5295008420944214, "wonderful": 0.5291412472724915, "quaint": 0.5291211009025574, "nestled": 0.5285097360610962, "perfect": 0.5279672145843506, "harmony": 0.5269492268562317, "welcoming": 0.5252997875213623}, "curious": {"curious": 1.0, "interesting": 1.0, "captivating": 1.0, "fascinating": 0.8567358255386353, "intriguing": 0.8449466228485107, "exciting": 0.7580118179321289, "amusing": 0.7296164035797119, "wonderful": 0.7144504189491272, "surprising": 0.6990074515342712, "compelling": 0.6989932656288147, "appealing": 0.695940375328064, "delightful": 0.6955359578132629, "quite": 0.6897951364517212, "strange": 0.6887333989143372, "entertaining": 0.6826109886169434, "amazing": 0.678286075592041, "fantastic": 0.6778711676597595, "inspiring": 0.675436794757843, "really": 0.6739674210548401, "incredibly": 0.6723088026046753, "unusual": 0.670435905456543, "yet": 0.6702793836593628, "quirky": 0.6673986315727234, "truly": 0.6593565940856934, "unique": 0.6573407649993896, "remarkable": 0.6564571857452393, "intrigued": 0.6560235023498535, "especially": 0.6548658609390259, "fun": 0.6517941951751709, "indeed": 0.6512022018432617, "certainly": 0.6503032445907593, "beautiful": 0.6501178741455078, "perhaps": 0.6489189863204956, "definitely": 0.6486494541168213, "thought": 0.6470273733139038, "familiar": 0.6453651189804077, "enjoyable": 0.6443989276885986, "attractive": 0.6443637609481812, "brilliant": 0.6434718370437622, "kind": 0.6423957347869873, "odd": 0.6407580971717834, "pretty": 0.6402712464332581, "though": 0.639456033706665, "weird": 0.638728141784668, "seeing": 0.637932300567627, "fascinated": 0.6368160247802734, "informative": 0.6364044547080994, "story": 0.6347495317459106, "imaginative": 0.6345608234405518, "lovely": 0.6334533095359802, "particularly": 0.6329801082611084, "extremely": 0.6329023838043213}, "dreamy": {"dreamy": 1.0, "magical": 1.0, "mystical": 0.697460412979126, "enchanting": 0.6832066774368286, "mesmerizing": 0.6533464789390564, "ethereal": 0.647763729095459, "surreal": 0.6445713639259338, "enchanted": 0.6311173439025879, "beautiful": 0.6226894855499268, "wonderful": 0.6205899715423584, "lovely": 0.6117891669273376, "whimsical": 0.611007809638977, "magic": 0.6090155839920044, "romantic": 0.6077530384063721, "delightful": 0.6072083711624146, "gorgeous": 0.6062670946121216, "mysterious": 0.6052005290985107, "amazing": 0.5966951847076416, "captivating": 0.5960308313369751, "marvelous": 0.5931693315505981, "fantastical": 0.5883477926254272, "stunning": 0.5867301225662231, "glorious": 0.5809920430183411, "haunting": 0.5804014801979065, "unforgettable": 0.5802725553512573, "dream": 0.5763348340988159, "exquisite": 0.5763067603111267, "dreamlike": 0.5742915868759155, "dazzling": 0.5696603059768677, "fantastic": 0.5680267214775085, "fairy": 0.5655003190040588, "wondrous": 0.5629537105560303, "otherworldly": 0.5629093647003174, "strange": 0.5607128143310547, "fabulous": 0.5591212511062622, "evocative": 0.5581459403038025, "alluring": 0.5577436089515686, "sweet": 0.5567206144332886, "wonderfully": 0.5564877986907959, "angelic": 0.5550355911254883, "sultry": 0.553383469581604,