{
  "cat_params": [
    2.294594628692758,
    1.4607669359855533,
    3.129737166595258,
    2.619736088094051,
    -0.8304573663997525,
    2.661695494884732,
    3.4333962707665777,
    1.8342885329893908,
    1.6091685808325138,
    3.343811900243714,
    2.846172528854857,
    -1.6481189804479341,
    2.8531884033238644,
    0.5781211462140183,
    5.3329563440793635,
    1.058270218720933,
    1.443934617752555,
    3.055155814436527,
    4.166079629105953,
    2.2739133599322745,
    1.685065624952525,
    1.5412021335772728,
    1.2814368060178198,
    -2.1628385983537637,
    2.0991904634972864,
    0.021649274305283312,
    2.8194034640415806,
    0.11262915622368153,
    0.5486363328259325,
    -0.5703045252783413
  ],
  "mood_params": [
    3.95247932647119,
    2.8703903181654438,
    -1.7332698288615338,
    1.8187850175876399,
    -0.056589973587271934,
    3.5899934786777443,
    3.020217624446935,
    3.863709227867921,
    0.5341977073428464,
    2.8022673860204885,
    0.08371128727543603,
    3.2621339886515908
  ]
}