{
  "cat_params": [
    2.18814195846198,
    1.2830687021760587,
    3.425543559677865,
    2.548021899078091,
    -1.0110955689856786,
    2.7194486798814377,
    3.1998170832275217,
    1.8573798276593838,
    1.570296871383008,
    3.068737979532293,
    2.5177021655119995,
    -1.6880221920482228,
    2.503545819042944,
    0.35720349485848546,
    5.142878668843235,
    0.7088470260778813,
    1.1054409253624813,
    3.061308770901167,
    3.821065839211218,
    2.0051399881049425,
    1.4011781323194796,
    1.3877179334007055,
    1.1510275511770427,
    -2.1567228566914896,
    2.2212752332752643,
    -0.039436524530441136,
    2.521597371883667,
    -0.17353408399860726,
    0.3551009816481869,
    -0.7095057728289409
  ],
  "mood_params": [
    3.786392027854868,
    2.6084361140885,
    -1.890487788171306,
    1.521343807574539,
    -0.2661681872396832,
    3.21362450126915,
    2.6888935278673096,
    3.627165060850844,
    0.2734234824314992,
    2.549564237456613,
    -0.18155521710277447,
    2.938183770542188
  ]
}