{
  "cat_params": [
    -3.6373386424332157,
    -2.551441404507688,
    -3.4839924573516274,
    -1.9065606438704277,
    -3.8507419980595166,
    -2.7583263194635865,
    -5.969541274943285,
    -1.2700200551448964,
    -5.916209903903494,
    -4.772363274567687,
    -3.5974900724791508,
    -1.520322360792119,
    -4.391327954907955,
    -4.174525543604457,
    -5.305657652901343,
    -3.4764739127178252,
    -4.8099993864935895,
    -2.8500125823539584,
    -4.757755113021222,
    -4.889229764266749,
    -5.145426709108688,
    -4.920254027794289,
    0.20528564914194228,
    1.263763523698019,
    -0.03427807562247747,
    -4.642990442726709,
    -3.6170916548152157,
    -4.7695622010221825,
    -3.876627086012505,
    -4.024147405337437
  ],
  "mood_params": [
    -2.2918953347858233,
    -3.9363892680118395,
    -1.808615317014893,
    -4.5373516184859195,
    -1.729853705555314,
    -4.051754563701269,
    -5.05855188899743,
    -2.632907447141198,
    -2.659080229703709,
    -3.544304621399489,
    -4.199604665013746,
    -1.3068552830241202
  ]
}