{
  "cat_params": [
    -3.812417095885028,
    -2.7254311835042806,
    -3.4750221657050826,
    -2.032488960425528,
    -3.9620088946188314,
    -2.782333594390633,
    -6.194183454701769,
    -1.2625164370575255,
    -5.982666045225844,
    -4.976850712997602,
    -3.6576771526252014,
    -1.5783277008055703,
    -4.574974668099488,
    -4.290199577908151,
    -5.530872630157327,
    -3.7034801680114042,
    -5.002599737808517,
    -2.8712392656760612,
    -5.023442446328799,
    -5.189288616215293,
    -5.308830224837624,
    -5.030156189111523,
    0.016346454135863723,
    1.6865086133005966,
    -0.012806724118659065,
    -4.709830816473529,
    -3.795113481926468,
    -4.909823997849985,
    -3.988636801472321,
    -4.107750151010883
  ],
  "mood_params": [
    -2.4190526501963325,
    -4.180588717167401,
    -1.8814824138050588,
    -4.7483552454381,
    -1.8829951252770274,
    -4.28507337209893,
    -5.3458080522076505,
    -2.833313555427652,
    -2.7535216174697483,
    -3.645767001077216,
    -4.328136087444619,
    -1.1818463314683836
  ]
}