{
  "cat_params": [
    6.602982249636039,
    4.5902580103940185,
    -0.5271016530366445,
    -0.10540060972225757,
    3.61394714531885,
    0.29037674127530727,
    3.5381755753757096,
    -1.4962128925863172,
    0.9177702006469821,
    3.7439530809363517,
    5.0839693125601535,
    1.3083161810206003,
    5.480760222391705,
    6.9730834014581955,
    3.3437216107817394,
    4.476438942241088,
    2.914639571823545,
    0.5645657152440542,
    5.200675255689008,
    2.9754515199079927,
    5.517857030152116,
    4.748696150377841,
    1.4144504962706985,
    -2.132640080785199,
    -0.3133770343883513,
    2.3094811302600813,
    5.540120431634119,
    3.3446262550615233,
    6.138774774532104,
    2.8203118630423156
  ],
  "mood_params": [
    4.522866869875463,
    2.9841540482984303,
    1.103926773106057,
    1.2618217747872928,
    0.5021383923705988,
    6.4178333287154015,
    4.3935973672856115,
    2.206428350376837,
    3.679965483820114,
    1.5401035022162415,
    0.06112962297149868,
    4.714393464229953
  ]
}