{
  "cat_params": [
    6.656165051275719,
    4.685450069647848,
    -0.43355146144204504,
    -0.10733588895223893,
    3.8295812189227085,
    0.36214866804305784,
    3.786692982049189,
    -1.4494569496081042,
    1.1419590179336117,
    3.9298739848009467,
    5.316274770922156,
    1.4465852237515058,
    5.662709341716459,
    7.210668353611457,
    3.534699690468236,
    4.7050107989431265,
    3.0541987029973794,
    0.7087586712204793,
    5.410623121233645,
    3.101454326217049,
    5.722114849804102,
    5.006534321997104,
    1.4012666396567426,
    -2.0945222144523994,
    -0.24507178856448592,
    2.512201636739842,
    5.737197552269673,
    3.5003697653917984,
    6.333203675741447,
    3.0281796653392754
  ],
  "mood_params": [
    4.593710984877916,
    3.075326678925185,
    1.1794610761602595,
    1.364317930810623,
    0.5944070496830811,
    6.6228243380863345,
    4.551817560601584,
    2.2939890171258406,
    3.802060861164201,
    1.6118396428339747,
    0.1450406186109303,
    4.858682538062241
  ]
}