{
  "cat_params": [
    -4.894304648776548,
    -4.667960982588722,
    -1.6584014215538747,
    -1.086298667064576,
    -6.166701465806196,
    -2.324648343587014,
    -9.981793679947867,
    -3.498857708147226,
    -2.3382551265978324,
    -8.40412782991617,
    -5.840658882746984,
    -3.440645003655674,
    -7.888054886304395,
    -5.403550913631717,
    -5.971161641633499,
    -5.918948057186806,
    -7.102033490715294,
    -5.496516371884261,
    -5.890469846577521,
    -5.931460362459546,
    -8.11181144294952,
    -6.086853569459348,
    -1.7722280807895034,
    -0.7800871002089107,
    -2.4921523379302113,
    -6.119437372658283,
    -7.292731987770634,
    -7.186552242210999,
    -6.17106769767238,
    -6.127977214263057
  ],
  "mood_params": [
    -2.8645455632983436,
    -3.9279102275810107,
    -3.8866909305931325,
    -4.578255852829373,
    -3.428129036707551,
    -6.0026418203982415,
    -4.527762938174018,
    -3.1102375327600904,
    -5.516464055691445,
    -4.127462111088567,
    -3.9194569063045104,
    -4.679261174852019
  ]
}