{
  "cat_params": [
    -1.0629008088234408,
    -1.4645638188285361,
    -1.1887981232126954,
    -0.738639338795918,
    -2.822474788527673,
    -1.0003330148714435,
    -2.23620241663232,
    -1.7863705717453149,
    -1.5695028119061682,
    -1.3496109291723681,
    0.7918898155819409,
    -1.59297541945484,
    -2.7626786369638823,
    -3.450976457487609,
    -2.0917120641025835,
    -3.0246107693531807,
    -2.441430651789389,
    0.20858154469818016,
    -1.2921885688307022,
    1.4437499708463017,
    -3.236471992353507,
    -2.586773128148256,
    -3.022610188781336,
    0.6876040924648775,
    3.186880844523842,
    -3.163868398235778,
    -2.0499634308730674,
    -3.717110704489423,
    -2.969658120344802,
    -3.0704068982826125
  ],
  "mood_params": [
    -2.988574829524665,
    1.074595882493281,
    0.9729835118226524,
    0.36052900350504896,
    -2.1468075285376123,
    -1.5133075422710403,
    -4.034080374274632,
    4.121831116516862,
    -3.2707240714903505,
    1.9357080287886705,
    1.0239404608868117,
    -0.2308081697982192
  ]
}