{
  "cat_params": [
    -0.9434869348388074,
    -1.388187713090624,
    -1.1075067317025122,
    -0.7406016339837169,
    -2.6864672486237535,
    -0.9343148817063214,
    -1.9583024951612615,
    -1.7450198752287904,
    -1.3730283382174435,
    -1.1658342485918605,
    0.9418580798721484,
    -1.509795227463927,
    -2.597881592885198,
    -3.335365962442844,
    -1.9088105771268964,
    -2.9067339270853987,
    -2.339512500000904,
    0.3308764153728436,
    -1.126371790182359,
    1.5576167805690515,
    -3.081361841314717,
    -2.4103535049349842,
    -3.0151522612415764,
    0.7050698086947816,
    3.2965718682085345,
    -3.041708382599739,
    -1.8889356275310505,
    -3.5968734498446477,
    -2.8645383668832136,
    -2.92745775555774
  ],
  "mood_params": [
    -2.9417611541965107,
    1.1471708175606397,
    1.0369795624177214,
    0.44319279165535364,
    -2.0865105779131166,
    -1.3841325444043597,
    -3.9112237383152837,
    4.206163517575403,
    -3.2134523762870133,
    1.9912045988282812,
    1.0969668949524143,
    -0.12138211676277208
  ]
}