{
  "cat_params": [
    -1.149395843507701,
    -0.7715106253289042,
    -1.7902860882952532,
    -1.584796561211502,
    -1.6117429752409191,
    -1.505604095900187,
    -1.4884986887874818,
    -2.1190509883554838,
    -2.4418238513721646,
    -0.3002021832876901,
    0.15677259897589094,
    -1.5144939300025257,
    -0.21773927376204996,
    1.5267734364478878,
    0.15757910510475534,
    -1.2562492458482428,
    -0.8933040081868928,
    -2.0450409708894544,
    -0.08376918059830694,
    -0.8600782290472444,
    -1.1586286675982402,
    -0.8002424908168142,
    -1.261336948377668,
    -2.5647337049209322,
    0.07100160467995142,
    -1.9321066478721125,
    -1.7691848971545583,
    -1.0300129095263386,
    -0.7243653751721517,
    -2.1081906669009247
  ],
  "mood_params": [
    1.8845212384429242,
    1.4147973706801602,
    -1.4815236588811391,
    -0.09924501756124664,
    -1.3120375485877713,
    0.24765808169490433,
    -0.22161241581247168,
    1.3446739652570519,
    -1.1146919621345264,
    0.34607264020262135,
    -0.8161481241983464,
    0.13906932785198703
  ]
}