{
  "cat_params": [
    -1.062318916573946,
    -0.7186296083859508,
    -1.7311117861819465,
    -1.5866958369166875,
    -1.5152610907399844,
    -1.4564708762856586,
    -1.2974432610031263,
    -2.0872994304811687,
    -2.301999044910358,
    -0.17715142155525992,
    0.2551317724177876,
    -1.4622491687510109,
    -0.10659782930714007,
    1.6420758522373782,
    0.2766989760038419,
    -1.1657469933085918,
    -0.8204171316320392,
    -1.955447478469383,
    0.0322654782757304,
    -0.7683536894113723,
    -1.0492465710295074,
    -0.6723590270514965,
    -1.259824179535449,
    -2.534722814771429,
    0.11459369532483447,
    -1.8454068144145443,
    -1.6583420035637564,
    -0.9444199312526923,
    -0.6422458753985226,
    -2.009483356503954
  ],
  "mood_params": [
    1.9243422454549814,
    1.4669077913889141,
    -1.4511465980854155,
    -0.04408700108767039,
    -1.2692719790104228,
    0.3449612614564766,
    -0.13331260123653257,
    1.395931506119379,
    -1.066974961669351,
    0.3921905781553069,
    -0.7692457395194369,
    0.21545340710564265
  ]
}