{
  "cat_params": [
    -1.8386316021820643,
    -0.6394996329414669,
    -2.9183529195324454,
    -2.8286412517730364,
    0.5699122654081388,
    -2.216191393893989,
    -3.4782139151730407,
    -2.5305480692434474,
    -0.8496554899845398,
    -3.881365675515847,
    -3.257904752400296,
    -2.403177498983008,
    -3.1174583002173453,
    -0.029363791052723527,
    -3.645686968986504,
    -2.027217056460385,
    -2.9912436052621083,
    -3.4305091116832456,
    -3.084189546261973,
    -4.434342451844326,
    -2.1062274490005684,
    -2.5874445027222026,
    -4.540059696052973,
    -2.8837308006219704,
    -0.7826158934792292,
    -3.324813978302372,
    -2.3083858836361375,
    -2.5451179616460604,
    -1.415239685642065,
    1.4073195469317001
  ],
  "mood_params": [
    -0.7140262497052008,
    -2.436035285051424,
    -0.5335985130905014,
    -2.5298102676106375,
    -0.657007717546668,
    -1.7440430163846747,
    -2.666384958467522,
    -1.9600098541560231,
    -1.681989323494366,
    -2.9982578264551325,
    -3.00760822145678,
    -0.6353581196628135
  ]
}