{
  "cat_params": [
    -1.934530674740569,
    -0.6924390098983416,
    -2.981306699707776,
    -2.826112520026741,
    0.4572469444001654,
    -2.26867183622771,
    -3.6981394154264358,
    -2.5639142089529967,
    -0.9849292148332703,
    -4.026659981359738,
    -3.3106282270575202,
    -2.4438841849358517,
    -3.2332055941413866,
    -0.12961039898993648,
    -3.782264596966485,
    -2.108326698445248,
    -3.0571404464043686,
    -3.523616379682274,
    -3.194025406911167,
    -4.552219172545597,
    -2.213307431129493,
    -2.7034573127413273,
    -4.556093596356242,
    -2.915816192926342,
    -0.812875247068386,
    -3.3975032836151517,
    -2.418721628367191,
    -2.627982080760438,
    -1.4918099822930273,
    1.2883988366085457
  ],
  "mood_params": [
    -0.7488321972367978,
    -2.4764189398750336,
    -0.569812875201871,
    -2.5715748326463412,
    -0.7039256715943294,
    -1.8282283533489803,
    -2.7512088476925647,
    -1.9958144765036188,
    -1.7253252359159863,
    -3.0713843555039313,
    -3.0493912273274537,
    -0.7092600446553049
  ]
}