{
  "cat_params": [
    3.7788136215776436,
    2.5785458103173595,
    0.0010366424883228034,
    1.7156552182915703,
    4.008173765087445,
    1.063050570075285,
    3.6614505704853246,
    -1.6368378737932123,
    3.2049840500778553,
    2.8365552423161997,
    4.394410709887178,
    0.31675789298040513,
    3.8940586854172126,
    3.261660336886284,
    2.636331017424825,
    1.389573187407995,
    4.4241393377182145,
    -0.09199868205216262,
    3.9228713343710266,
    3.298531081733517,
    4.411615634561956,
    3.7626476076525748,
    1.42142869017392,
    -1.8391286142183974,
    1.7186792168610494,
    3.3904426993971395,
    2.9376619200561067,
    4.908747337421229,
    4.177146009941491,
    4.0454136552052935
  ],
  "mood_params": [
    3.11710779012989,
    3.5460686536878896,
    0.1955794854193492,
    2.3312647635973116,
    0.37687678781955286,
    4.201115519699852,
    3.6334092735029353,
    2.933170845696537,
    1.5339542213896342,
    3.455922307407991,
    0.6202075352702595,
    2.2490662016260714
  ]
}