{
  "cat_params": [
    3.694028522064737,
    2.4856883869471034,
    -0.09034563602297277,
    1.7166505419317635,
    3.79273585807002,
    0.9949911350428985,
    3.413816872127072,
    -1.6839233775436977,
    2.9891984335247153,
    2.6458522141440532,
    4.17546996548146,
    0.19336909696042168,
    3.7110262372439204,
    3.0611160672708464,
    2.4431137468364343,
    1.1986582911984112,
    4.281273073635334,
    -0.23685757349112466,
    3.717577917382633,
    3.175194852795286,
    4.21184442225546,
    3.5144499574473267,
    1.434642390417744,
    -1.875509966624892,
    1.621804514340941,
    3.180927756119728,
    2.744408118966467,
    4.751877547971551,
    3.9994629137334003,
    3.8331446720284217
  ],
  "mood_params": [
    3.0495990546752916,
    3.4541789444612245,
    0.1268834829973489,
    2.224368311820267,
    0.28683439376198916,
    4.012722252392483,
    3.477742756008672,
    2.843322284719779,
    1.428824444857558,
    3.399596091536837,
    0.5359211070237287,
    2.113497788908708
  ]
}