{
  "cat_params": [
    -2.2145072201557254,
    -2.812611797930632,
    -1.617290056497782,
    -4.3011442212198565,
    -4.186148278753142,
    -2.313609486634533,
    -7.627560896010591,
    -4.197012480404216,
    3.736916671819706,
    -7.97727004233603,
    -5.631363912014273,
    -4.6550928614120775,
    -7.32303827568514,
    -2.349277187623542,
    -6.462748300670203,
    -8.423213140514255,
    -8.366607003338931,
    -5.436240198059036,
    -5.472248279362146,
    -5.6894620172223735,
    -5.830785154142563,
    -6.183194548850777,
    -8.30004784339161,
    -1.968519778493731,
    -0.014169627702580245,
    -6.386650804964201,
    -5.201247269944869,
    -5.933580580732587,
    -5.838241488409704,
    -2.4453978535864898
  ],
  "mood_params": [
    -3.0153565787526837,
    -4.337747614998874,
    -4.978645243283648,
    -7.558205328291002,
    -5.976757028099143,
    -8.415362927999963,
    -8.122013148805003,
    -5.023844591349682,
    -7.325469912689056,
    -5.6001080528739395,
    -6.360977051006177,
    -5.688198979339872
  ]
}