{
  "cat_params": [
    -2.1617529152775603,
    -2.6176306237304043,
    -2.0233544734929882,
    -4.309612730114044,
    -4.038243895650035,
    -2.4573932203924578,
    -7.580078864997683,
    -4.252111462961967,
    2.8220534825928865,
    -7.941048344874216,
    -5.818564411076161,
    -4.659568090903348,
    -7.299552148436581,
    -2.212473670320601,
    -6.483971997421805,
    -8.185756328266088,
    -8.312788946663137,
    -5.506583330147013,
    -5.404167012466892,
    -5.906384127034996,
    -5.746125919833125,
    -6.213794022984458,
    -8.394082885044394,
    -2.281439493644565,
    -0.0996338875961515,
    -6.5765905989145566,
    -5.087916811693686,
    -5.8813761812177745,
    -5.716288583017847,
    -2.3409967349791483
  ],
  "mood_params": [
    -2.8942135431767846,
    -4.309363102954382,
    -4.780518394221961,
    -7.598719366885621,
    -5.773071452548842,
    -8.19496671148503,
    -8.10844707522605,
    -5.0082409843861075,
    -7.096355834239978,
    -5.741540717982567,
    -6.4751409048657065,
    -5.519174902786531
  ]
}