{
  "cat_params": [
    -3.054297764605511,
    -2.4607309583191577,
    1.259037936914244,
    1.0719644312752357,
    -2.9651229074348473,
    0.6205480626498544,
    -3.782569127114062,
    -0.15444501224390916,
    -2.2943688986990165,
    -2.8745326829543103,
    -1.8688950432371836,
    -2.5162327218678664,
    -2.7396609203663136,
    -2.383495460742397,
    -0.6509337131279154,
    -2.0536929990976223,
    -2.009307698895943,
    -0.5493413076640641,
    -1.220204391075503,
    -1.9859399435194778,
    -2.9154371607025853,
    -3.0260088307610826,
    -1.4533851812466387,
    -1.0046388676811542,
    0.5277401313698558,
    -2.1042249974379095,
    -3.401546955585374,
    -2.663120892567837,
    -2.600339382120848,
    -3.3358961733560752
  ],
  "mood_params": [
    0.3925747382199996,
    0.643539721349709,
    -1.8041487245012213,
    0.298421658464329,
    -1.4481811573013421,
    -1.6585331247352508,
    -1.365028608333002,
    1.3650629678975321,
    -1.7167290174052794,
    -0.5713787278274768,
    -0.5498167121438213,
    -2.318906957734329
  ]
}