{
  "cat_params": [
    -3.1601628816794007,
    -2.509586261573559,
    1.2121363460537784,
    1.0724600199993668,
    -3.044797503356222,
    0.5827579541240197,
    -3.9976009152895284,
    -0.17791672248033502,
    -2.427364624072447,
    -3.007521058528526,
    -1.9347848980093552,
    -2.5519518998919577,
    -2.8491352362555014,
    -2.4573788850680223,
    -0.7680062549379886,
    -2.1292174540757034,
    -2.0744904828060546,
    -0.6312266812169155,
    -1.3277965967745178,
    -2.081924694831187,
    -3.0150242754377983,
    -3.1325267747001346,
    -1.4559633828934844,
    -1.024788041780002,
    0.48015820712539925,
    -2.1831277327880136,
    -3.50527535666275,
    -2.7413088697510792,
    -2.663951329315433,
    -3.4210812035194333
  ],
  "mood_params": [
    0.35752111834918254,
    0.5963511471529152,
    -1.830247434449973,
    0.24426087137446614,
    -1.4870970289906282,
    -1.738373301277715,
    -1.4470975982422236,
    1.3162480817360636,
    -1.7569787401633343,
    -0.6226455929258138,
    -0.5947237952364213,
    -2.3840097805990377
  ]
}