{
  "cat_params": [
    0.5806166962288148,
    0.667922182856912,
    -2.702070164847693,
    -2.2217991562248565,
    -1.0913858105147867,
    -3.6363940570598863,
    -0.9346887250695329,
    -1.8076228917149664,
    -1.7061857308798074,
    -0.8846553943359977,
    -0.060537992521686464,
    0.9036618778486493,
    0.5241568964589697,
    -1.2473273356695853,
    -1.6844156618743136,
    -0.08658382397091872,
    -0.1967444582274729,
    -3.1127886444385986,
    -0.03786246741357056,
    1.2279569679497326,
    -1.2121944021503341,
    0.7769523214489199,
    0.33519262191671273,
    -1.7713044775094258,
    -2.071361750047418,
    -0.11635662425383439,
    -0.4979425147478828,
    -0.606574530418748,
    -0.09146909886539073,
    -1.1251312688469044
  ],
  "mood_params": [
    0.8211101498671642,
    0.1969968477665397,
    -1.2934289805682595,
    -0.6417568822866991,
    -0.07609011459926578,
    0.18561929829194265,
    0.5473569907529976,
    -1.00902918924824,
    -0.3043181364678279,
    0.17140299782087384,
    -0.6198930689295421,
    0.5352159885180451
  ]
}