{
  "cat_params": [
    0.5122103610513694,
    0.6140185549326604,
    -2.7643354278350953,
    -2.2195779906714654,
    -1.19115747361576,
    -3.6951317143954765,
    -1.1209418368832247,
    -1.8383556970884412,
    -1.8441434894181987,
    -1.0119546672906814,
    -0.1547964940216788,
    0.8224052791079887,
    0.4139803460424553,
    -1.3366029072475463,
    -1.8122640626620998,
    -0.188852195622796,
    -0.2716395533690823,
    -3.2051390637788315,
    -0.15375763799664008,
    1.1504735733793043,
    -1.3212215967877485,
    0.6400853039952473,
    0.34074076334750436,
    -1.796777611934355,
    -2.0824700492433825,
    -0.21943119682604603,
    -0.6096907245729349,
    -0.6927434652432093,
    -0.17754254001310063,
    -1.229070301098651
  ],
  "mood_params": [
    0.7833861867632174,
    0.14870199598594525,
    -1.3248094168505533,
    -0.6936945634005329,
    -0.12694785965684663,
    0.08931670184461823,
    0.4581231496840421,
    -1.049212739934053,
    -0.35746796404343095,
    0.12352624782779717,
    -0.6671370394342241,
    0.45789903514474956
  ]
}