{
  "cat_params": [
    -1.4754237553411629,
    -0.6597222088355712,
    -1.7086000665650947,
    -0.0648885081082411,
    -0.6265084952301642,
    -2.5706404716165494,
    -1.385354263160755,
    -1.2311620126527483,
    -1.7724632038053514,
    -1.6487928199309054,
    -1.919684566562283,
    -0.8108080208863794,
    -1.3362660737663672,
    -0.7263337516839742,
    -3.1363340170704097,
    -1.3692465280598796,
    0.7397274491558812,
    -2.343362137765813,
    -0.528211948888261,
    -0.8025535170201278,
    -0.6637657625699411,
    -0.5002545943519862,
    -1.8471645905423069,
    -0.6353010977020074,
    -0.8979597443399575,
    -1.113928117305703,
    0.48509322232854996,
    -0.2595598331338142,
    -0.36001145232956017,
    -1.0729416538831769
  ],
  "mood_params": [
    -1.3969530938029044,
    -1.9275758145107407,
    0.6079705249486153,
    -0.5842064300600901,
    1.6011347021685476,
    -0.4544919668315664,
    -0.43859565356105573,
    -1.7095524655398349,
    0.030185583402779093,
    -0.7783143354543861,
    -1.832132076836177,
    -0.48100052869777454
  ]
}