{
  "cat_params": [
    -1.5671952739175086,
    -0.7126466712192505,
    -1.7677027045926144,
    -0.0637605310487647,
    -0.7298881617104681,
    -2.6246825671875484,
    -1.5775734983350636,
    -1.25979499597904,
    -1.910628650247454,
    -1.7806806839788991,
    -1.9897920373371207,
    -0.8710410388150647,
    -1.4492885973631608,
    -0.8203022712389956,
    -3.270644616709045,
    -1.4575300245919152,
    0.6618169256163663,
    -2.4338796899172626,
    -0.6431317877333828,
    -0.8945220290579872,
    -0.7739874400184409,
    -0.629204847122137,
    -1.8512774310189168,
    -0.6540218323112025,
    -0.9265050622637456,
    -1.2075553221613002,
    0.3725780712731704,
    -0.3463203562635688,
    -0.4441570694162441,
    -1.1771894336948707
  ],
  "mood_params": [
    -1.430460921397793,
    -1.9694871844601771,
    0.5644936743021813,
    -0.6364542016805805,
    1.5389019958063186,
    -0.5467750028415481,
    -0.5264765534945668,
    -1.7465103552429067,
    -0.025347099498837667,
    -0.8337566119059815,
    -1.8766035246875032,
    -0.5553527759298014
  ]
}