{
  "cat_params": [
    -0.5867708817950053,
    -2.479567812946623,
    2.9700815862846595,
    0.5235087649376615,
    -1.758427258470672,
    -1.249565799388603,
    -1.9365923141216537,
    1.926053578790992,
    -0.4325906703526168,
    -2.352255335014269,
    -2.222487723184918,
    -0.7828789624641411,
    -2.2303426848299184,
    -2.4704341161798697,
    -1.6717173399261924,
    -4.26323284271526,
    -2.5938333572009693,
    1.0146857755275616,
    -4.097797653191852,
    -0.7361324095484886,
    -1.2232446273837652,
    -2.7263827907360447,
    1.201457756583601,
    5.1507682671772015,
    -0.25641236202890916,
    -0.9681680846480473,
    -2.502088707304655,
    -2.2991606579087325,
    -2.019585135463868,
    -1.7576679275820015
  ],
  "mood_params": [
    -2.121349781800991,
    -3.5521027765917546,
    -1.4075878611417154,
    -4.2757433669179665,
    -3.9369357967693066,
    -5.393127561306246,
    -5.585837363568558,
    -3.5274363693898763,
    -4.102971795484416,
    -2.433285436180865,
    -2.860483569620813,
    -1.6912142304021824
  ]
}