{
  "cat_params": [
    -0.7211672049036377,
    -2.5686947715996777,
    2.888151002054349,
    0.5251083049773634,
    -1.929109451891904,
    -1.3278142998381173,
    -2.25833554960815,
    1.8919462983607545,
    -0.6597750357556355,
    -2.5741168030200328,
    -2.355472406033297,
    -0.8927835297371969,
    -2.422743906837945,
    -2.619345463827157,
    -1.884108874029225,
    -4.39251517866099,
    -2.7141018327189848,
    0.8724631405900862,
    -4.28713752415096,
    -0.8882508462346603,
    -1.4107430602619038,
    -2.934358198129486,
    1.213697677100882,
    5.155934835536526,
    -0.3239367577634867,
    -1.1364053860749466,
    -2.6910985436212256,
    -2.443742454633521,
    -2.1527828562824993,
    -1.935606569749386
  ],
  "mood_params": [
    -2.17890116051892,
    -3.622665350642411,
    -1.4660847568200805,
    -4.347040263532352,
    -3.9977218557579888,
    -5.521274052754702,
    -5.72885307264415,
    -3.5875361278302793,
    -4.167946624900063,
    -2.5365255657427155,
    -2.936809278178649,
    -1.8152872842100503
  ]
}