{
  "cat_params": [
    6.1626071974134655,
    4.230064449379935,
    0.6457626133165939,
    1.055743803184899,
    2.0323218531557523,
    -0.48491154586422114,
    2.891203947964981,
    -0.3490623258225639,
    1.3335567314864025,
    3.0230380016076697,
    3.222316187360477,
    -0.30665839829215935,
    3.5914982503359454,
    3.9789858409770655,
    3.2269124602151864,
    3.126351816045408,
    2.614799346481362,
    0.8500513406510823,
    5.426721914861319,
    2.234113355000775,
    3.533255586334339,
    3.6024896438881746,
    1.3909726801214468,
    -2.463517931200483,
    -0.5306813456444297,
    1.7227565472094597,
    4.732665869509517,
    2.910363323348143,
    3.2649371764464585,
    2.296740803584019
  ],
  "mood_params": [
    3.290663134714071,
    2.801191344549382,
    0.1338613559733152,
    0.9961244287002231,
    0.44489433477418255,
    5.825515169670267,
    3.83925451158448,
    2.3698818499125123,
    2.3643247831199714,
    0.6837427948817054,
    -0.3214920920183387,
    4.506484949698455
  ]
}