{
  "cat_params": [
    6.217457614861419,
    4.322626209770593,
    0.7332245999987316,
    1.0544457933231506,
    2.2307589191003454,
    -0.4116201110247068,
    3.140583078910458,
    -0.3075341963148559,
    1.550598793103837,
    3.2078980609117926,
    3.4258599888038024,
    -0.1915815825039401,
    3.771431264895284,
    4.184869090937151,
    3.4131078142195945,
    3.3354253388584305,
    2.7500379736510263,
    0.9898175490847987,
    5.631979960307584,
    2.3615791432012965,
    3.7282309510827396,
    3.8473008511243805,
    1.3780712954037877,
    -2.4241021335328976,
    -0.4675349784983073,
    1.9152149825016698,
    4.924148150167768,
    3.0615011100413185,
    3.4347217010310165,
    2.49657134729874
  ],
  "mood_params": [
    3.3575578197979405,
    2.889696025432548,
    0.2014213600110455,
    1.0947174390694638,
    0.5344840042293137,
    6.022528122139853,
    3.9927934485356147,
    2.4562063644458036,
    2.4745162736989874,
    0.760085783386825,
    -0.24061575201175572,
    4.6468047444898835
  ]
}