{
  "cat_params": [
    -3.9972674866660056,
    -2.1343100258177534,
    -5.144541619979456,
    -2.6147266667864355,
    -0.6224452346647519,
    -3.736610310872471,
    -5.368932646387092,
    -4.220864922329997,
    -3.3829013484631494,
    -4.987731593822752,
    -3.3358243786006607,
    -2.1940838966842695,
    -4.210469143213659,
    -1.4200257730388886,
    -5.461995336108851,
    -3.507207641486326,
    -3.7643901957024033,
    -6.756313675325796,
    -4.494448733944532,
    -4.534039129369835,
    -3.9927233810608795,
    -2.3806295014746803,
    -0.07703968142727897,
    -2.2215365642710574,
    -2.0876823728688527,
    -3.4720846731532493,
    -4.400359159042292,
    -3.7965056311935763,
    -2.3756791950142873,
    -1.2889751900697546
  ],
  "mood_params": [
    -0.6327558257835499,
    -3.2088343929051852,
    -1.26720369411777,
    -3.4054955399015827,
    -1.5807345245046733,
    -3.9341619766009885,
    -4.431684765346318,
    -2.773839702451569,
    -2.677271482594946,
    -3.249205332332731,
    -3.717323692723122,
    -3.6129959039815076
  ]
}