{
  "cat_params": [
    -3.82639469265627,
    -3.3356992864820847,
    -3.5998274315174124,
    -2.1520239865912063,
    -3.474631993442235,
    -3.090031518306328,
    -5.808299222310724,
    -3.3275134722238393,
    -4.267275559605272,
    -5.654022356635981,
    -3.2956837689227583,
    -3.0291542122872235,
    -4.852888423586191,
    -2.722895194240247,
    -5.866145784731649,
    -4.830919116494526,
    -4.471239543758866,
    -5.43630563302491,
    -4.7213554743361446,
    -4.587543759980919,
    -4.687765384138504,
    -4.373888885368965,
    -1.6431695043372305,
    -1.688481847030039,
    -1.8313599066501383,
    -3.834157670773718,
    -4.542553783336121,
    -4.837056195761261,
    -3.890933576700062,
    -3.9458194406090845
  ],
  "mood_params": [
    -1.2909050377088103,
    -3.380858784425294,
    -2.218352709015764,
    -3.821931417411823,
    -2.8839637294075358,
    -4.8021230520776665,
    -5.231218823074827,
    -2.570822763526224,
    -3.6267833271786807,
    -2.809031639191969,
    -3.6688389073315424,
    -3.70887860579595
  ]
}