{
  "cat_params": [
    -0.8092269620864478,
    -1.2088631967570507,
    3.026691742188907,
    3.224840059231358,
    0.8338636989807771,
    4.254735806538647,
    3.916071669967674,
    5.67479691154827,
    -0.29565944533656924,
    3.6500273990782897,
    -0.08103664227599482,
    2.0163189670275385,
    3.24380389045516,
    -0.6153296566782903,
    1.2483341198957247,
    3.174173480001107,
    3.6337474640905034,
    2.416072025259137,
    1.9175224499059247,
    0.6053400028615618,
    1.9608930519211651,
    1.0348888055794325,
    2.4287018477451543,
    0.7486388075189344,
    0.39100779957092036,
    2.0324324071717785,
    2.003969842510388,
    1.7233565327603437,
    1.6201984772166609,
    0.2538838515220679
  ],
  "mood_params": [
    -2.22481300407854,
    -0.16185796395559326,
    3.806654789297259,
    2.337830956806517,
    3.961262848119535,
    0.981119979605104,
    -1.1953349774859472,
    -0.7477536396848139,
    4.526537835591899,
    -0.2860321317825525,
    2.767204708130365,
    1.2459550732024893
  ]
}