{
  "cat_params": [
    -0.7186389498379827,
    -1.177324206011792,
    3.120977557142458,
    3.1856450738702478,
    1.0273482268530754,
    4.276398983997871,
    4.108439695162457,
    5.7111914387560265,
    -0.04819154719763215,
    3.8172014019860554,
    -0.21799643549202327,
    1.8835119331888335,
    3.37615224709178,
    -0.403802138425045,
    1.3986892450544886,
    3.407833649626206,
    3.7613249313368793,
    2.5991340293674234,
    2.0218125595054395,
    0.6773682460149197,
    2.1571020728898467,
    1.1655313234356632,
    2.330229720637528,
    0.7527728633644744,
    0.5249108304480727,
    1.753179336423581,
    2.189637924199906,
    1.8991736962299,
    1.7906605201109436,
    0.507243817510931
  ],
  "mood_params": [
    -2.1643445195791298,
    -0.11902383375763784,
    3.983749169703037,
    2.4533156336441366,
    4.14680572604334,
    1.1631295581177683,
    -1.0626816916578394,
    -0.6908532166346618,
    4.736871884829862,
    -0.2792807255974148,
    2.8215826484592617,
    1.4047024859271167
  ]
}