{
  "cat_params": [
    -3.956090477858847,
    -0.9577250601160006,
    -4.509860011385364,
    -3.1417636806653086,
    0.3814988659536667,
    -3.5130930753396927,
    -4.301334077970074,
    -4.214956946084172,
    -0.8970023004291576,
    -2.222371517338544,
    -2.295538328171042,
    -2.3293428321241993,
    -3.1250922925340108,
    1.7958232330171147,
    -1.9259206131757012,
    -1.6317528480035821,
    -0.4432347146975968,
    -3.736765778719428,
    -2.2988453680665035,
    -1.9909649636828655,
    -1.0598355387255292,
    -3.0993494348223014,
    -2.7570543273709727,
    -3.519793243790408,
    -2.5112858124364954,
    -2.729057787123648,
    -3.6662334806055448,
    -0.046256486613995014,
    -0.09503238266907428,
    -0.6046349225407146
  ],
  "mood_params": [
    -0.30456593371655794,
    -1.2929388853836252,
    -0.2997382378041039,
    0.7734031526553018,
    2.6379480412765717,
    -1.1984331969865012,
    0.6503948216612658,
    -1.4192211864370619,
    0.008453536463958893,
    -0.7369262460812755,
    -0.5215396987511063,
    -2.181929869047803
  ]
}