{
  "cat_params": [
    -3.8374762049770497,
    -0.904981481581853,
    -4.442055657128645,
    -3.144452475229242,
    0.4935716929110739,
    -3.4551539367151127,
    -4.073527534698859,
    -4.1755985294473765,
    -0.7620032437365193,
    -2.08784716307173,
    -2.229454893362358,
    -2.28721415283052,
    -3.009510131806599,
    1.913571194309511,
    -1.7975685912801858,
    -1.5453898425314543,
    -0.36889393883499166,
    -3.6431519696616532,
    -2.1872253970315603,
    -1.8912301245754284,
    -0.9502378001088136,
    -2.98580586697591,
    -2.7489494150081493,
    -3.484139027245824,
    -2.5066459344970617,
    -2.6499775333035367,
    -3.5568717750365306,
    0.041016456939005894,
    -0.008362330875414515,
    -0.49697982097243515
  ],
  "mood_params": [
    -0.26891390843993523,
    -1.24898863533088,
    -0.26179470119526677,
    0.8332886010511205,
    2.707685389307588,
    -1.1102680884334537,
    0.7398928637586785,
    -1.3807492747744812,
    0.06422872754264257,
    -0.682249232150769,
    -0.4739619679229808,
    -2.112336876173387
  ]
}