{
  "cat_params": [
    -0.37922056270162346,
    0.7273734679003881,
    2.9651172712250884,
    3.40296999177022,
    -0.794304876949296,
    2.308048773173882,
    3.800413150574525,
    2.585129534245962,
    1.5365735571468624,
    1.3436459108045737,
    0.7795737588659984,
    0.06924618102678778,
    1.0879288223527321,
    -0.9327684584486311,
    4.911733955542707,
    -0.26874821135018967,
    2.778464964904801,
    5.7940580096792145,
    3.0402552650780157,
    3.878375850449598,
    0.6687005613347058,
    0.37936158411662974,
    4.294058020572224,
    0.7941598113114078,
    0.04058209105090386,
    2.5079327036623096,
    1.136568844489362,
    2.58403932600542,
    -0.15488048502291046,
    -1.0401122736094093
  ],
  "mood_params": [
    -2.031680354462865,
    0.8574673389351992,
    -1.0286219331321533,
    3.5412998263630224,
    1.0626217611409265,
    1.103071142578494,
    5.349114924392481,
    0.7210438549923006,
    -0.009631697620687324,
    5.276869573887388,
    2.7919895497472202,
    1.4194323305069088
  ]
}