{
  "cat_params": [
    -0.5134417952445249,
    0.6343264121124567,
    2.881608623724595,
    3.4031420129485883,
    -0.9756209750686884,
    2.2442310650454744,
    3.549557101751072,
    2.5527199997319356,
    1.3116991880517415,
    1.140426762066837,
    0.6048241762587014,
    -0.05315047915812503,
    0.8973728888988934,
    -1.098456716096929,
    4.725140358731095,
    -0.4445871615206243,
    2.638698950912479,
    5.660747765343764,
    2.8333412668918943,
    3.7566653486508486,
    0.4738305743390132,
    0.14829093239613833,
    4.32010675859835,
    0.7729956483484441,
    -0.0325751949339779,
    2.30374264910176,
    0.9414556710426087,
    2.428594013828252,
    -0.3039895334222829,
    -1.2255155553993533
  ],
  "mood_params": [
    -2.0904549672129273,
    0.7722670529808474,
    -1.0906828573758651,
    3.426270838247326,
    0.9664330328991718,
    0.9313623118341604,
    5.188518161265797,
    0.6400762614597273,
    -0.10537607344802133,
    5.233615627650815,
    2.7013193707688488,
    1.2840788808965462
  ]
}