{
  "cat_params": [
    3.9230199762236384,
    3.180790298222834,
    -1.092976505184719,
    -2.8983134211531487,
    3.057457504119841,
    1.3724406753666643,
    0.7804187959194507,
    -1.2385807478462494,
    -0.4254400512955002,
    2.3356179228903087,
    0.5359072275177796,
    -2.097228097753103,
    1.7083296277243936,
    5.428226458097964,
    1.2557503212974859,
    0.6956379264291025,
    -1.6222025644032303,
    2.282674460407542,
    0.9679644389245691,
    -1.3071696493763758,
    2.5136362930633,
    -0.09845139349393792,
    -2.6877856176948556,
    -3.3461844384196127,
    4.248604132574158,
    -1.7090807670385522,
    3.7344242535082857,
    0.021026311522209986,
    3.109319427646383,
    4.755516803945588
  ],
  "mood_params": [
    2.309824912234041,
    -0.18517498581125275,
    -1.3419824342437423,
    -3.540529793024354,
    -3.4439552909938134,
    1.0557729201433441,
    -0.7456064081995529,
    -0.6022464274986586,
    -0.060531105483284255,
    -2.364241359106695,
    -2.4225734786124016,
    1.685463379446181
  ]
}