{
  "cat_params": [
    4.007391029855143,
    3.2757168105898926,
    -0.9968552654617113,
    -2.901680832806125,
    3.2703199470890794,
    1.4400825218310127,
    1.0674550357587316,
    -1.1924111067746928,
    -0.19513916592853225,
    2.531702873752207,
    0.7097497695861565,
    -2.0002079910176005,
    1.8976468988062583,
    5.653239423993848,
    1.4577170580284686,
    0.8840457929149128,
    -1.496200923704376,
    2.4240125614300627,
    1.1711607065674512,
    -1.1495909800888116,
    2.7129586937814003,
    0.13108028707025973,
    -2.682948151568855,
    -3.3006805596968722,
    4.386340367706956,
    -1.5432569636625435,
    3.93171813631887,
    0.17236020947796257,
    3.2831092732911076,
    4.976513730162087
  ],
  "mood_params": [
    2.376979587085567,
    -0.10286009551250941,
    -1.281530475668675,
    -3.463242333309499,
    -3.3778821199003985,
    1.2282679204847051,
    -0.5931637418159013,
    -0.5270257514053086,
    0.03553501788287501,
    -2.260940596532744,
    -2.343649064540698,
    1.8219912529014892
  ]
}