{
  "cat_params": [
    -4.819258779399502,
    -3.3775103247497666,
    -3.0615182713877616,
    -3.753333931931558,
    -4.1298966749714765,
    -2.5664339831634213,
    -6.973936039077953,
    -2.8352451214923855,
    -5.327776763967846,
    -5.465661653653452,
    -4.612384617714416,
    -3.543018238686166,
    -5.336400350464934,
    -2.2702062643063528,
    -4.411172528683791,
    -5.572682001966392,
    -5.694178329842685,
    -5.156257037224502,
    -4.902144015077314,
    -4.76036467700808,
    -4.9464997007727165,
    -5.255116179847015,
    -5.332066704533143,
    1.7964103185913938,
    -0.5334968010768597,
    -4.976428782995592,
    -5.937282723851208,
    -5.119825012973758,
    -4.404986245251153,
    -3.7277090160997948
  ],
  "mood_params": [
    -2.590800509850786,
    -4.243429647252939,
    -2.8220810421840037,
    -4.593041450800048,
    -3.1221270919657815,
    -5.300297046398657,
    -5.033395012128081,
    -3.4584567366780377,
    -4.9075493703072155,
    -3.9496216785479636,
    -4.9239609057013265,
    -3.692481784328365
  ]
}