{
  "cat_params": [
    -4.6928233580034195,
    -3.3279061011250506,
    -2.9996644322827,
    -3.7563051038930357,
    -4.0558737316789895,
    -2.513724251170017,
    -6.715555798345483,
    -2.8015034467077826,
    -5.182284052445739,
    -5.3148481663493605,
    -4.579232288093071,
    -3.5177558844363865,
    -5.220246361780504,
    -2.191984871756137,
    -4.2748420226958475,
    -5.532402806425852,
    -5.63871875429272,
    -5.061415364717149,
    -4.798654756968938,
    -4.643181881194188,
    -4.8482192838764835,
    -5.15838293492237,
    -5.3125103659008595,
    1.8002755911495187,
    -0.5000998536466063,
    -4.921498473352992,
    -5.8325358020068325,
    -5.043428025688711,
    -4.351692343262089,
    -3.6414565978338733
  ],
  "mood_params": [
    -2.5604198936143128,
    -4.209582650993911,
    -2.801296351859601,
    -4.563638103548136,
    -3.093031094678903,
    -5.240476385858805,
    -4.953950592945128,
    -3.4305585843244,
    -4.888455567752187,
    -3.870791315247941,
    -4.887710040089343,
    -3.6292323489601914
  ]
}