{
  "cat_params": [
    -2.7534398334156163,
    -2.373826363540038,
    -3.110441628394701,
    -0.09727790403568867,
    -3.135914498384691,
    -1.9687239493716724,
    -4.034901307159665,
    -1.3165738176562063,
    -5.384157773333373,
    -5.383254039536273,
    -2.317562529711606,
    -0.8886212298552782,
    -3.8004313698717853,
    -3.4489265152222734,
    -4.432163415064664,
    -3.212306294236487,
    -3.4586646076905514,
    -0.40153713218340453,
    -3.421563435843052,
    -3.8650867123306183,
    -3.534032765049284,
    -3.5485792917201517,
    3.2405747644413845,
    0.9809504824193894,
    -1.6077410225258677,
    -3.116123798473007,
    -2.745655660817442,
    -4.063202573250872,
    -3.3468981778250626,
    -3.4267841725029045
  ],
  "mood_params": [
    -2.0955626551458875,
    -3.547311920841754,
    -0.7155443005377599,
    -3.8066079031667273,
    -2.515640495539711,
    -4.492038635391574,
    -5.136895161084841,
    -2.502491513166836,
    -2.4321138186847824,
    -2.7642169827300003,
    -3.1821708953986088,
    -3.6188549065940276
  ]
}