{
  "cat_params": [
    -2.6230348627377538,
    -2.2316360598993072,
    -3.039504390255295,
    0.021178729192062665,
    -2.843683845644344,
    -2.0564768890688154,
    -3.825816176877519,
    -1.2477312549042163,
    -5.527443958266186,
    -5.121696884735528,
    -2.116084799064896,
    -0.997639398313496,
    -3.546954957235393,
    -3.247401832898081,
    -4.323955140267904,
    -2.9379156843685212,
    -3.184527166630438,
    -0.30404737168760704,
    -3.3261764713695627,
    -3.712500666798678,
    -3.244627256677777,
    -3.4284674925172967,
    3.3000005923218847,
    1.0411377200146705,
    -1.569324187510512,
    -3.118380363479975,
    -2.5595341310947055,
    -3.7822293419269593,
    -3.054001643213131,
    -3.1890632367672747
  ],
  "mood_params": [
    -2.0013444648194767,
    -3.4742405956586224,
    -0.4664454721344937,
    -3.676059013863082,
    -2.2981994563679033,
    -4.216514078949445,
    -4.976539267854738,
    -2.4076204459446626,
    -2.163244000317052,
    -2.615192363738079,
    -3.0396058249950157,
    -3.3210303070255787
  ]
}