{
  "cat_params": [
    1.958662961689072,
    2.3669728414639497,
    0.1352263937745113,
    -0.5492984231833294,
    3.433543706886893,
    -1.2457452191524536,
    2.743530365150931,
    -2.393235876170679,
    3.1576623633371157,
    2.2878564393714225,
    0.19154720246496199,
    3.72672579918615,
    2.4123428652594017,
    3.2684625456800016,
    1.7910921712479946,
    5.005842153770573,
    2.8843722571226644,
    -0.41851955917459865,
    2.9491261368382955,
    -0.3446880392791612,
    3.435739394619894,
    2.478758075854068,
    1.9938793105686383,
    0.38928638320705505,
    -0.34664498376031133,
    3.3841450748862583,
    3.434905310351055,
    3.4875066688995306,
    4.06139782345098,
    2.7857903349136306
  ],
  "mood_params": [
    -0.3208067733251244,
    1.6526204388218397,
    3.385761511619978,
    4.785076713560167,
    4.161250871872565,
    5.2045525394068415,
    6.651148476032731,
    0.47310205145717704,
    3.585905515884006,
    2.328853300487213,
    4.096294102055641,
    2.7870287453665905
  ]
}