{
  "cat_params": [
    2.0640315274245347,
    2.460523971128785,
    0.22667481290707372,
    -0.5514587975297748,
    3.647766682464705,
    -1.1672350409115289,
    3.002430212974138,
    -2.3432242875287557,
    3.374854152986175,
    2.482468908156985,
    0.3594617487444982,
    3.895018604410054,
    2.598978711927089,
    3.4723741072960976,
    1.9889500740040649,
    5.24024972197653,
    3.023833613068267,
    -0.2719903401920785,
    3.1545866233165434,
    -0.19516801294979286,
    3.635452443636613,
    2.7224382824356668,
    1.9781417108762973,
    0.41250250404496525,
    -0.2788415644301282,
    3.597140348671419,
    3.6303387095510407,
    3.6434941767567937,
    4.240805723070198,
    2.9934526965904027
  ],
  "mood_params": [
    -0.2591871365470711,
    1.7397802925530574,
    3.4759054443502277,
    4.906659539831851,
    4.278505132015453,
    5.4018766425374265,
    6.812470776479682,
    0.5526444446741424,
    3.707326044642867,
    2.394355852560773,
    4.189455114181423,
    2.9256784806297045
  ]
}