{
  "cat_params": [
    -1.3369120483427697,
    0.4081351691179351,
    -2.654124890611157,
    -1.7315684587910432,
    -2.192981184643519,
    -1.5476103425846286,
    -2.8911866922904115,
    -1.9761274141764895,
    -1.5630884526281121,
    -1.8527821500920807,
    0.4783480308521243,
    -2.530804623794519,
    -1.5708921252592072,
    3.0924360724971223,
    0.05391086253576355,
    -1.3974439006298147,
    -1.370828163906833,
    -2.211909447041203,
    -0.6975125472886248,
    -1.957164150547054,
    -1.649510875602861,
    -1.7767685856833249,
    -1.5592122622106113,
    -2.889458299667661,
    -0.19954096191096735,
    -2.6106640831376544,
    -2.709559180866125,
    -1.404023380407025,
    -1.344013710211314,
    -2.4826293874205336
  ],
  "mood_params": [
    1.4728312679331026,
    1.1591759990175539,
    -2.1294199710563992,
    -0.04973607595827959,
    -1.1051537431651102,
    0.29134929318260083,
    0.0033430481060244457,
    1.4443705648334129,
    -1.378470346389008,
    0.05953735607820539,
    -1.312538531369579,
    1.0945097680402491
  ]
}