{
  "cat_params": [
    -1.2496059188276925,
    0.46053344624111353,
    -2.5935638371476744,
    -1.7335144183706623,
    -2.1038078780942318,
    -1.4993697153067915,
    -2.6861496344988045,
    -1.945503812049584,
    -1.4293559626916938,
    -1.7235342483820197,
    0.5785013082724706,
    -2.4929759693872278,
    -1.4604896065689392,
    3.219401548922114,
    0.17045623310098154,
    -1.311140267592605,
    -1.3014024815720904,
    -2.1240648993316924,
    -0.5856433808440311,
    -1.8598369910299632,
    -1.544033911431042,
    -1.6583403332253406,
    -1.5562841972852757,
    -2.857904820268943,
    -0.16110649666019838,
    -2.5331149056043816,
    -2.6022920992898286,
    -1.3212809019187783,
    -1.2685866689803627,
    -2.3889673918570216
  ],
  "mood_params": [
    1.5109508206891284,
    1.209304560352188,
    -2.104200462745669,
    0.004279901669275265,
    -1.06228519985923,
    0.38650441924151285,
    0.0897084627840493,
    1.4949489306058183,
    -1.334056590630806,
    0.10668283288469027,
    -1.2680090152403993,
    1.1717656163241406
  ]
}