{
  "cat_params": [
    -1.6972583891984683,
    -0.8725720899278673,
    -0.6144940890679728,
    -0.10337501805574827,
    -1.878297401680895,
    -1.61818533610073,
    -0.6180460941766582,
    -0.13484818284088676,
    -1.5711234059162296,
    -0.9931376507138836,
    1.8297867461779165,
    -0.3222192722250431,
    0.3920784415995654,
    -1.0572667427298577,
    -1.9824173387799198,
    -2.500525858756427,
    -0.12084575661255102,
    -1.2235783814382577,
    -1.9119871880609183,
    -0.09864780337860979,
    -1.1829846350820306,
    -0.7861828100534852,
    -1.1436869319473708,
    -0.1635787332406049,
    -1.3514213545597786,
    0.603571392097698,
    -1.4101109295558043,
    -1.0020139275238993,
    -0.8000595128392902,
    -2.1316078037639783
  ],
  "mood_params": [
    0.7387412964351386,
    0.5018876488040908,
    -0.8880980402648658,
    -0.6985231166725967,
    -1.507388443608356,
    -1.269930281911613,
    -1.397014191468126,
    -0.33690596343681967,
    -0.7735445508135789,
    -0.27397056693536764,
    -0.6983986723669656,
    -0.2601653536251445
  ]
}