{
  "cat_params": [
    -1.6040254200562167,
    -0.8197656629430016,
    -0.5590509399036574,
    -0.10452308313389949,
    -1.7839004797962645,
    -1.5685582750288334,
    -0.438363569319152,
    -0.110298069497997,
    -1.4340185139138688,
    -0.8659506981344607,
    1.950165055426373,
    -0.2551728120046485,
    0.5022884451753042,
    -0.9654521270431629,
    -1.8538149754531066,
    -2.423739502127244,
    -0.045463538710315575,
    -1.1359370621496179,
    -1.7995962015131053,
    -0.012316629452639819,
    -1.0736557018331432,
    -0.6582116538216097,
    -1.142692687396173,
    -0.14775596506557198,
    -1.3292856367795753,
    0.7145146199227608,
    -1.2989876762186139,
    -0.916373135262435,
    -0.7184873387504238,
    -2.0330398507877523
  ],
  "mood_params": [
    0.7763802360942794,
    0.5512468786952918,
    -0.853921524415745,
    -0.6466115934740094,
    -1.465956793090039,
    -1.182216974336055,
    -1.3103294996754105,
    -0.2934273202019357,
    -0.7233799325899214,
    -0.2229523497795927,
    -0.6512263645222611,
    -0.18494940799735182
  ]
}