{
  "cat_params": [
    1.0473359052193087,
    0.4877364673129061,
    3.177828587099629,
    3.8960998751458096,
    1.1868094648616392,
    1.4680125774933432,
    1.863880479054419,
    1.8855196958513467,
    2.7513266188057224,
    0.3236642168431895,
    0.2925892947670895,
    -2.24526490334862,
    -0.10486673109457582,
    1.741569013525113,
    2.6388646561342313,
    0.7817082344690914,
    2.358123091807014,
    4.842841045790698,
    0.6286564108342075,
    2.172606244013164,
    2.1913919823237964,
    0.03928450625221315,
    1.7255296740113377,
    -0.4800144033599762,
    1.5374047722150068,
    0.7117350386727755,
    1.2941714294834996,
    2.606391081338885,
    1.020020044502183,
    1.6096975787291694
  ],
  "mood_params": [
    0.6109429002107704,
    2.359598123801862,
    0.04002003028778456,
    3.367843088368508,
    0.26560949298092784,
    0.6001052702589981,
    2.615178858877469,
    2.1288367750065404,
    1.5124109226241782,
    3.9393818734806816,
    2.3010510898897767,
    -0.8391953826022038
  ]
}