{
  "cat_params": [
    1.000451504212556,
    0.3371102980717039,
    3.1845804717862043,
    3.836214457130407,
    1.0811908545548832,
    1.4603520306380797,
    1.742585208084431,
    1.7999782890670046,
    3.0179660762131064,
    0.1007866454429172,
    0.07983777863506493,
    -2.3705147009707828,
    -0.3368681327878428,
    1.5781037012813202,
    2.5336361680137887,
    0.6555014151283955,
    2.1287101440151974,
    4.721106062532127,
    0.5072428914500986,
    2.0203043067347557,
    1.9721712927564294,
    -0.01517055067362238,
    1.7331217097831169,
    -0.5242112802366948,
    1.4536927944115026,
    0.5283072575738711,
    1.1759406938749493,
    2.4145390445902346,
    0.7863005177589802,
    1.659227893286714
  ],
  "mood_params": [
    0.5110599000966878,
    2.2629239068460336,
    -0.06503818593527853,
    3.203729381369638,
    0.10209263948921163,
    0.376296057874182,
    2.4756538351168706,
    2.00544380681132,
    1.3601955003111104,
    3.9163826861151203,
    2.2052145774184644,
    -1.083820954418087
  ]
}