{
  "cat_params": [
    -4.150894728977902,
    -3.0350998693672673,
    3.757949796248449,
    3.4527352830463003,
    -2.961416432336535,
    1.449281215401666,
    -1.2950061345484956,
    -0.7395849968354835,
    1.3137859118606494,
    -2.3310176162697185,
    -1.5076383728657539,
    -2.9579552411114705,
    -3.2308742800961743,
    -2.554972646132026,
    2.2943258125204666,
    -0.5096984952872684,
    1.0531921124233177,
    5.10560808584683,
    -1.5778237106746493,
    -0.32311606471712645,
    -1.606793113721807,
    -3.994759782839928,
    1.6049099733653451,
    -0.41706002503537554,
    0.0749358977661819,
    -1.7113312804026886,
    -2.960266180677547,
    -0.10037810682042715,
    -2.6029751102083374,
    -2.0867361068341728
  ],
  "mood_params": [
    -2.3445680280565875,
    0.17727798517103202,
    -0.15086947348500682,
    2.5467503705382337,
    1.760703158922359,
    -0.18774538688212206,
    3.3308214289302183,
    0.30403287743347607,
    0.6665300219946572,
    1.5130353144385627,
    0.08854050762154829,
    -4.064960814437658
  ]
}