{
  "cat_params": [
    -3.9758013580353064,
    -2.9447610897123546,
    3.8386775412148766,
    3.4525884100046653,
    -2.795633031787866,
    1.5165859982112866,
    -0.9808534194269184,
    -0.6952264056285534,
    1.5386537623990253,
    -2.1070771202514735,
    -1.3606916631948478,
    -2.8716207796568005,
    -3.034012826032386,
    -2.4025234841010765,
    2.4916905396269526,
    -0.3345772796360491,
    1.187836321110855,
    5.240237597523757,
    -1.37970124593233,
    -0.17250764600176213,
    -1.416464636427187,
    -3.789529997808227,
    1.5908280461460753,
    -0.38886397314832327,
    0.14971492226215805,
    -1.5455289939867023,
    -2.7681994150674334,
    0.050748468262686086,
    -2.4704894608442767,
    -1.9064580235449051
  ],
  "mood_params": [
    -2.2862773579849462,
    0.2606851820381747,
    -0.08279131877692796,
    2.657014697158928,
    1.8623154203350791,
    -0.023108368264476417,
    3.488865525914263,
    0.38344595248131025,
    0.7678125640351556,
    1.585693473353172,
    0.17322127831567943,
    -3.945258292524953
  ]
}