{
  "cat_params": [
    0.2672705488106737,
    0.1816998938165883,
    -1.8385584952238527,
    -1.0948002881095602,
    0.5247420998679125,
    -0.869042009813975,
    0.7541736183193752,
    -2.9072322895136997,
    0.7380304441790099,
    0.966830716782423,
    -0.44983704904980926,
    0.8859120753201241,
    0.5806686130326966,
    1.774130922612839,
    1.2790497668400214,
    2.615237766790325,
    0.9554032258879468,
    -2.727351255630138,
    0.7267381228740728,
    -1.4075904153847245,
    1.1465874839450838,
    -0.36233476974369394,
    2.096213529532619,
    -3.4150169267556634,
    -0.01686660639025328,
    -0.08735020451838507,
    1.4209019681581698,
    2.1170122778639424,
    1.2700356663995205,
    0.13940536469828704
  ],
  "mood_params": [
    1.4808395953301825,
    1.3646178150315438,
    -0.4472182882709752,
    0.6931367461185505,
    0.5337856703537691,
    3.1342510500332845,
    4.339427655254674,
    1.355172492900269,
    -0.09280383508882288,
    -1.302328464317013,
    1.9782204422356315,
    0.24283830801623915
  ]
}