{
  "cat_params": [
    0.39056031867853935,
    0.27285682327634186,
    -1.7416285947102315,
    -1.0972212638544292,
    0.7146180797878685,
    -0.7928059296922362,
    1.0365568995186423,
    -2.8557069214258255,
    0.9608483120613156,
    1.1675559673342177,
    -0.29177161969765664,
    1.0178985653545047,
    0.7684823966512635,
    1.9629770576340175,
    1.4774250964089504,
    2.8217678858808672,
    1.087525633548582,
    -2.5765738051323646,
    0.9260707407964147,
    -1.2517933914900237,
    1.3396679649090966,
    -0.1383172428828395,
    2.0800840565904304,
    -3.369538821832776,
    0.055289753149941105,
    0.09091702108612924,
    1.6131223948395643,
    2.2693824960107394,
    1.4279829457636815,
    0.3296925835892523
  ],
  "mood_params": [
    1.545360724984301,
    1.4502103173666117,
    -0.3821980184219904,
    0.7917379957384095,
    0.6255143275557292,
    3.317093123913143,
    4.496278216317321,
    1.4381369535810296,
    0.0014087711051138756,
    -1.208842349183521,
    2.0658131279341476,
    0.37293329784838464
  ]
}