{
  "cat_params": [
    3.6801683156737397,
    0.8302549311691613,
    -1.0180450960611347,
    -0.6311931665711191,
    4.947668005997066,
    -0.24904630829721677,
    4.3942992519531465,
    -0.664545613156722,
    3.9186273592750887,
    3.8121863273448615,
    1.503019990314984,
    4.613678654460811,
    4.43265734865457,
    2.9534246993180235,
    2.7695693853660117,
    5.788659023703954,
    3.2069208476223494,
    -1.2309277030646761,
    3.745860157181008,
    -0.25604642066713806,
    3.661698798762148,
    5.0047942528405835,
    2.753622495886257,
    -0.2561230934205783,
    -0.2731327313717043,
    3.964149429225277,
    4.088251256365617,
    3.9328654230013904,
    4.642815257765248,
    4.4155011676723825
  ],
  "mood_params": [
    2.497152383502357,
    2.6919301072996125,
    2.721836123688699,
    2.4806169270000376,
    2.3004073476011095,
    5.827513610745287,
    5.853743251203118,
    1.390132219652866,
    2.7001249242737058,
    -0.1371304119516433,
    3.1220660813321235,
    2.72364826766535
  ]
}