{
  "cat_params": [
    3.5942621946059705,
    0.7386869089325747,
    -1.1126715319437186,
    -0.6290083881644364,
    4.72493850120833,
    -0.32288665931025307,
    4.156367350756536,
    -0.7080894355904955,
    3.705078024166355,
    3.6273418947043177,
    1.3216395260301852,
    4.437599134072739,
    4.250448819221822,
    2.7556569203470924,
    2.576945132163975,
    5.549780882078455,
    3.0679740125928676,
    -1.3784996614630711,
    3.5409188250333385,
    -0.40474005260844964,
    3.4635609124810633,
    4.748897158973762,
    2.7727336267526517,
    -0.2830950669669901,
    -0.3404086586428327,
    3.7492012729140805,
    3.894099792690671,
    3.7776593104289047,
    4.4617891939810805,
    4.201042790752705
  ],
  "mood_params": [
    2.4308220707150907,
    2.6026067390548193,
    2.6370684608933805,
    2.37291574326646,
    2.1973195433712895,
    5.628907422999981,
    5.695029953328295,
    1.307388803728874,
    2.5866878677165137,
    -0.22207918156878528,
    3.0320576300775826,
    2.5866953110620265
  ]
}