{
  "cat_params": [
    0.35462831512357135,
    0.9014556698965052,
    -2.8188098720861228,
    -1.8488228099006452,
    -1.0210505100188427,
    -2.4770223812992374,
    -1.9301522353560916,
    -3.036223510297543,
    0.10174495622265749,
    -0.6740553365087353,
    1.0068335224786178,
    -1.2647713489767187,
    0.2395385189360163,
    0.10244418934633716,
    -1.3861839209956175,
    -1.271756746381624,
    -1.5454101595199519,
    -3.3378684090184736,
    -0.48611149614762994,
    -1.1437490305816562,
    -1.3650285017237727,
    -0.7137598856072582,
    -1.9214586367616975,
    -2.6748354092168167,
    -0.6217285857702839,
    -1.7098880469784097,
    -0.6692482612357803,
    -1.7729350512223454,
    -0.11559271236686275,
    -1.1741446119111703
  ],
  "mood_params": [
    1.7065057613020453,
    0.9365997099448913,
    -2.3347736358712976,
    -1.684317684724845,
    -2.379604169682562,
    0.13081134828778374,
    -0.3153557722673184,
    0.03360803537983314,
    -1.4284667397412125,
    -0.21455513763925374,
    -1.2958926738286873,
    0.32912560153393255
  ]
}