{
  "cat_params": [
    0.42480531656331716,
    0.9555714451752715,
    -2.7563717447796514,
    -1.8508559700661646,
    -0.919948286909508,
    -2.4236280021796164,
    -1.7333263808494523,
    -3.001143176239585,
    0.23362410282580848,
    -0.5487730134503769,
    1.116380650875803,
    -1.2094263637575435,
    0.3499815133155565,
    0.20480007245183032,
    -1.2602235148017022,
    -1.1814254359467582,
    -1.4746298401013407,
    -3.245202563674846,
    -0.3708787129551865,
    -1.050015193284015,
    -1.2560969272049232,
    -0.5853370160693049,
    -1.9170364834515257,
    -2.644173941978966,
    -0.5885859027114997,
    -1.6210636010533523,
    -0.5575465530716137,
    -1.688610764440053,
    -0.029071327258333453,
    -1.0698787120998845
  ],
  "mood_params": [
    1.7459877487984503,
    0.9872690100459178,
    -2.309859576393996,
    -1.6377465459662168,
    -2.3441282900885336,
    0.22737615573074862,
    -0.22718477069296047,
    0.07880065629555692,
    -1.383000967608271,
    -0.164006488070335,
    -1.2500900324232727,
    0.4060657725661698
  ]
}