{
  "cat_params": [
    -0.5052870703235097,
    -1.3751316820955983,
    1.5806881801351327,
    0.5695579929935515,
    0.421659734412615,
    0.5170612503987634,
    1.7604553712713213,
    3.9885628923661938,
    -0.6065684516472698,
    0.3292053189442331,
    1.1095218237171545,
    3.1133162531267193,
    0.7337156330763136,
    -1.2147131989257178,
    -0.9470955288153086,
    1.627849586351669,
    2.145754273849161,
    2.7484460695607025,
    -0.9603561115237685,
    -0.927992598756985,
    0.15856160870062136,
    1.5111459340595306,
    0.6898969358324398,
    4.282881971895729,
    0.6606773773351501,
    3.4088559642982728,
    0.1945158428994455,
    1.1140095792452445,
    0.33604472361010246,
    0.4299327300797775
  ],
  "mood_params": [
    -1.2754019048049452,
    -1.2896692725190069,
    2.5089527333003354,
    0.63887812622903,
    3.8013668125931983,
    0.7828360220863272,
    -0.023272420824496126,
    -0.4393821587597243,
    3.468010986659631,
    -1.4796839522595382,
    -0.9076272992577273,
    1.0148171659540088
  ]
}