{
  "cat_params": [
    -0.6953330030522687,
    -1.60501037238476,
    1.7686243491185611,
    0.6074485107935568,
    0.2850849595494385,
    0.6044090630476028,
    1.4056135385914585,
    3.8799299717795934,
    -0.6044971393473372,
    -0.016723398335052254,
    1.2011237279913218,
    2.933880003403106,
    0.3040570130283803,
    -1.3413593193512967,
    -1.3955337202906997,
    1.1244127359117815,
    1.6713296867654654,
    2.5452774728906067,
    -1.3087914053810594,
    -1.2428519556113526,
    -0.024783150218729205,
    1.1227971092085234,
    0.4506203408289152,
    4.170704913385832,
    0.6302228365889974,
    3.2833043197479936,
    -0.1398290284844558,
    0.6447564974214546,
    -0.01686963003256365,
    0.3625299161286593
  ],
  "mood_params": [
    -1.4744561417696997,
    -1.679243085212267,
    2.2264350399647657,
    0.20692832205352513,
    3.4527000161237744,
    0.26200512247274704,
    -0.5455216268000499,
    -0.7496257593446023,
    3.0401865918880264,
    -1.8556450570101506,
    -1.4087618260377543,
    0.5378453278589849
  ]
}