{
  "cat_params": [
    1.009804466958129,
    0.8741815122027602,
    -2.288984331598825,
    -1.336149362337438,
    1.2646340060916526,
    -1.7518341463969527,
    3.5335545514706164,
    0.1449316212645395,
    4.217217103126843,
    0.3972227983310152,
    1.850643644055217,
    2.638141874929007,
    1.0082770542656039,
    2.012441160210833,
    -2.063297478449632,
    -2.896802969127966,
    0.05985900010597127,
    1.1143572652177038,
    -2.216572547330098,
    -0.24941677845513097,
    1.219984379715095,
    1.5536193381638972,
    2.984850837032091,
    -0.7719502385778307,
    -1.1974629848420155,
    2.4635931480597946,
    1.6775429867864724,
    2.2291187327962225,
    0.5795212334204145,
    2.214743335318822
  ],
  "mood_params": [
    -0.27698838100763346,
    -1.3244243245644594,
    -2.0059008839910883,
    -3.3098095762533903,
    -3.33347698282404,
    -3.5710143852879495,
    -3.37970326816423,
    -2.361503104795741,
    -2.1256967161767637,
    -0.6862328969978899,
    0.9972610974031065,
    -2.0452399554977037
  ]
}