{
  "cat_params": [
    0.893551889905317,
    0.782581093192811,
    -2.3876566911138926,
    -1.3336072905015637,
    1.0704892454514012,
    -1.8322955711828142,
    3.28422770517386,
    0.10433640853745699,
    4.004603432509123,
    0.19187175168577875,
    1.664747414494298,
    2.4862872517888577,
    0.8208300953827377,
    1.8231494679558224,
    -2.2774318576046095,
    -3.040983493881416,
    -0.06895433322405008,
    0.9723720598482589,
    -2.4096542771496536,
    -0.39806311630615354,
    1.027164570741869,
    1.319114345563641,
    3.0049855825512735,
    -0.8019882867344266,
    -1.251003155857352,
    2.2628558097865863,
    1.48527230068298,
    2.076817156040211,
    0.4276649295869822,
    2.0133043801987776
  ],
  "mood_params": [
    -0.33804555588156254,
    -1.4016801716561684,
    -2.0605914032489014,
    -3.3863110696512138,
    -3.3983557076193294,
    -3.7106027844698533,
    -3.5257462722982513,
    -2.4269715719819698,
    -2.2047567714773266,
    -0.775555862213557,
    0.9121123065896861,
    -2.168280176022922
  ]
}