{
  "cat_params": [
    -1.0469270363329257,
    -1.4682375372566963,
    3.9096210573292685,
    2.302187311986187,
    -1.3431560495505575,
    1.1633152786505094,
    1.3609977098501878,
    1.7905902519397985,
    0.0447249979497698,
    0.3552474992206857,
    1.6533134150214948,
    0.9725892421064422,
    -0.31924794063034323,
    -1.0044281323079904,
    3.961053954259276,
    0.15384899814794023,
    3.7611455765652857,
    5.022437785377591,
    1.9650279183097406,
    3.6810416849192706,
    0.8069074509529529,
    1.2924312351062628,
    2.186686507859451,
    3.180285929531226,
    -0.9017351460185531,
    4.082833672310987,
    -0.7290393660418586,
    2.9113905855428643,
    0.030845008295976025,
    -1.2358942678171316
  ],
  "mood_params": [
    -1.4441435400536398,
    1.4816720258578815,
    1.8885077749031265,
    5.934035782200133,
    4.260424223511502,
    1.3291431747468319,
    3.499794279366442,
    0.6972505488518993,
    2.3972444426687822,
    4.968687013970609,
    1.988033632240605,
    0.43573835404768124
  ]
}