{
  "cat_params": [
    -1.186552650010575,
    -1.5581103731659578,
    3.830681414635155,
    2.3028853631655593,
    -1.517061243698777,
    1.0956975959503266,
    1.082909529416458,
    1.7559895314676803,
    -0.1809636452088282,
    0.149644393878695,
    1.4699805812094313,
    0.8411583548385744,
    -0.5087256745531273,
    -1.1665448053716467,
    3.773732761098013,
    -0.023592793702813517,
    3.6204141445037976,
    4.889762101443135,
    1.763628758160109,
    3.560434184082025,
    0.6149873274728833,
    1.0595452164752672,
    2.20328789454111,
    3.173739958288876,
    -0.9596698994862977,
    3.8667615327119678,
    -0.9194324935165546,
    2.757925876353921,
    -0.1170724336973667,
    -1.4169196609484573
  ],
  "mood_params": [
    -1.5029821648818575,
    1.3959849938095699,
    1.8090416202753685,
    5.807727057412131,
    4.144043558421857,
    1.1587843758887708,
    3.3443111106596923,
    0.6176976070303405,
    2.285964971590811,
    4.924411606284186,
    1.900618836720816,
    0.3054601369872209
  ]
}