{
  "cat_params": [
    -1.786430930591254,
    -0.7161173210048872,
    -3.012591847475917,
    -2.262626436361945,
    -2.860835446156342,
    -1.6038210734899503,
    -4.103931030718597,
    -2.3761972329000773,
    -2.998310662874443,
    -2.3596765291452315,
    -0.7345024523773436,
    -1.268907759031483,
    -2.2377773528348976,
    -0.9098164115620618,
    -2.444211651173035,
    -1.111481672241199,
    -2.318632853152434,
    -3.761000735520828,
    -1.333299961060413,
    -1.4377751264773917,
    -2.75491401083046,
    -2.4342824397856146,
    -2.3831586146028894,
    -2.1527466499322356,
    -1.0595732361763597,
    -1.9647845929499006,
    -2.256116082232093,
    -2.7862551180217117,
    -2.521186811008166,
    -3.1059877577792756
  ],
  "mood_params": [
    0.11854439988890582,
    -0.7243962579433988,
    -2.023070780273528,
    -1.1936898630333677,
    -1.1377143588218384,
    -1.3167663804397336,
    -1.544495576448145,
    0.25343020898070157,
    -1.4150561440670624,
    -0.1658496270134538,
    0.028190679279673878,
    -1.0851956377385013
  ]
}