{
  "cat_params": [
    -1.879837628236396,
    -0.767647793547423,
    -3.074486839873894,
    -2.2604123065776087,
    -2.9441333143178863,
    -1.6525218988946748,
    -4.327737348622841,
    -2.408389683102415,
    -3.13695964854187,
    -2.4927444201737274,
    -0.8175993047645741,
    -1.3217464739588054,
    -2.3493689237539526,
    -0.9995871783588607,
    -2.5723943867020886,
    -1.1999621835127965,
    -2.38478306579557,
    -3.852744662778966,
    -1.443681997979393,
    -1.5320914097976739,
    -2.8577536665894208,
    -2.54790101654448,
    -2.389747133802069,
    -2.180108671819399,
    -1.0846562828279893,
    -2.0477160668755037,
    -2.3636532421487977,
    -2.866500118389915,
    -2.5876216293681433,
    -3.195407946068206
  ],
  "mood_params": [
    0.08307155892999817,
    -0.768714830163678,
    -2.0488064232806047,
    -1.2412509990928062,
    -1.1800713405553733,
    -1.4012258660787593,
    -1.6286185083039597,
    0.20856859614888193,
    -1.4588928951289188,
    -0.21516611983062273,
    -0.019303386738504555,
    -1.1558670359793466
  ]
}