{
  "cat_params": [
    1.2992172803932964,
    0.752513951430743,
    2.986781984507749,
    1.6685993906029246,
    -1.6076385106099622,
    2.5435065887574893,
    4.419851736179866,
    1.235828941215436,
    -0.3378294035668762,
    1.1617106973232347,
    2.5443055753201635,
    -0.16444315337260298,
    1.0380002159066861,
    -0.4544251992599338,
    5.780934705848148,
    0.7738647518801057,
    0.2130396338759368,
    2.4473885965588313,
    6.186994185719764,
    3.9891928112600583,
    1.3048109288761243,
    2.0696614600620595,
    4.828814290622204,
    -1.981363420047121,
    1.6078074256048027,
    -0.010960804328542084,
    -0.3185995392223143,
    -1.2332324756922346,
    -0.7086125938186659,
    -0.5691991018913707
  ],
  "mood_params": [
    2.4960350935221163,
    4.311430414233511,
    -1.3018070509324684,
    2.840612878496363,
    -0.5842069865448656,
    2.9155347760805723,
    2.0585888107574757,
    5.026618520078886,
    -0.42681664184695794,
    2.7419189116151537,
    0.7340507512862288,
    2.5850469799223856
  ]
}