{
  "cat_params": [
    1.1862536383703093,
    0.6610032647946588,
    2.9049045645310487,
    1.6696185635803384,
    -1.779491004869628,
    2.4819698366139358,
    4.182258110844575,
    1.1992074417564111,
    -0.5647168238996754,
    0.9609503463392248,
    2.3493984098552283,
    -0.28193125140291964,
    0.8505987258888134,
    -0.621496127484046,
    5.6017134387326655,
    0.5896629264986057,
    0.08373306072800134,
    2.3085788333760595,
    5.977197305469016,
    3.870783577950021,
    1.11180636686926,
    1.8319577813324757,
    4.8571119974849015,
    -2.018590215604348,
    1.512580302934668,
    -0.1882632095812671,
    -0.5093128821417636,
    -1.379631459561589,
    -0.851221583945568,
    -0.7541685843947113
  ],
  "mood_params": [
    2.4297069045002435,
    4.217241102371715,
    -1.3609769080312784,
    2.7309719823422043,
    -0.6677312974959632,
    2.735214276395977,
    1.9050832889228682,
    4.927130375791762,
    -0.5179787611692328,
    2.6799048859156667,
    0.649503951204378,
    2.4484983781804486
  ]
}