{
  "cat_params": [
    -0.3202002290457744,
    -1.353440998293396,
    -1.8138936790317637,
    -1.4371789624267215,
    -1.6351680092837364,
    -0.4747245944485655,
    -1.4589014705901826,
    0.24117857779992988,
    -1.3886010252246206,
    -2.9919548244784804,
    -2.855945649331815,
    0.9842466488734548,
    -1.939792185774169,
    -0.8913358205064155,
    -5.1200620109136254,
    -2.0852296104784354,
    -3.382526847076956,
    -2.608712938131136,
    -2.336871921908774,
    -3.7673196316104574,
    -2.718076597985014,
    0.2915317714034744,
    -0.4199772901551802,
    -0.721269390367709,
    0.6409274827818376,
    -1.27739336659095,
    -0.8260771782630646,
    -2.58160064295445,
    -1.745233087622409,
    -1.1955401787970288
  ],
  "mood_params": [
    -1.5334307940832639,
    -4.7880525978080115,
    -3.5885905713785724,
    -6.399656407478635,
    -4.136770632798743,
    -4.47184539883744,
    -4.82471743195009,
    -4.1564145504588295,
    -3.753555363470144,
    -3.79012574186159,
    -3.1738842423624236,
    -4.624098958090804
  ]
}