{
  "cat_params": [
    -0.1964611485034307,
    -1.2708958938362975,
    -1.9204894253906637,
    -1.4886465546676686,
    -1.6599830023473783,
    -0.413531527905294,
    -1.778826348121456,
    0.01803462931832644,
    -1.2924271843842117,
    -3.111396470021535,
    -2.8424137755974086,
    0.3124748406047639,
    -2.2954139118446726,
    -0.7183907572501457,
    -5.161948360228241,
    -1.9325643586820633,
    -3.3738606735072474,
    -2.7119864722906346,
    -2.7180290963613323,
    -3.686393910937621,
    -2.7262511385880277,
    -0.5232088417318544,
    -0.3650813220496935,
    -0.9648852566427821,
    0.8745857139881339,
    -1.6626073387994504,
    -0.9109907324801015,
    -2.5407036534824763,
    -1.8068467447271386,
    -1.0822939557677407
  ],
  "mood_params": [
    -1.4870551253334723,
    -4.552054339994833,
    -3.434272584101031,
    -6.186678106939392,
    -3.9035893221376794,
    -4.219898423709312,
    -4.5560131997095095,
    -4.040425942738773,
    -3.5879694199831373,
    -3.8117176280312455,
    -3.0829710111220927,
    -4.516019101137252
  ]
}