{
  "cat_params": [
    1.9681072179372048,
    0.24750114029969097,
    -0.33404376590204954,
    -0.26596041003355936,
    0.7582053356091301,
    -0.1275610557228741,
    1.9309785411234441,
    -2.5538416959202324,
    1.6314126639494728,
    0.4221778802021661,
    -1.4274172190996508,
    0.9956184829710922,
    0.2612522397911839,
    2.2524243098944896,
    3.3218904782901544,
    4.424005069193523,
    0.031252130113527836,
    -0.3281733969190347,
    4.512041319103339,
    0.36177819305242676,
    1.0500454803185526,
    1.605098528761006,
    2.1820556095204124,
    -1.9525718412253166,
    0.7106140138768048,
    0.25406651406005304,
    2.2520194095912713,
    0.8438644548540247,
    0.8473081500432981,
    -0.21344274489584644
  ],
  "mood_params": [
    0.29673085614201056,
    1.1038281210114347,
    -0.3615932823793547,
    1.9575922590331665,
    0.7992784647569257,
    3.075368715023002,
    6.022043797654055,
    0.38247301473184114,
    -0.42841084259419465,
    0.7996157526724498,
    4.159600136975327,
    1.8054452863914832
  ]
}