{
  "cat_params": [
    1.8683745371561877,
    0.16037175962110184,
    -0.42246494793697287,
    -0.26404293646862664,
    0.5761153495900544,
    -0.1976600269959252,
    1.673486818407231,
    -2.6024549950007114,
    1.4206494300522188,
    0.22613261221041348,
    -1.5635964284509778,
    0.8691723339586105,
    0.08099218034703204,
    2.0685149438552934,
    3.1407576603811975,
    4.207752522620748,
    -0.0918001705079881,
    -0.4672199262989384,
    4.314280358372774,
    0.22396508394684114,
    0.8659771701137452,
    1.3801857445410468,
    2.1983314440469055,
    -1.988505816185625,
    0.6318634480165861,
    0.08207333537872834,
    2.067717126886313,
    0.7004696103143159,
    0.7000391085152521,
    -0.3922159444533913
  ],
  "mood_params": [
    0.23729742980227234,
    1.02285677770735,
    -0.42377171786443496,
    1.8568670124096724,
    0.7102272776023164,
    2.9011852006427237,
    5.869740767099728,
    0.3077342809238875,
    -0.515409651765305,
    0.7258251281181906,
    4.0708711154675274,
    1.6768570413605828
  ]
}