{
  "cat_params": [
    1.5730113090239655,
    1.3880289743287142,
    -1.2463223204289202,
    -2.5680607030905294,
    2.6450667065273117,
    -1.1709060755115726,
    4.284415907720213,
    3.905882343554556,
    3.126849064664191,
    5.63262127241442,
    -1.2747794736988662,
    4.226286688353156,
    6.852007707546936,
    0.17242335851246163,
    -3.619281942172697,
    -2.5834954847258382,
    1.1504568402945876,
    2.7964861270302714,
    -1.1979767822434155,
    2.4674296312100763,
    3.3495897586235808,
    2.168471389902237,
    0.4945357776178925,
    6.100404055010697,
    -1.7038793644013006,
    2.907107761350953,
    4.4655095108189515,
    2.88292738905653,
    2.253851687495246,
    2.8890065007439967
  ],
  "mood_params": [
    -2.2764171163517073,
    -2.7029974382296276,
    1.6612088023631826,
    -6.344541701876577,
    -4.053266490563077,
    -4.7036674777270555,
    -4.734141668030293,
    -4.804985333737405,
    -2.524060098519081,
    -2.161112289825271,
    3.115672782148012,
    0.42451165055389467
  ]
}