{
  "cat_params": [
    1.6837881694758163,
    1.4816323118086776,
    -1.1497144668395665,
    -2.5712606476558566,
    2.8547034690688347,
    -1.0921077516109352,
    4.5256706549713925,
    3.9333807250685116,
    3.346053226030319,
    5.809026129360133,
    -1.1247680250159815,
    4.401811157886809,
    7.033468480019208,
    0.34966336268064097,
    -3.3957135543476777,
    -2.4312341246336677,
    1.2854152519783437,
    2.9366031750881447,
    -0.9990972755423821,
    2.5982720503528447,
    3.550736848157481,
    2.4121422286534453,
    0.48534765330734225,
    6.09008923341289,
    -1.6559326708055846,
    3.1170665365981454,
    4.663374214395796,
    3.0391485683872523,
    2.421455856400646,
    3.098895661601753
  ],
  "mood_params": [
    -2.217996657064834,
    -2.6282703847622066,
    1.7408889333701205,
    -6.282444528305295,
    -3.9913538933022075,
    -4.567567259134868,
    -4.5871796588170355,
    -4.7492063000831966,
    -2.445668965822038,
    -2.059416881752882,
    3.2072928049075453,
    0.5573500646925436
  ]
}