{
  "cat_params": [
    1.1112513589271864,
    1.0549828012898128,
    2.932823720090165,
    3.437284569902179,
    -0.9164731964164798,
    2.747425867372498,
    5.257999643957028,
    3.044872534226884,
    0.9150223724206361,
    3.9461851619389274,
    2.7517442992439505,
    -1.5633605309762622,
    3.534009379546042,
    0.17448387884537428,
    5.92534493905514,
    0.1647403500049313,
    2.3331464315075987,
    3.2539817855805446,
    3.5553192287577997,
    3.659419950087566,
    1.3469978068797888,
    1.577558526098345,
    1.8080613597143922,
    -0.6062491189966694,
    2.4694918491968787,
    1.5971356510414718,
    2.0117918917636284,
    0.667455454252522,
    0.20722707110291563,
    -0.4728497016367173
  ],
  "mood_params": [
    1.7683365496711105,
    2.482816069238265,
    -1.5140857442690197,
    1.3916179422543078,
    -1.0157989214530443,
    2.740808420840198,
    2.4728826583940924,
    2.5199079605785117,
    -0.04224531434034917,
    3.2478850423125762,
    0.6045223983541329,
    5.108681270275534
  ]
}