{
  "cat_params": [
    0.9972575334626539,
    0.9640365475331082,
    2.85156576073239,
    3.437391172597158,
    -1.0920940011950806,
    2.6874173772881207,
    5.034065550768444,
    3.0151967259094743,
    0.6940161682662292,
    3.763943999701067,
    2.555543798825234,
    -1.6626598003221515,
    3.3520624500264247,
    0.003229902918887568,
    5.7485409144672674,
    -0.011298392155396892,
    2.1981267588259334,
    3.118345740815785,
    3.352466800481377,
    3.5399298058484687,
    1.1555478224948732,
    1.344852151843357,
    1.8229267019702986,
    -0.6350818935005159,
    2.362077529879791,
    1.4061399962769217,
    1.820913813532527,
    0.5191019409982102,
    0.05932218694127645,
    -0.6567585234326873
  ],
  "mood_params": [
    1.703924785524569,
    2.3948243524890445,
    -1.571321107742803,
    1.2906012198599977,
    -1.09563869772903,
    2.562987842197119,
    2.320113254715837,
    2.4326233136417885,
    -0.13533132627264946,
    3.190627627369643,
    0.5209893286232434,
    4.965887192313835
  ]
}