{
  "cat_params": [
    1.9756928510023417,
    2.3268644460812045,
    2.5313696957795306,
    4.564165916225819,
    6.0214362362319385,
    2.666048637297636,
    2.1143182660880204,
    3.146700395800329,
    -0.9159260714204146,
    1.6312311994112327,
    2.5960673528936278,
    1.6912588782583957,
    2.703015622643906,
    0.5622449633025952,
    0.9700607666363139,
    3.137775851448612,
    2.7941715537981167,
    -1.0177063908862882,
    4.52408697876975,
    0.8374487388813565,
    2.798188746114289,
    4.058471277731326,
    2.118868252212428,
    -1.5306604264568935,
    0.5252030594283418,
    2.4580520416726253,
    1.2709354390062872,
    1.5030827441906816,
    3.3657244180592647,
    2.434082084304864
  ],
  "mood_params": [
    1.1929409823371793,
    1.9629285451313976,
    0.50311491269241,
    1.184189797493843,
    0.4939037893926405,
    3.1651824954260404,
    2.1049213771927,
    1.823989248939867,
    1.9775021379259985,
    0.9549536211738301,
    0.2647954155053059,
    3.3964367188580455
  ]
}