{
  "cat_params": [
    2.075353260692637,
    2.4164098625576615,
    2.611235119565809,
    4.564680020327421,
    6.2477864777581775,
    2.724235931974819,
    2.3686734281246555,
    3.1748155540287564,
    -0.6958430763440278,
    1.8207428297402173,
    2.788465321486212,
    1.8289969546423395,
    2.8809645621474016,
    0.7340133299253957,
    1.162643606423915,
    3.34382889887871,
    2.927704898963073,
    -0.8760564483441438,
    4.724042300844117,
    0.9722253633787975,
    2.9881852473538295,
    4.302120026361538,
    2.1028807880561367,
    -1.4972047160223578,
    0.6029946798206248,
    2.654369370117387,
    1.4563310225306803,
    1.6491834426779388,
    3.533603682622342,
    2.6313754049971463
  ],
  "mood_params": [
    1.254748202109859,
    2.047464302543176,
    0.5718371388714444,
    1.2821222651760018,
    0.5822684918429754,
    3.3424976658731915,
    2.2534055306961194,
    1.906430516537228,
    2.0832383803230656,
    1.0276801624674374,
    0.34554510212637624,
    3.5312176951447514
  ]
}