{
  "cat_params": [
    -3.589212664383141,
    -2.3726624025758505,
    -0.14497928618459005,
    -0.8894552367805711,
    -1.592385586990402,
    1.627137715807139,
    0.46421567350102355,
    2.32173146850065,
    -0.6687623450952778,
    -1.1407901642580742,
    0.39896049636732467,
    0.7456999426283951,
    0.36479175255100005,
    -0.8719541482048823,
    1.9319627159761503,
    -3.3854100390724957,
    -1.0457955733953714,
    1.2778026676431942,
    -2.152990759428295,
    -0.7860345466059305,
    -1.06610131840035,
    -1.0581036813237135,
    -0.8726080620027266,
    0.9465416401903987,
    1.0922907910560438,
    2.073921041263735,
    -3.328045381452717,
    -0.9432680929538122,
    -2.178176686466031,
    -0.7523185816702496
  ],
  "mood_params": [
    -1.8416972968901542,
    -0.7724354102630108,
    -1.40788254653324,
    -0.28724901110225665,
    -2.5923897800799702,
    -3.298043633654445,
    -2.486374011600375,
    -0.5379799361574834,
    -2.479353706266573,
    0.690095943234832,
    0.4387141380442024,
    -1.8520418624621255
  ]
}