{
  "cat_params": [
    -3.621890309420625,
    -2.4106228315236184,
    -0.10964654665052607,
    -1.1567704461372315,
    -1.655553144685359,
    1.6795256285589852,
    0.24500974907862735,
    2.3595358938696225,
    -0.6247225663765411,
    -1.1560862205368698,
    0.5684704498931558,
    0.6888432196160696,
    0.3985579574086062,
    -0.9322479963604132,
    1.869040973006035,
    -3.8206025114841577,
    -1.454236831840847,
    1.2449332839050993,
    -2.446448141851617,
    -0.930451522103291,
    -1.226227895102633,
    -1.0987467437100056,
    -0.9758520902606083,
    0.9262704189931846,
    1.0307068129607866,
    2.5866457259633506,
    -3.5501543306110643,
    -1.143960620720675,
    -2.3378496460606315,
    -0.7098767650293392
  ],
  "mood_params": [
    -1.9172697444319795,
    -1.026183430557248,
    -1.7243331720008546,
    -0.7818312086538549,
    -3.006867548391001,
    -3.81159079188765,
    -2.9216016446030437,
    -0.8263745668356293,
    -2.9230556273266135,
    0.5281817483529868,
    0.23967491645235645,
    -2.316912510882315
  ]
}