{
  "cat_params": [
    1.809331188313482,
    -1.6234067034381652,
    -1.5871571998449234,
    -1.621185802417855,
    -1.4362926494335186,
    0.058534342241468786,
    -1.2778324109111225,
    -2.4776477375912065,
    -1.3801695689910067,
    -2.1299969529265157,
    -1.9106117299801835,
    2.613396178058894,
    -1.130801347589785,
    -1.5441908800240887,
    0.933312701583031,
    2.4822860560898907,
    -1.4293552920097328,
    -0.35213409320176603,
    1.9752487460797254,
    -0.05667657006928212,
    -2.487312089129308,
    1.6110067201890041,
    1.1105230327732933,
    0.9338493622777337,
    0.18940676963323516,
    0.7384214405786825,
    -0.2991617269885255,
    -1.7883947855070674,
    -1.753463681059843,
    -1.7348475614784982
  ],
  "mood_params": [
    -0.964617183681569,
    0.608068688888951,
    -0.6501699077770705,
    1.2064473577588282,
    0.8039238927339353,
    0.9009881598363982,
    2.7952503167671345,
    1.1042804168699139,
    -0.7848436018374819,
    0.35535765521443163,
    3.4069760134888436,
    -0.9566290143426507
  ]
}