{
  "cat_params": [
    1.693017442042804,
    -1.8314148546988025,
    -1.5849204004289525,
    -1.6582378757384755,
    -1.590348838383211,
    -0.049223402912163386,
    -1.7469595972688152,
    -2.3978157037331163,
    -1.604283968386463,
    -2.5382416117958315,
    -2.1960906393823625,
    2.3313294620772678,
    -1.5075457890562844,
    -1.669888769788767,
    0.5617513955599381,
    2.071490409821042,
    -1.7417358410597485,
    -0.31588874256201965,
    1.7538803742272961,
    -0.4430231749213139,
    -2.7168827524617303,
    1.300012568015458,
    0.8728509263492892,
    1.2309233956076466,
    0.06761884945993621,
    0.47558100047881186,
    -0.6533039230586626,
    -2.06320646850291,
    -1.9864598327899676,
    -1.7849093262617417
  ],
  "mood_params": [
    -1.0963909780816676,
    0.36138500826382297,
    -0.8295612662799686,
    0.8928995875951588,
    0.571784767827174,
    0.5260438773200666,
    2.3997988580570384,
    0.892393596583901,
    -1.0394993076067107,
    0.09214922118657694,
    3.103743835009225,
    -1.247602559967967
  ]
}