{
  "cat_params": [
    2.0980815454412403,
    -0.37547003112817356,
    -3.210033012924749,
    -1.9529677005462778,
    1.0054163801534852,
    -2.363429210843849,
    0.5916474111875988,
    4.243000491070272,
    -1.4752270349834913,
    5.778520361881332,
    1.2374932245715227,
    7.728771735163586,
    5.8059659238751005,
    -0.61648863430592,
    -4.167427465657441,
    0.9503487563708003,
    0.8672261088448958,
    -0.44835251537745324,
    -2.0804589664107276,
    -1.206843891095673,
    0.4323238947922494,
    2.367160780333997,
    6.571731061398164,
    1.003753409006795,
    -1.9260342376748636,
    2.866033776924777,
    3.282551633103967,
    2.3977899891009193,
    3.0648714297989326,
    0.7491431931840935
  ],
  "mood_params": [
    -1.2432840287222628,
    -2.2058680675559734,
    1.714159937482127,
    -3.5389958291769736,
    -0.6672640256239928,
    -2.5038029746534303,
    -4.344974012134462,
    -2.4821516670408834,
    1.7652632854986192,
    -1.766123361352325,
    3.297637176694265,
    -1.1021968019295902
  ]
}