{
  "cat_params": [
    -2.60847052412376,
    -1.8491541808174907,
    1.1203763187367224,
    2.105888798667674,
    -2.443828702389137,
    -0.5526474018790322,
    -3.3678202520886176,
    0.2882077617469735,
    -2.3617377936375705,
    -2.7601251564356573,
    -1.3888987957523542,
    -1.0840373047596863,
    -2.4101965218615184,
    -2.283221925543176,
    -1.64818875844147,
    -0.5080643380410407,
    -0.8178908413733943,
    -1.443526368887171,
    -2.1370224637090858,
    -0.8728438721264666,
    -2.4165935587363743,
    -2.909506619514006,
    -0.37662085861103745,
    -0.030218191313034406,
    -0.6761399185931819,
    -1.622250183546822,
    -3.2270910178404946,
    -2.05297902784629,
    -1.8471771654615294,
    -2.9947110735908673
  ],
  "mood_params": [
    -1.1147785736558213,
    -0.22084304571481242,
    0.2928548511079639,
    1.5194265257906383,
    1.9750860234949617,
    -0.544545721515405,
    0.22129264569302465,
    -0.17931320711444623,
    0.38976115885780366,
    -0.3702499553305673,
    -0.7691302574263351,
    -1.9537329245384003
  ]
}