{
  "cat_params": [
    -2.7112190155304883,
    -1.8998490149494185,
    1.0716382681565868,
    2.1058888308979014,
    -2.5303630411016145,
    -0.5967169025875249,
    -3.581881587647446,
    0.2657206992883551,
    -2.49839200673845,
    -2.895597713094923,
    -1.4634947873597213,
    -1.1391429821679462,
    -2.522051850183416,
    -2.36062148312236,
    -1.772828554931114,
    -0.6031239102279007,
    -0.888873425435864,
    -1.529749791339965,
    -2.2458058529391183,
    -0.9631300873230584,
    -2.52017007966885,
    -3.020179520081891,
    -0.3743267233820202,
    -0.04496391202748339,
    -0.7069208709131579,
    -1.7084255838914972,
    -3.3338706460789034,
    -2.134474112325895,
    -1.9184505949205997,
    -3.08478956151941
  ],
  "mood_params": [
    -1.147907091567251,
    -0.26667459173841523,
    0.25238564159240734,
    1.4572467098932618,
    1.911617987629648,
    -0.6338543447632053,
    0.1347466689414984,
    -0.22218219015068572,
    0.33306769420119337,
    -0.42119471798954267,
    -0.8148007636146501,
    -2.021870455454248
  ]
}