{
  "cat_params": [
    -4.143214453911889,
    -2.055400621409402,
    -3.137341115213804,
    1.155777737348072,
    -0.7898986706861687,
    -2.0492050012606473,
    -4.769200880997518,
    -2.601728159975935,
    2.339315314442274,
    -3.0009111923659026,
    -1.1487877358261296,
    -0.6832679749119515,
    -2.8510603965511963,
    2.9495083582710273,
    -3.4741546621044814,
    -0.9612346858556695,
    -0.9638133012127922,
    -3.6089436799571657,
    -4.955710787117055,
    -1.3854364379215491,
    0.1325927710115924,
    -2.9510201965687046,
    1.4994574384202763,
    -2.724440748512348,
    -2.7731184703912852,
    -0.9133298494238246,
    -4.690658632281676,
    0.1342031473135644,
    -0.726361974248488,
    -0.10155941743772644
  ],
  "mood_params": [
    -1.4811667176840166,
    -0.8556728425329219,
    2.1821292728513653,
    -0.9471322017967256,
    0.001749842011201876,
    -2.469037761332147,
    -2.3807758180720757,
    -2.433330969372658,
    0.07500485522286389,
    -0.9996109352907029,
    -2.4578208998408964,
    -1.6777395882151753
  ]
}