{
  "cat_params": [
    -3.9703663923698476,
    -1.9658948181660645,
    -3.036289774338401,
    1.154498002013473,
    -0.6103056821127909,
    -1.9677920958473225,
    -4.414651921393385,
    -2.5513115853223196,
    2.5571310511151037,
    -2.776502152284896,
    -0.9999214457161375,
    -0.5707623407189616,
    -2.65800496021372,
    3.149038162407158,
    -3.2547175101508925,
    -0.794128697523721,
    -0.8378907112703219,
    -3.4560711601698784,
    -4.767703395045245,
    -1.2297963351300245,
    0.3234599412015087,
    -2.74314871271133,
    1.4859580758549935,
    -2.683043171154379,
    -2.742538469921239,
    -0.7429597424421478,
    -4.503210023483477,
    0.28318731336725206,
    -0.5828501550058467,
    0.08729379905041465
  ],
  "mood_params": [
    -1.4222865466798067,
    -0.776771520194095,
    2.2639841510570586,
    -0.8574168469166825,
    0.08984558659487522,
    -2.321603723525142,
    -2.233159506916542,
    -2.3678919204141513,
    0.17042143224232753,
    -0.9085172347419059,
    -2.3803971814201756,
    -1.5532640791690575
  ]
}