{
  "cat_params": [
    3.377253442637844,
    5.0658786053814255,
    -2.8363206204867044,
    -4.811268856029713,
    4.945411892732872,
    -0.14230782911061454,
    4.819560356040049,
    6.347703125846482,
    0.7050388874216822,
    7.665469635185569,
    -1.8621642867184314,
    6.342441773872547,
    7.49980351277078,
    4.950899154653567,
    -5.616025748221159,
    -0.5401773086226577,
    3.425779072170522,
    3.2246741509513237,
    -1.9895314575481617,
    -0.8875374828179803,
    6.3169739862421865,
    3.445138256081008,
    -0.3855638384485945,
    3.4544329180379427,
    2.6423596721654,
    3.0928601687178356,
    6.598861365701232,
    5.932900907896488,
    4.848167873326027,
    5.367011721182649
  ],
  "mood_params": [
    -1.0812065590017543,
    -2.2464110314934516,
    2.7421124717831358,
    -3.281482152165072,
    0.5337814539618185,
    -1.3933010318105365,
    -4.152488826259198,
    -3.8946917970579507,
    1.5021463437324083,
    -4.289780697420438,
    2.660487359542304,
    -2.4316898131851716
  ]
}