{
  "cat_params": [
    3.34064723999702,
    4.988684575720134,
    -2.8248852404343707,
    -4.75596893387899,
    4.83933618968264,
    -0.1785523418717307,
    4.803366189924151,
    6.517324504643515,
    0.5352368621427029,
    7.629192863685875,
    -1.9649229572394884,
    6.560131747389269,
    7.503602991311774,
    4.817423215637414,
    -5.682252251588625,
    -0.5144747544993328,
    3.4250586014655533,
    3.2158379886460677,
    -2.15305836793647,
    -0.956813108503438,
    6.2655381232822815,
    3.4769554243405296,
    -0.2128708749928074,
    3.628307475845653,
    2.5127542426067864,
    3.2044373916591886,
    6.465699759606135,
    5.875849616298508,
    4.690278277987038,
    5.282002823685869
  ],
  "mood_params": [
    -1.20170539722233,
    -2.333179499897119,
    2.7048383246963796,
    -3.310504600353383,
    0.47362540668313274,
    -1.5095574799172575,
    -4.254104677357612,
    -3.974744055315748,
    1.4520411482650541,
    -4.35202461626102,
    2.686232931669487,
    -2.478082274110836
  ]
}