{
  "cat_params": [
    -3.1045089768805907,
    -1.5743111240870362,
    -2.4027909497515947,
    -0.25869157935770476,
    0.07417378245719239,
    -2.8936549728061713,
    -3.539521522065808,
    -3.3397093831358715,
    -1.093338540048158,
    -3.154421636303718,
    -1.3908624377498384,
    0.6909959663006935,
    -3.2377379611318227,
    -1.77003087237964,
    -3.75510434613483,
    2.7887432821754072,
    0.7439224551856122,
    -3.684027902583427,
    -2.1198466770663154,
    -1.360750209755358,
    -1.2296565673620203,
    -2.8584788322107557,
    -1.7873400261660835,
    -1.1948463556629747,
    -2.7656659130815604,
    -1.3747653008180853,
    -2.6288103837133763,
    0.19547082933285123,
    -0.17627434627170632,
    -1.05522606932663
  ],
  "mood_params": [
    -3.058828268292325,
    -2.133331058802869,
    3.3291452075178585,
    1.2591586145750568,
    5.149003951655596,
    -0.21780327965965965,
    0.6765513295857062,
    -3.014761382725638,
    3.832779912050267,
    -1.9426616085539736,
    -2.176328726813377,
    -2.337480529284469
  ]
}