{
  "cat_params": [
    -3.2618877062175327,
    -1.660096880070759,
    -2.4977978070782485,
    -0.2567777898591781,
    -0.1026073014619187,
    -2.975940968370508,
    -3.869434309768457,
    -3.3911852915550265,
    -1.3126400878055606,
    -3.3719441309513964,
    -1.5275165078033053,
    0.5682852320079994,
    -3.4233505841753566,
    -1.9177072146528642,
    -3.9677354557061246,
    2.5903199995289907,
    0.6185753645980293,
    -3.831068484105304,
    -2.30441645255136,
    -1.5108513747170196,
    -1.408759664750018,
    -3.055724140490573,
    -1.7886361359577592,
    -1.2262764131877946,
    -2.7927581743754892,
    -1.5313328451355026,
    -2.809304758459843,
    0.05318136185378671,
    -0.3161952472201153,
    -1.2290193787738024
  ],
  "mood_params": [
    -3.111883385980294,
    -2.2045760476377385,
    3.243486855290431,
    1.1621966336479532,
    5.030452867644782,
    -0.37130741440015275,
    0.5315834755137068,
    -3.0738570582427722,
    3.715426280251796,
    -2.0382974403146825,
    -2.2505667888731375,
    -2.453982218546521
  ]
}