{
  "cat_params": [
    3.7068912218630925,
    3.5863439980220355,
    -0.6199164044198059,
    0.03982598475299615,
    2.2784712140769847,
    0.578531708975107,
    2.929902424791594,
    -0.5022227070286426,
    0.9208808589915349,
    6.025439164280039,
    3.7390583678874547,
    3.399664803986191,
    4.927748550668694,
    2.2321779655601706,
    2.9903412291228073,
    7.0052475553409925,
    2.1754828905264847,
    -0.22727711233769715,
    3.3199524345062397,
    0.639153507723008,
    4.471423030505147,
    2.600730464087003,
    2.3614880653331087,
    -0.6955674261746636,
    -0.4664966494691819,
    4.358684704581664,
    4.465940646947797,
    3.1031385876920354,
    4.349152143638145,
    0.30644654554542466
  ],
  "mood_params": [
    2.3280446662857157,
    4.109065530410468,
    3.182793405971786,
    5.372168293342712,
    3.219149119339309,
    5.839344677311552,
    5.984207843798692,
    3.708203029326964,
    3.3928498804526654,
    2.48954031976001,
    6.223914191376807,
    4.779198873863176
  ]
}