{
  "cat_params": [
    3.648634868320827,
    3.4045777015900263,
    -0.5708494762720452,
    0.031725309999355265,
    2.0440071579658934,
    0.6378091568820101,
    2.738013447882584,
    -0.522958214502083,
    0.8648304966530247,
    5.717939172795156,
    3.378880792406831,
    3.1399740720301397,
    4.609503456970317,
    1.9747746696594686,
    2.7038800409966868,
    6.553025602116087,
    1.8217235317922995,
    -0.31073537432827447,
    3.0861457739728686,
    0.4218663276699854,
    4.189284770143151,
    2.348605578891125,
    2.1998198933817945,
    -0.6986605285728277,
    -0.3895998356867136,
    4.061147374341096,
    4.298769907324951,
    2.765391907472048,
    4.027214502042201,
    0.14756042574469994
  ],
  "mood_params": [
    2.176395104336744,
    3.839186229319395,
    2.963261293898413,
    5.030399479111588,
    2.960833072958219,
    5.417096531035085,
    5.604178166161529,
    3.4767245846592627,
    3.0951200238104395,
    2.251483606773256,
    5.921748297834949,
    4.477668594844894
  ]
}