{
  "cat_params": [
    1.4004847606347335,
    0.44633540372090086,
    1.6293470086170967,
    -2.8578495290420167,
    1.4159461943451999,
    1.8890703818833021,
    1.6616091131023663,
    6.837843017181885,
    0.1472333331245138,
    3.3891674495267057,
    -1.4387745172043438,
    3.6852321061880855,
    2.767172536775411,
    -1.728203798839802,
    -3.302360487731004,
    -3.8526868747671834,
    -0.5947784446485868,
    6.690879618432519,
    -3.4054621058010954,
    -2.068424883705545,
    1.589453998660172,
    0.8770691759311996,
    -0.959759390423412,
    4.101888312127546,
    2.503077430617478,
    1.730754980104835,
    3.365316215537492,
    -0.32699747332809004,
    1.0311254999811046,
    1.4424312291294417
  ],
  "mood_params": [
    -1.5815749285002987,
    -3.314130246376868,
    -1.5437018392086013,
    -5.276415958325292,
    -2.215037189937691,
    -3.452018025143997,
    -4.8733236351889575,
    -4.2284315415492735,
    -1.6029790297608877,
    -4.155186410399884,
    0.7336500194358151,
    -1.28674776496425
  ]
}