{
  "cat_params": [
    1.5154769948267763,
    0.6221038162996488,
    1.599871756459196,
    -2.85201905066839,
    1.6625178019246984,
    1.8810668313495598,
    1.9119006873498514,
    6.836719263535346,
    0.19008500958809899,
    3.688080299122363,
    -1.2003772793864438,
    3.955557192205299,
    3.0700401349547435,
    -1.5020333436102489,
    -3.0460503366708873,
    -3.5836220282756868,
    -0.2966829038947062,
    6.755283737096746,
    -3.118291941946869,
    -1.8243940305413513,
    1.8598769120760725,
    1.1478071223541393,
    -0.8090376779928489,
    4.045251517482371,
    2.4787368270238166,
    2.001738078864539,
    3.5861741484148175,
    -0.013197985447483062,
    1.3119752405556118,
    1.6773525553757176
  ],
  "mood_params": [
    -1.4623480061854108,
    -3.1240616629440843,
    -1.3921383169210944,
    -5.087074143609148,
    -2.041044832827535,
    -3.1715877529062713,
    -4.614844095357919,
    -4.084312853445966,
    -1.3806094682625094,
    -3.968109669247484,
    0.969596549759188,
    -1.0661175268718186
  ]
}