{
  "cat_params": [
    -4.517316042494867,
    -2.21597039077413,
    -1.2690838121568302,
    -0.33092115430551344,
    -4.045607028927158,
    -0.6155383656395503,
    -3.4717794795883834,
    -1.846331217728417,
    -2.7239721378939272,
    -2.4536579265892575,
    -1.6304451984527149,
    -2.4047692052869722,
    -3.0924026230072625,
    -1.8736812612827902,
    -1.9324580051484979,
    -3.0932957889030326,
    -1.3809040104160988,
    -4.3941214315235335,
    -1.6264074118937608,
    -2.1065341569817457,
    -3.9226661270027927,
    -2.4325315977977002,
    0.891838981800246,
    0.3201069006626835,
    -0.7990731457231832,
    -1.449711272375364,
    -5.24128176912007,
    -2.648998490079157,
    -3.8083446994834635,
    -4.534406133932108
  ],
  "mood_params": [
    -0.7059265628558341,
    -1.8227092467306478,
    -2.8564566167994094,
    -0.7854619990275399,
    -0.5621655407407478,
    -2.6091097900913542,
    -0.2871727572773305,
    -0.46689507176805584,
    -2.7119861258058275,
    -1.0624575348297531,
    -0.9300293235674889,
    -2.5446521018901103
  ]
}