{
  "cat_params": [
    -4.744857151464721,
    -2.323148096284674,
    -1.3311145271066658,
    -0.7584552321781953,
    -4.288038187643162,
    -0.3178946283799609,
    -3.5944715641082343,
    -2.198329932944005,
    -2.373056539747838,
    -1.9370809854148496,
    -1.746779264381879,
    -2.7603834653662,
    -3.0059440523660435,
    -1.372730129014207,
    -1.5168265927134055,
    -3.2053001122081204,
    -1.6146619132147115,
    -5.012867067150888,
    -1.2066185605443518,
    -1.778279148973773,
    -4.219067243083132,
    -2.30051749646297,
    1.416229797817428,
    0.2733489963042299,
    -0.8536641154809362,
    -1.8498324624533238,
    -5.676245759092319,
    -2.5525995392189307,
    -4.189807660946683,
    -4.708837236097119
  ],
  "mood_params": [
    0.016995860003919394,
    -1.917498064447803,
    -3.258721702850457,
    -0.8720466978351166,
    -0.46910374972037316,
    -2.6649026254644026,
    0.1157773402582882,
    -0.2885999945189197,
    -3.0239926899704463,
    -1.1500888403880656,
    -0.5789245782453801,
    -2.629214287469689
  ]
}