{
  "cat_params": [
    -2.9022811311596035,
    -1.536315555192943,
    -3.501678972308622,
    0.7155012660342136,
    1.4380722708465525,
    -2.2975547543530346,
    -4.187990956837946,
    -2.6419512383114756,
    -2.2098023715378905,
    -1.8257148717931904,
    -1.462888657546716,
    -0.08108422307790551,
    -2.7302572153982503,
    -1.0095047429667285,
    -2.7999849703401374,
    3.038445989339328,
    0.17942317684065845,
    -4.191922079009576,
    -0.756502172875433,
    3.368548865942298,
    -1.430073451443078,
    -1.0057874393101442,
    -1.7776289383485255,
    -2.7208940810232836,
    -2.8951790061454865,
    -1.138387770693193,
    -3.005194332033676,
    -0.11118194826339864,
    -0.25301416092754175,
    0.43900093657372374
  ],
  "mood_params": [
    -0.805316448807263,
    -1.5547433055036233,
    1.707491894874315,
    0.2602816948826006,
    3.247962008733456,
    -0.494150748984387,
    -0.5107946421790277,
    -1.5232892569135268,
    2.6743333913842164,
    -0.7290443438619462,
    -0.6458357984791931,
    -0.8474192799709181
  ]
}