{
  "cat_params": [
    -2.7478095029212812,
    -1.4496214177428084,
    -3.4026688125961426,
    0.7140637596718834,
    1.6285718883468734,
    -2.2175944437776027,
    -3.851292940691757,
    -2.592826809488863,
    -1.9856775353486498,
    -1.615568435814306,
    -1.3239120564758655,
    0.034650794795634085,
    -2.5440094477342057,
    -0.8520228968129054,
    -2.590696761599603,
    3.243404104954941,
    0.30450986521254714,
    -4.042728739288672,
    -0.5670711627154434,
    3.4853971963061934,
    -1.249306247120167,
    -0.7937252782887595,
    -1.7764431924662336,
    -2.680405429996294,
    -2.86898173922022,
    -0.9764556864773006,
    -2.8231374886194343,
    0.032162063129523695,
    -0.11130110463057648,
    0.6244213556149206
  ],
  "mood_params": [
    -0.7473147872778028,
    -1.4808085815376772,
    1.7839252411458995,
    0.3532090381554362,
    3.3551323109639943,
    -0.33995946307766156,
    -0.36590475118637855,
    -1.4563323182994459,
    2.7850691632926643,
    -0.6430089555216945,
    -0.5671735989447096,
    -0.7250555387731341
  ]
}