{
  "cat_params": [
    0.16690096159561738,
    0.2939037739509249,
    -3.491533171952457,
    -3.267521049623878,
    -1.9637468179250164,
    -0.892210515820164,
    -3.2637391936995934,
    -4.744046378251669,
    4.204648956184841,
    -3.898314515547164,
    -2.194156672005107,
    -0.466717097681151,
    -3.640906217707238,
    2.778183457152401,
    -4.941295926912806,
    -5.436623353640714,
    -5.159094340400535,
    -3.6411921197933492,
    -3.4960659584429026,
    -2.6641569398185028,
    -1.6088180618249437,
    -1.870448325862304,
    -4.780263780454769,
    -2.5461909925673134,
    2.098925574475502,
    -2.0358796779133295,
    0.6659086516619915,
    -2.9375744510924857,
    -1.8120397134016868,
    -1.751181975117482
  ],
  "mood_params": [
    -1.852299687472306,
    -3.789369524942506,
    -2.7299900874272387,
    -5.864586612345789,
    -4.533723804323834,
    -6.531586415774559,
    -6.738464701686244,
    -4.269987452197073,
    -4.088775391893342,
    -3.343703088080391,
    -5.84502944496639,
    -4.629862101274858
  ]
}