{
  "cat_params": [
    0.23696909312589415,
    0.41268283498520497,
    -3.439650846914802,
    -3.2546722838216096,
    -1.7980134968717072,
    -0.9054623463344572,
    -2.961550517430371,
    -4.692837287351405,
    4.259489771409387,
    -3.6191374260764118,
    -1.9807198857441854,
    -0.32486451934076355,
    -3.3937768149342022,
    2.9407984561360236,
    -4.693863800838579,
    -5.260954880877773,
    -4.93095517625061,
    -3.5208802291546637,
    -3.344523808906838,
    -2.4494863152161312,
    -1.4117887439677572,
    -1.6913226963513786,
    -4.649152056899558,
    -2.492401177912915,
    2.061562474511755,
    -1.8404295328284435,
    0.7965341947817395,
    -2.7168985273883792,
    -1.6405790358159829,
    -1.6169471164808267
  ],
  "mood_params": [
    -1.7615347128819805,
    -3.6400018405955423,
    -2.6369654382215613,
    -5.680241727373318,
    -4.411584168037958,
    -6.305258895263635,
    -6.455608737282032,
    -4.144073434339565,
    -3.9605001071759203,
    -3.0988575021894023,
    -5.627706968858568,
    -4.400634238667284
  ]
}