{
  "cat_params": [
    1.117872094481976,
    1.5048183695399802,
    1.1640666189220803,
    2.00404450592471,
    -1.0594514673204998,
    2.897864438936449,
    -0.18737828793310377,
    1.5556695929488336,
    0.9745370605413586,
    0.7817526400360364,
    1.2889256320639078,
    -2.1293158592670656,
    1.501070779439265,
    1.4379291184086809,
    2.195079415640738,
    -0.6130284222239608,
    -0.5334715501476491,
    0.05368658052654727,
    1.910714695189602,
    0.31438534239156996,
    0.22596991370910016,
    -0.5760150512963214,
    -0.8954797533903428,
    -2.8226919541688256,
    1.759439150753983,
    -1.1170599964594425,
    0.014471722701378758,
    -1.4102108286813713,
    -0.4250009129335579,
    -0.5904613806283271
  ],
  "mood_params": [
    2.83800383616972,
    2.677492122315437,
    -1.9210753871783033,
    -0.18738054536252063,
    -1.0738287728797324,
    1.1101961812912566,
    0.012847863702104795,
    3.209953999313174,
    -0.9489724909095925,
    -0.6737273482572793,
    -1.3039061272574928,
    2.708175671058401
  ]
}