{
  "cat_params": [
    1.0017512166222937,
    1.4119720927693862,
    1.0756023044223786,
    2.00490967279006,
    -1.2371408061015363,
    2.837264522455413,
    -0.4885063280733041,
    1.5198601533637053,
    0.7498236077514215,
    0.5769274905745171,
    1.108936991618044,
    -2.223735636723651,
    1.312755413339555,
    1.2523432037650495,
    1.9981389534486524,
    -0.7836176821346877,
    -0.6614784257990712,
    -0.09206683656072803,
    1.7077283375016927,
    0.1685003330998767,
    0.03368275018189616,
    -0.7992498010457688,
    -0.8924632631554754,
    -2.8651380586949986,
    1.6613464198065084,
    -1.2854100649029887,
    -0.178140662601552,
    -1.5575828144785866,
    -0.5709137076616824,
    -0.7769217325341926
  ],
  "mood_params": [
    2.770497001686339,
    2.5875148236766203,
    -1.9768845489863636,
    -0.2815159162305837,
    -1.1547834323673742,
    0.9398215632449759,
    -0.13914387751640886,
    3.1181756390133746,
    -1.037223625411066,
    -0.7636705036761272,
    -1.3845032238636272,
    2.570160477651627
  ]
}