{
  "cat_params": [
    0.1956761924808869,
    0.5310819364200194,
    -1.3375215092987844,
    0.03757289458688997,
    4.4937574267644385,
    -1.968684740864392,
    3.5708366946325536,
    -3.414966939630591,
    3.3491024585704814,
    2.121977077469306,
    0.9583358533004267,
    0.906468536459051,
    1.515447026053558,
    5.124773790336225,
    2.7037467414633687,
    3.965086426665231,
    4.639500713712069,
    -1.9212858623898383,
    4.960281123205257,
    1.4246351870368112,
    4.003419739923701,
    2.4617635324220624,
    4.443725619313658,
    -0.5705454321596113,
    -1.0678002035361034,
    2.109261230706905,
    1.7262093905789937,
    4.7190352303163685,
    3.7298622079825603,
    2.7266552651484126
  ],
  "mood_params": [
    0.887516255365634,
    1.654448427043813,
    1.3729736401523034,
    3.5782787339900017,
    3.598111925203615,
    6.310225845182872,
    6.957897908699037,
    1.635198752905223,
    2.9890866977418455,
    0.8057694191538787,
    3.9507187135230755,
    2.9728517750089702
  ]
}