{
  "cat_params": [
    0.3208545098586746,
    0.6232780587514044,
    -1.2413996039668904,
    0.035710115460824365,
    4.716273290217946,
    -1.8870033637065287,
    3.818927367281583,
    -3.361247091147942,
    3.5656962231629774,
    2.3175796942999014,
    1.13634237845887,
    1.0397487724352774,
    1.7034527992221504,
    5.345558412903307,
    2.8975606000922034,
    4.188021548091178,
    4.784631818927315,
    -1.7711853791310987,
    5.169749878794555,
    1.561622739095577,
    4.204371900948084,
    2.7053377413315496,
    4.417190700089239,
    -0.5416577861465186,
    -1.0108749658243392,
    2.3100674523647866,
    1.9203086647853858,
    4.87712582505116,
    3.906872855141388,
    2.9339657088752533
  ],
  "mood_params": [
    0.9514370689543609,
    1.7416137896926054,
    1.4502305373219795,
    3.69332392517915,
    3.711520890582094,
    6.5145368664634375,
    7.119641714377387,
    1.7201169424905345,
    3.106225252522875,
    0.8833090940961965,
    4.043546015647465,
    3.112045215865452
  ]
}