{
  "cat_params": [
    0.17883001389560255,
    0.46853047349356036,
    2.9891969722607032,
    2.4992615578502564,
    -2.302909694137899,
    1.7389812503788415,
    3.0719717864838603,
    2.231686451310138,
    -0.04774758895113112,
    1.9547587918164628,
    2.9758664479962595,
    0.10184076621385395,
    1.7897490887498577,
    -2.547306647005737,
    4.747148226365569,
    1.112742992946216,
    2.693042513236083,
    1.8956446014693273,
    1.1338081803678275,
    5.93645414353187,
    0.2554153638489564,
    0.28378013548274245,
    4.6237631090699365,
    0.28033855410409697,
    0.0833813714279431,
    2.572240569632652,
    -0.15939148621509389,
    1.178631381555236,
    -1.1243596206735185,
    -2.032013790563973
  ],
  "mood_params": [
    1.8612011623766216,
    5.033635029594696,
    -0.43559768306355556,
    5.986169251813261,
    0.25372174255876345,
    2.491433901298216,
    3.492525247235719,
    4.541776574857517,
    0.9391294876203695,
    7.790806088785951,
    5.172538859060912,
    2.4280914743118434
  ]
}