{
  "cat_params": [
    0.2998039821982585,
    0.5575138103101573,
    3.068419707205187,
    2.4987119811345404,
    -2.1400195518407275,
    1.8018792452526264,
    3.316413668533148,
    2.2634869439840473,
    0.1716254564299944,
    2.1441756897204605,
    3.174721461609782,
    0.22092272052555184,
    1.9707711290638705,
    -2.4022667014754497,
    4.924809106914545,
    1.298054074738343,
    2.8273967271322373,
    2.0316543472664916,
    1.3287664552411307,
    6.036410360864117,
    0.44155645455597603,
    0.5058978852402763,
    4.596674426111882,
    0.30331829296508545,
    0.15515235410295733,
    2.771242453407125,
    0.026586923893942703,
    1.3255009338316848,
    -0.9876240483183306,
    -1.8596136944226587
  ],
  "mood_params": [
    1.924829766901091,
    5.128149448307146,
    -0.372281930917817,
    6.110959170665178,
    0.34122975886465856,
    2.665941480028575,
    3.6442579990455,
    4.6374722545271165,
    1.0382595372876948,
    7.810247896028784,
    5.265277477961609,
    2.561189791224001
  ]
}