{
  "cat_params": [
    -2.1005134252616884,
    0.17408772027275735,
    -1.6434138019993578,
    -1.080401797429612,
    -1.0034808159094817,
    -1.4008576848130225,
    0.024897045661293506,
    0.8192085278985449,
    -1.542782274449792,
    0.6324639373206036,
    -2.2214500165367497,
    0.04517823937951971,
    1.1044382489543918,
    -1.9960983978044091,
    -2.526884608943923,
    -2.9565029756356824,
    -0.5140530788708163,
    -1.3537813846370592,
    -1.6364611860728915,
    0.7149055134726445,
    -1.080593098582397,
    -1.0622869068283658,
    -1.719859473096991,
    0.77775464375779,
    -1.4139930109777783,
    -0.11956279007259002,
    -0.7754765556098715,
    -0.8105469197765885,
    -1.4989821357797535,
    -0.5787554122539376
  ],
  "mood_params": [
    -1.4125821710247617,
    -2.3037477971548976,
    -1.0510059029993126,
    -3.519997816609878,
    -2.142563411258276,
    -2.8208347169181467,
    -2.855375929238901,
    -2.630835061108579,
    -2.2953935475210017,
    -1.7234373211804221,
    -0.8244003273046127,
    -0.3979761049684053
  ]
}