{
  "cat_params": [
    -2.002749292158112,
    0.22766665052268803,
    -1.5847055712358287,
    -1.0820453007595925,
    -0.9022411643736636,
    -1.352183938910217,
    0.19617919356302815,
    0.8402959979757719,
    -1.4057659151381807,
    0.7499475355108228,
    -2.1543914790379404,
    0.11678581924899199,
    1.2135601879683204,
    -1.9128173530823829,
    -2.3958696683526814,
    -2.884742940812914,
    -0.4399410739377925,
    -1.2658306430962798,
    -1.5235210711035774,
    0.7954741247082283,
    -0.9710406688122557,
    -0.9360378557907982,
    -1.7163258369887828,
    0.7880151916975554,
    -1.3928011480349451,
    -0.015533384461004558,
    -0.663857788957364,
    -0.7245791584426324,
    -1.4224636992059296,
    -0.47094629946623306
  ],
  "mood_params": [
    -1.3790402944505977,
    -2.2628437718598984,
    -1.017872417789394,
    -3.4833711814331973,
    -2.1054689407415084,
    -2.7429218108619375,
    -2.770695176284495,
    -2.5979680095744024,
    -2.2561476832038934,
    -1.6609637865409164,
    -0.7775168595782039,
    -0.32316338426098734
  ]
}