{
  "cat_params": [
    -2.338448989802658,
    -3.1829118108318966,
    2.907659899270431,
    -0.026153395625365877,
    -2.4143489234826365,
    1.6214163904269585,
    -5.51045567188088,
    1.7580801775674457,
    -0.4047190697263972,
    -4.394941869377788,
    -5.099856455631049,
    -1.1274053701377182,
    -5.430922095303592,
    -3.3256157241826725,
    -4.771149085229851,
    0.7802325252443502,
    -3.7847702402433305,
    1.394539416494219,
    -3.3088606433752137,
    -5.4500159580533145,
    -3.1940970021808726,
    -4.4761204455194745,
    -4.976348676546218,
    1.1408973057725766,
    1.803522969799848,
    -3.887403539623126,
    -2.6071557279290976,
    -3.203826907898427,
    -2.4425175133143653,
    -1.5317525567427164
  ],
  "mood_params": [
    -2.7127834881332267,
    -5.003396599981892,
    1.2907252568482488,
    -2.0557216567168934,
    0.3475691628613297,
    -4.316773785063072,
    -4.716952251489127,
    -3.113215102388518,
    0.24048338830716576,
    -4.023656598485925,
    -2.479648530260894,
    -4.115752261171731
  ]
}