{
  "cat_params": [
    -2.188435684545687,
    -3.027758856308951,
    2.785019050487526,
    -0.07341923482294038,
    -2.181625815521987,
    1.5808456974664227,
    -5.12818865291446,
    1.7045820115908583,
    -0.30526966836358577,
    -4.058607203911324,
    -4.890374175547507,
    -0.9402073383073395,
    -5.113630837680255,
    -3.1017071291767166,
    -4.49499421721367,
    1.135984972994787,
    -3.4804029435864337,
    1.4170461559099676,
    -3.1162146216792057,
    -5.184259301445057,
    -2.921509827766833,
    -4.244542904145102,
    -4.850257881019229,
    1.122825075915034,
    1.722939167129963,
    -3.678478153843343,
    -2.383427781762553,
    -2.8813401383126758,
    -2.1817726141218508,
    -1.3182528425440039
  ],
  "mood_params": [
    -2.5996313183082718,
    -4.808981718644456,
    1.4858559092101022,
    -1.7863686207585907,
    0.563804268952135,
    -4.006048305164316,
    -4.395816381181457,
    -2.946424524306608,
    0.49548280883165535,
    -3.7899188234046868,
    -2.234666942650039,
    -3.863022159691175
  ]
}