{
  "cat_params": [
    -3.904267632189282,
    -2.7411493544177916,
    0.5792219522369296,
    0.3520859466942756,
    -2.8288554863754825,
    -1.3978232533782207,
    -5.844766093869743,
    -2.2365826067303876,
    -2.9346304951344493,
    -3.7031635878757814,
    -2.519895705399267,
    -2.887157559876892,
    -3.6896958465924334,
    -2.885717650463103,
    -3.451773375174726,
    -2.3673573825154244,
    -2.216982106057354,
    -2.806730682650267,
    -3.6363074140588183,
    -3.0300486316526114,
    -2.912972580560174,
    -4.554465651828253,
    -3.2675569860115066,
    -0.416263904306904,
    -0.9818313786005358,
    -3.0424480714320743,
    -4.013527202328582,
    -2.700897173817127,
    -2.417076002551676,
    -3.397960681792886
  ],
  "mood_params": [
    -2.080408074165018,
    -1.9732991626515861,
    0.5135981153636536,
    -0.26159906165210733,
    1.033654291631099,
    -2.0811331550292533,
    -1.1841931626662168,
    -1.526823193154664,
    -0.6681090475008629,
    -1.345407911083555,
    -2.1209158813032403,
    -3.0455029810044656
  ]
}