{
  "cat_params": [
    -3.788113483289252,
    -2.691075454855823,
    0.6295225926207745,
    0.35119658261220277,
    -2.7446559263345023,
    -1.3502396722858487,
    -5.601139028961297,
    -2.2050137113013633,
    -2.7966135500187326,
    -3.562870601700878,
    -2.459203382998397,
    -2.853752910334722,
    -3.57605704868089,
    -2.813090988411097,
    -3.3196940422363053,
    -2.291745288820589,
    -2.1502898308857747,
    -2.7174725659613874,
    -3.5302953201760263,
    -2.9251220143570897,
    -2.8102534546379734,
    -4.453362338049906,
    -3.2570996553571443,
    -0.39932421875398666,
    -0.95519728170007,
    -2.96902714257422,
    -3.907278240072495,
    -2.6203693725537414,
    -2.349408010727314,
    -3.3097459024734857
  ],
  "mood_params": [
    -2.0490554469600744,
    -1.9326107865778634,
    0.5557397586642475,
    -0.20873081787181652,
    1.0911273075754282,
    -2.0009701071830683,
    -1.099459544731779,
    -1.4899894087014713,
    -0.6185986887130062,
    -1.2871589756875799,
    -2.078239450433122,
    -2.980360529497046
  ]
}