{
  "cat_params": [
    -2.2548233534534265,
    -1.3075637476921076,
    0.35083974136040846,
    -0.7670216986612198,
    -1.6203043373167687,
    5.660965691474778,
    -2.327231170813148,
    -2.520817243351954,
    -1.8893386273621309,
    -1.0200816663916201,
    -1.217264472200136,
    -0.9771906991907389,
    -1.8690688382985587,
    -0.335782829409883,
    0.9734251070405064,
    0.16471957126470435,
    -1.5137946533761204,
    -1.3661594782497277,
    0.4045832858165034,
    -0.4803918398772943,
    -0.9940308526120732,
    -2.7805763969246766,
    -0.27749903253337477,
    0.5150450389564739,
    8.033836425828204,
    -1.404627152671624,
    -1.792982043063822,
    -1.6626251861019519,
    -0.7776621386919663,
    -2.5904036439918654
  ],
  "mood_params": [
    -0.3175019895867302,
    0.9427389708492685,
    0.879629413440217,
    2.6041103980780176,
    1.6434382328877708,
    0.14691337501852375,
    1.3451454509493628,
    1.005256859822502,
    0.004732838309115663,
    0.6677541919443728,
    0.4405779351382278,
    -0.4063470764412169
  ]
}