{
  "cat_params": [
    -2.1076268664692908,
    -1.220700776475297,
    0.43762466347219103,
    -0.7692109741678881,
    -1.453727042096979,
    5.706015680148781,
    -2.0148449213819566,
    -2.472132456960623,
    -1.6662148633281424,
    -0.8147441236601727,
    -1.0750551236336545,
    -0.8725805494144638,
    -1.6841364572474185,
    -0.17217714440943124,
    1.1659930391713678,
    0.33800005827540913,
    -1.39417771881067,
    -1.223681450821612,
    0.5963283607854757,
    -0.3362806840175782,
    -0.8123118703660164,
    -2.579583877094455,
    -0.2829248777026887,
    0.5364129337316915,
    8.224891148567881,
    -1.245240559733298,
    -1.6099787218746047,
    -1.5219305813220427,
    -0.6397426828314327,
    -2.423011475424245
  ],
  "mood_params": [
    -0.25857131545483164,
    1.0242002334652625,
    0.9507623038670793,
    2.709735058562901,
    1.7396523281091494,
    0.3051556428381689,
    1.4925855942819295,
    1.0839107157538803,
    0.09631512552172301,
    0.7427505063344214,
    0.5217305771315126,
    -0.282692787862954
  ]
}