{
  "cat_params": [
    -2.063714779925964,
    -1.3220058424700667,
    -0.09799132137738595,
    1.424592041940723,
    0.20335708488815815,
    0.10148125870502732,
    -4.0739956924991585,
    -0.6752257741915398,
    -0.7635247525226128,
    -2.9970635329838906,
    -3.1501454429850138,
    1.0188537521449246,
    -2.940636080550949,
    0.0321640894560902,
    -3.9223947546415268,
    4.152534479198978,
    0.217135899414418,
    -1.2454327786757537,
    -2.7546449511225446,
    -3.0822410167443857,
    -0.01756716050716021,
    -2.6617722624226565,
    -2.268800070025791,
    -1.2877416469952483,
    1.0015542497694718,
    -1.8487433309521613,
    -1.7893729106396035,
    1.1872548673047854,
    -0.36082783861744455,
    -0.22656816870300062
  ],
  "mood_params": [
    -2.0352437047161116,
    -1.8105681154314992,
    3.1940285419388355,
    1.007514620339635,
    3.452626677391624,
    -0.15804686264161646,
    -0.7587961235682944,
    -0.806515189898053,
    2.758533679996527,
    -3.182814432962578,
    1.1465285231696118,
    -2.6026180435546484
  ]
}