{
  "cat_params": [
    -2.298770580521788,
    -1.7292744112402698,
    0.0237512125833248,
    1.145356992929752,
    -0.31890628317093483,
    0.4905035940279041,
    -4.768843320531783,
    -0.9521801417419835,
    -0.631495348613436,
    -3.5612391817465614,
    -3.689325088067413,
    0.6689251269693063,
    -3.563873040204583,
    -0.3137886492417741,
    -4.461639392649649,
    3.616385571328982,
    -0.6065246760753397,
    -1.7792198484987487,
    -3.3844821283455735,
    -3.7226944324501052,
    -0.689490208359481,
    -3.2577549878919654,
    -2.9812701647888495,
    -1.4947213989009873,
    1.8845062447516636,
    -2.3959420140260517,
    -2.341840521385961,
    0.46579731936229457,
    -0.9675168836806598,
    -0.6183622768423214
  ],
  "mood_params": [
    -2.313901678152432,
    -2.3969623015728705,
    2.628235441383334,
    0.20965969595420555,
    2.7918391374119365,
    -1.0118267823169476,
    -1.6155107897474414,
    -1.2928612395602839,
    2.020410424342549,
    -3.7155717227963,
    0.3566025321547929,
    -3.2947928530256387
  ]
}