{
  "cat_params": [
    -4.575633937677411,
    -4.203814836734276,
    0.03326654840539643,
    0.42303200991337386,
    -3.193463992941722,
    -0.018568066811418926,
    -6.896011562322567,
    -1.8723026347677725,
    -2.923832632382227,
    -5.696963245302941,
    -4.897823817307395,
    -2.8150154251543213,
    -5.700624540341479,
    -2.5157791602337842,
    -3.9135749210388204,
    -2.139846402124103,
    -3.6427091654146806,
    -3.179322393867103,
    -3.030154067425758,
    -4.678956496533468,
    -4.25288019144159,
    -4.623273318268248,
    -3.771548012269754,
    -1.2510057244641342,
    -0.1347159741828536,
    -3.377155031069606,
    -5.66209538935923,
    -4.3463185526867045,
    -3.493089675802723,
    -3.2158794360881835
  ],
  "mood_params": [
    -2.3001013111251885,
    -2.185501679449876,
    -0.3419349821846393,
    -1.5477930006483676,
    0.16042363421719466,
    -3.2691733599893853,
    -2.640743829135645,
    -1.4925628119507188,
    -1.7926883358540073,
    -3.3951023678310093,
    -1.9860231286547014,
    -4.301690457950396
  ]
}