{
  "cat_params": [
    -4.862986582607738,
    -4.324720813312426,
    -0.006597097987676364,
    0.683925683419582,
    -3.4922766332544106,
    0.06531158105617196,
    -7.299713680831585,
    -1.8184933644127066,
    -3.206903246364082,
    -5.942409323994898,
    -4.974286452723577,
    -3.0131530744464885,
    -5.962719976068359,
    -2.7737131741196275,
    -4.024949907933385,
    -2.466830830911751,
    -3.884622546463459,
    -3.4317333060418846,
    -3.223685855418356,
    -4.8596564686112895,
    -4.548144854097805,
    -4.9625087373701415,
    -3.89097254501456,
    -1.3730373396474609,
    -0.16269170604785327,
    -3.6665419009394844,
    -5.936459077511968,
    -4.647374224391148,
    -3.7558299322232616,
    -3.5057329029462054
  ],
  "mood_params": [
    -2.3966119610910526,
    -2.405675346069392,
    -0.5341000259652248,
    -1.7945173885764234,
    -0.06627184508708128,
    -3.5691782544208333,
    -2.9137549247963803,
    -1.6410371271152373,
    -2.0207079231278433,
    -3.5272188351826714,
    -2.1724254729532215,
    -4.385097893731215
  ]
}