{
  "cat_params": [
    -2.8089358792434664,
    -0.5343207733822354,
    -3.101280780615464,
    -3.8858626416652156,
    -3.3961967089832172,
    -0.3443504721379866,
    -2.3106403244574567,
    -1.1693601156407252,
    -2.6712360487250146,
    -2.684718349264961,
    1.7248402716946831,
    1.8386221129340259,
    -1.0386890029503633,
    -3.2369914878867734,
    -3.0365435896476662,
    -4.062421941325434,
    -2.3882287667297866,
    -3.403372345584768,
    -1.0224608354647546,
    0.38472825411430284,
    -4.00450269659288,
    -0.4478045568818882,
    -1.6599379013990354,
    0.9865968572061803,
    -1.3078631307037127,
    3.693088827023618,
    -3.3591796383405534,
    -3.082153124411352,
    -3.5562670696938463,
    -2.1561388972344093
  ],
  "mood_params": [
    -2.088872254961312,
    -3.854719292616948,
    -2.7206517739206304,
    -3.8416994134792337,
    -3.67843309489711,
    -4.709887932101176,
    -3.3463444160003366,
    -2.9906661742494904,
    -4.01488881320452,
    0.1712858243058871,
    0.39698053494681146,
    -1.6568727949863855
  ]
}