{
  "cat_params": [
    -2.934594714589217,
    -0.695265303864575,
    -3.1173946653169593,
    -3.9825473536601135,
    -3.6473903155393335,
    -0.322378345436323,
    -2.5660539507875693,
    -1.136287344284321,
    -2.752035863869331,
    -2.9525259476074774,
    1.86293966336949,
    1.8966039138043043,
    -1.2399825965923765,
    -3.5010145473435337,
    -3.3848458465353675,
    -4.373095335384175,
    -2.678987139869242,
    -3.5642549782679986,
    -1.4138025973865258,
    0.0574970954961698,
    -4.237759115203102,
    -0.5693673797373925,
    -1.7885802378325433,
    0.8841469158674735,
    -1.3873999547824662,
    4.1916405061140125,
    -3.618406750276651,
    -3.392791601316775,
    -3.8348102432048266,
    -2.3838142924472674
  ],
  "mood_params": [
    -2.27071828366727,
    -4.188993616687146,
    -2.948634914599903,
    -4.182708243539467,
    -3.9371482885156484,
    -5.080357195523552,
    -3.7085250584644185,
    -3.279802785640243,
    -4.313787184531108,
    -0.08975429120556017,
    0.17664223035226992,
    -1.9232977353719514
  ]
}