{
  "cat_params": [
    -3.068427783628989,
    -2.8114348891668297,
    -1.6833373067082258,
    -0.1447534392913743,
    -3.484420781355415,
    -1.0604555270031233,
    -5.713093655391781,
    -1.4751241460941629,
    -3.606419409060102,
    -5.322894502253102,
    -2.6947329233330812,
    -1.3746716163607076,
    -4.497444235986607,
    -3.579442996074566,
    -3.1496304702972964,
    -1.6434632048832256,
    -4.764710228827225,
    -3.12762234752762,
    -2.835909817417059,
    -3.0740783261139395,
    -4.773807153004626,
    -3.919200766992734,
    3.027587404318773,
    -2.0434100578703336,
    -0.13058613285012916,
    -4.430579723303614,
    -3.651433780294481,
    -5.224515661113847,
    -3.7125408195710787,
    -3.725894868695133
  ],
  "mood_params": [
    0.7600855244706456,
    -1.6537067463792352,
    -2.570733137376859,
    -2.3899003072273945,
    -3.7978431842514793,
    -3.538750877022178,
    -3.1464414749464025,
    -0.1205396321278749,
    -3.3470486244103714,
    -0.4087847633324956,
    -1.0702234868494265,
    -4.8545861946753375
  ]
}