{
  "cat_params": [
    5.952679428303758,
    4.5325155968021935,
    0.13172943879643917,
    -0.21781190967265787,
    3.535954220593835,
    0.6044063341761696,
    2.4871640847828065,
    0.026304378063234428,
    2.093571019019102,
    2.2976280354515333,
    1.819637068741879,
    -1.197222615732209,
    3.0520105385098453,
    6.315937452389813,
    1.6147143388764973,
    0.8368855076386693,
    0.6111812713251222,
    2.044713088753411,
    2.7474862346162894,
    -0.7738148703627519,
    4.466253148950236,
    1.8545248087799198,
    -1.3149310711917581,
    -1.390148899684858,
    0.6912710507259,
    0.7906666033824805,
    3.401483435944005,
    1.6799125126765924,
    4.137598465989266,
    4.47090757411236
  ],
  "mood_params": [
    3.4486140132225955,
    1.183594950617606,
    -0.5188649496165127,
    -1.2479249785111328,
    -1.7165534821607438,
    3.081638745163657,
    0.8157835600845111,
    2.053815234535417,
    1.2267803712885608,
    -0.46264819518873623,
    -2.2679272002446087,
    3.3539493930579316
  ]
}