{
  "cat_params": [
    5.864936118913649,
    4.571759047620739,
    0.12189711256466206,
    -0.28809220592354995,
    3.669594586917081,
    0.6969170954905968,
    2.5971970026997355,
    -0.045663561688382315,
    2.162632247833333,
    2.3601503521806717,
    1.4415077036124677,
    -1.6596169052922563,
    2.9918145182552087,
    6.469484575580944,
    1.6129853809277217,
    0.80401038198183,
    0.6300192940681499,
    2.0750199228477406,
    2.861235543951577,
    -0.6757211097494363,
    4.554733073376695,
    1.6715549033435244,
    -1.444012242407947,
    -1.3713972524840756,
    0.8354591525045857,
    0.3347834688884962,
    3.5690267643862255,
    1.7205103451828345,
    4.120603227064345,
    4.639017125361389
  ],
  "mood_params": [
    3.371658801356312,
    1.0740508805724827,
    -0.4437889016533854,
    -1.2396858477529793,
    -1.606022779243484,
    3.131870542352306,
    0.898540052437101,
    2.035170316757373,
    1.2542569113194106,
    -0.4892342378420417,
    -2.2709467163064785,
    3.345286001730066
  ]
}