{
  "cat_params": [
    -4.445468884926034,
    -3.4645536717819168,
    -4.531368095278003,
    -2.2330575068887697,
    -2.970881883349782,
    -2.4843912549784557,
    -3.197125440069014,
    -0.06224018686853979,
    -2.625420783294154,
    -2.38667132209193,
    -3.8271035455708913,
    -1.753880462419666,
    -2.8441248505722307,
    -4.084432083381378,
    -4.731178557991888,
    -4.291484679360674,
    -4.1646262992258425,
    -2.035267587269885,
    -5.160396815335034,
    -4.522668723314034,
    -3.7690813409633552,
    -4.06396387430222,
    3.788511320212834,
    11.42567282859811,
    -2.42158360794676,
    -2.5043739437016326,
    -2.934911740716719,
    -3.619005739120081,
    -3.9365943371149243,
    -1.9952162560586852
  ],
  "mood_params": [
    -3.4468565856343543,
    -7.025068901912883,
    1.14992047733579,
    -5.256307320328628,
    -0.5828421541707537,
    -3.8301296889288685,
    -5.553207952770838,
    -5.090187171696909,
    -2.6602334041006257,
    -3.8921894308417677,
    -3.9249537036053206,
    5.86186814565897
  ]
}