{
  "cat_params": [
    -4.614580548888508,
    -3.5464487306747343,
    -4.630642687929067,
    -2.23019423618473,
    -3.118970110915623,
    -2.562877397942404,
    -3.5143777484387626,
    -0.10064878245202571,
    -2.8433246054515138,
    -2.593881465100912,
    -3.927667198226463,
    -1.8433308215714408,
    -3.0239478580886985,
    -4.206562806423475,
    -4.942528365846679,
    -4.407887735670256,
    -4.270637470084251,
    -2.1744104679602065,
    -5.333497936719,
    -4.691294876462286,
    -3.9374338536573066,
    -4.2475644918600866,
    3.8117087252941135,
    11.469957644157647,
    -2.451830973374393,
    -2.64537413346004,
    -3.109925671254981,
    -3.750716162052786,
    -4.0454664376763105,
    -2.158279119613475
  ],
  "mood_params": [
    -3.4974837480355743,
    -7.079386406166869,
    1.0799774754806089,
    -5.315573621676972,
    -0.6601184038443679,
    -3.9565033121057147,
    -5.685491254847528,
    -5.137630759971642,
    -2.728747978830691,
    -4.00105362411667,
    -3.992917863298492,
    5.724986765737055
  ]
}