{
  "cat_params": [
    -0.15742790473803822,
    -0.8621581204223092,
    -2.834983670515165,
    -3.3697963546536,
    1.0473183648575757,
    -0.28063343279554803,
    -1.3572145529649386,
    -1.4120302325641703,
    -1.0544254778913362,
    -0.22373946633367628,
    -0.5779949085114696,
    -0.0294230593054234,
    -0.758183966170726,
    0.001439080310517358,
    -1.136870496887418,
    -0.06019036985851275,
    -2.9986472977699252,
    -2.906411925877316,
    0.6352303028660173,
    -2.3020335285572764,
    -1.0578002014485717,
    0.8209723694965407,
    -2.672350518667692,
    -1.7758119467015723,
    -0.05879573895033668,
    -2.1072950938416066,
    -1.394446667655435,
    -2.679175297194264,
    -1.1298136033842465,
    1.9801508383611446
  ],
  "mood_params": [
    2.2873907352199563,
    -0.8395348219662635,
    0.1959679134811859,
    -3.1920418555571928,
    -2.236525542450148,
    -0.5936586245959,
    -1.8561350632981948,
    0.19976109401128184,
    -2.111529321627132,
    -2.523436772709017,
    -2.603526323595843,
    1.858005279493786
  ]
}