{
  "cat_params": [
    -0.043671239472451544,
    -0.6965890592713232,
    -3.3043691284717864,
    -3.1618797797718527,
    1.305784727943377,
    -0.9748929488481234,
    -1.3534939788078468,
    -1.3447719780550513,
    -1.8001313027059689,
    -0.25301010327873563,
    -0.3194386091900629,
    -0.01978828432159825,
    -0.4977681221927705,
    0.1486742273160438,
    -1.1855457541900627,
    0.757890200666108,
    -2.2271143651255927,
    -3.1438548762594714,
    0.024145325849356924,
    -2.4196830006900174,
    -1.0056831037562666,
    0.7457770847809282,
    -2.4137466145500177,
    -2.0313882171956363,
    -0.5343815623050222,
    -2.108527316792972,
    -1.044167235863121,
    -2.108170314743576,
    -0.5821569442618488,
    1.9247544262399252
  ],
  "mood_params": [
    2.486873603287205,
    -0.30470758636506545,
    0.9490035584904094,
    -2.4480771526867513,
    -1.4937205369895035,
    0.19372378221571954,
    -1.0936684223228892,
    0.3778491658989451,
    -1.3247800436442578,
    -2.329332274357686,
    -2.1693635742429733,
    1.4036148916927778
  ]
}