{
  "cat_params": [
    -1.4602572120464117,
    0.5194423196247101,
    -1.278920118704419,
    -2.277692537457392,
    -1.641426176904573,
    -2.441335412179739,
    -1.558239220718084,
    -1.7864629389543316,
    -1.537766551536245,
    -1.688961174709331,
    -0.725525634986093,
    -0.16280868525924805,
    -0.6245204081678933,
    -1.7787539094933225,
    -3.4288912028754988,
    -2.358739900081693,
    -1.424932487228228,
    -2.150264804185464,
    -3.0905222772131724,
    -1.4654924720358928,
    -1.1675162561693766,
    -1.3729981495652428,
    -2.7968736983231564,
    0.6195669144025733,
    -1.6664545903548047,
    -0.08224161558438135,
    -1.1197682578013939,
    -1.1776362469351649,
    -1.1298133516329065,
    -1.8482646183077593
  ],
  "mood_params": [
    -1.5272361773979028,
    -2.5627138797166586,
    -1.040144539681554,
    -2.63477571743097,
    -1.804633458800343,
    -2.754135190435804,
    -2.3220222928427976,
    -2.7750022300121473,
    -1.6393896204675331,
    -1.6691755975969118,
    -1.228970454869916,
    -1.4602392587772137
  ]
}