{
  "cat_params": [
    -1.5499572176622787,
    0.46700059597382243,
    -1.3352961191456816,
    -2.2754707717107694,
    -1.7341881178861756,
    -2.493726209037303,
    -1.7483444674445678,
    -1.8165072172383567,
    -1.6718387582262368,
    -1.8180014675618634,
    -0.808739099691931,
    -0.22921087148499242,
    -0.7336441069573837,
    -1.8606975578793477,
    -3.56145655058429,
    -2.4336215513389314,
    -1.4939604044147454,
    -2.238171763243608,
    -3.1974091035520997,
    -1.5600064834690177,
    -1.2738132793877552,
    -1.4931950950160164,
    -2.8052936747722397,
    0.6086835139118941,
    -1.6825192430656495,
    -0.1830014615849449,
    -1.2281919694126897,
    -1.2606236098581949,
    -1.2062366250661891,
    -1.9451253472228376
  ],
  "mood_params": [
    -1.559580688291462,
    -2.60150905076227,
    -1.0721334098831736,
    -2.674572065805222,
    -1.8424673862123913,
    -2.8295687596172954,
    -2.405078289197619,
    -2.805918986637276,
    -1.681628319886643,
    -1.7304677088509945,
    -1.2735892564389104,
    -1.5298165062069866
  ]
}