{
  "cat_params": [
    -2.832017131123297,
    -1.6603797355783116,
    -3.1831193672279543,
    -2.872008704916322,
    -2.1303731628853027,
    -0.007757531452094427,
    -3.374296774074886,
    -1.2835944057445294,
    -2.328926105248096,
    -3.714861828171803,
    -1.8617044125521536,
    -2.7535046195491546,
    -4.262682663257292,
    -2.810089757238783,
    -4.065339597656162,
    -3.837487111917383,
    -3.752627887319295,
    -2.4009742475173925,
    -2.5674326246046295,
    -2.0334616104378593,
    -4.074103611861138,
    -3.963159525565013,
    -5.8228019121507,
    0.6520123904886467,
    -0.4605365351315489,
    -4.330432189053672,
    -3.038981133813113,
    -2.7610044607709434,
    -4.027195246281637,
    -0.1188948610287447
  ],
  "mood_params": [
    -2.60439289908194,
    -3.0638344486748745,
    -1.6116107653553944,
    -3.476331628004239,
    -2.0216172075469,
    -3.608194922647021,
    -4.621749099007389,
    -1.2343904567045871,
    -3.8346441886507625,
    -2.5969355673880385,
    -2.565692611186668,
    -3.876922109447094
  ]
}