{
  "cat_params": [
    -2.9605457425151256,
    -1.7277628698757594,
    -3.262184510505322,
    -2.8691464147613157,
    -2.2528784436844926,
    -0.06266167775411187,
    -3.642319263857678,
    -1.3192891443348433,
    -2.506566270993967,
    -3.8938644231776234,
    -1.9596075562729365,
    -2.809882003079141,
    -4.4117577880554375,
    -2.913886199387479,
    -4.238027788959411,
    -3.9282257012980373,
    -3.8375627263004604,
    -2.5157951295907446,
    -2.7112926419188432,
    -2.1587493184787876,
    -4.20866950358831,
    -4.108216572052158,
    -5.84335794243716,
    0.6366913825131921,
    -0.5075005130561078,
    -4.423238562000843,
    -3.180652382571788,
    -2.868311825098581,
    -4.109691443517826,
    -0.2602535678205421
  ],
  "mood_params": [
    -2.6458948691310535,
    -3.115904421270675,
    -1.652236669117264,
    -3.5287575196610095,
    -2.0738973995314334,
    -3.7077430615776645,
    -4.729065203852702,
    -1.286291411504885,
    -3.8783847070145203,
    -2.680875670180651,
    -2.6223317211350383,
    -3.962921314482897
  ]
}