{
  "cat_params": [
    -2.1780568619116973,
    -1.5437345477897713,
    -0.8847135705821468,
    1.8187678446456246,
    -2.541630105478088,
    -1.1549459071866202,
    -4.275724503621993,
    -0.30273831217553776,
    -3.671777965322309,
    -2.91542142675685,
    -2.1582395182359653,
    -0.19119933898230884,
    -2.4316522598268455,
    -1.1420307865436554,
    -4.150872849032616,
    -1.297633175368683,
    -1.7069890076631853,
    -2.981418509766663,
    -3.126286663699248,
    -4.2502783721982205,
    -2.2073143585783876,
    -3.196585669833087,
    4.830790149147325,
    -1.429689434387834,
    -1.2950838131565114,
    -1.05271992042374,
    -3.440573145054943,
    -2.0972910019154307,
    -1.4142171872121023,
    -3.672240432611119
  ],
  "mood_params": [
    -1.6309702016785548,
    -1.2194520342296638,
    -0.18252032937691376,
    -1.7162068338276733,
    -0.7234119734011606,
    -2.486633771887863,
    -3.159645128394039,
    -0.8997423802098554,
    -0.9568720909173625,
    -2.5173573826520155,
    -1.1424129406717305,
    -2.342593675536509
  ]
}