{
  "cat_params": [
    -2.328315293014313,
    -1.6319697442764876,
    -0.9773261215849157,
    1.8196784726411475,
    -2.7030277307745294,
    -1.231512331887548,
    -4.623284219009483,
    -0.344248972148682,
    -3.905184930933168,
    -3.137051585681126,
    -2.2892437143302944,
    -0.3062808420080074,
    -2.62107441187208,
    -1.2999309811025879,
    -4.370733971483981,
    -1.4561924479911945,
    -1.827876060990938,
    -3.1306446837826054,
    -3.31412404137584,
    -4.424911379429329,
    -2.38936204899484,
    -3.397735359617454,
    4.8589762242845564,
    -1.4631944467128515,
    -1.3459326177810629,
    -1.2170709242363964,
    -3.6255294680093724,
    -2.239634114761213,
    -1.5491919287638802,
    -3.835577018933303
  ],
  "mood_params": [
    -1.688382600723329,
    -1.2956103866270456,
    -0.24763775480187541,
    -1.7996541607446888,
    -0.8044705753883102,
    -2.630213684872389,
    -3.303369366408799,
    -0.9706139422259658,
    -1.0426199010392232,
    -2.6198087532200858,
    -1.2212267722802297,
    -2.462522626380233
  ]
}