{
  "cat_params": [
    -2.5402004432412393,
    -0.3275815240427513,
    -3.2375746873698406,
    -2.6776753275492644,
    -1.0067821509435475,
    -2.477495651240572,
    -4.655975779896823,
    -3.0937012058372746,
    -2.9736822774598957,
    -3.9693234347168422,
    -2.3252906566259166,
    -2.6632876622861894,
    -3.78175437691786,
    2.408024772645475,
    -2.6487468762886146,
    -2.1095877276659034,
    -2.859388942176812,
    -3.605787070093283,
    -3.432810707898771,
    -2.505155684763561,
    -1.423461130325889,
    -3.597061746194122,
    -3.552708137842954,
    -3.6967293276958095,
    -0.8885323670048779,
    -3.8583869179434123,
    -3.0665724556938687,
    -1.7669971587203193,
    -1.389241167665016,
    -0.39632488690021705
  ],
  "mood_params": [
    -0.6810205709516255,
    -1.5211438268093618,
    -1.4851395334422723,
    -2.08512227631676,
    -1.160641361322767,
    -2.315179170789245,
    -2.0240276090712648,
    -1.1555232745751516,
    -1.7379066209668552,
    -1.7855443808877618,
    -2.313110857611683,
    -2.126439098348981
  ]
}