{
  "cat_params": [
    -2.557206834670435,
    -0.5273032236097323,
    -3.065599323208775,
    -2.572561439374199,
    -1.091854730302122,
    -2.359742677763687,
    -4.536846665238912,
    -3.042967093459943,
    -2.88411354850596,
    -3.837861111788061,
    -2.2405527800129166,
    -2.539370043153882,
    -3.650241318834828,
    2.091265905349605,
    -2.5202426941147054,
    -1.9660239020655128,
    -2.790833241581671,
    -3.6830451308585013,
    -3.2670861689908444,
    -2.40529732000233,
    -1.585265359968021,
    -3.4874062843105005,
    -3.4718536509188427,
    -3.5993629793216364,
    -0.8352385916326109,
    -3.7875759140835505,
    -3.1517526772693305,
    -1.8650517470366301,
    -1.3872297950096173,
    -0.657166750185381
  ],
  "mood_params": [
    -0.6124976954298232,
    -1.3950565139903703,
    -1.4693986895595628,
    -1.9956162863944167,
    -1.2760252998222865,
    -2.215370466987766,
    -1.96905580086979,
    -1.042497427641042,
    -1.7079902232932433,
    -1.6894088897492627,
    -2.137125458606801,
    -2.0418050428411387
  ]
}