{
  "cat_params": [
    4.809124605686108,
    3.82933565562361,
    4.54220951368437,
    4.406683758852192,
    2.32691960782016,
    1.1929564202551475,
    5.1093329655610535,
    1.0401850500422936,
    3.0587358939668574,
    3.988973534010958,
    3.7129295386630807,
    -1.2150795202142917,
    4.042162939258036,
    2.383022004061026,
    4.373464983615824,
    2.1146638783161893,
    4.22196694282238,
    2.6675640016662876,
    5.317573127955551,
    3.7274899968472783,
    4.417067698238882,
    3.729487322744291,
    3.349686060968718,
    -1.3411469005557526,
    0.7480291371289448,
    2.705820538708795,
    4.251259869386041,
    3.8741077331076283,
    2.9883644269508802,
    3.0555217166073443
  ],
  "mood_params": [
    2.4400816872842146,
    3.2198721718229346,
    -0.8041289427161454,
    2.0154167992517,
    0.7591171705941208,
    4.731215460560054,
    4.886361411290783,
    2.2744445160351194,
    1.5961307916897463,
    2.5033583046815155,
    0.6889522518016801,
    4.327935972125006
  ]
}