{
  "cat_params": [
    4.736048130428731,
    3.7355557485501216,
    4.4652836608817275,
    4.4063151866629955,
    2.1245302417435195,
    1.1254693322938227,
    4.880867018562878,
    1.0028508962280405,
    2.8424919923943337,
    3.805190696019161,
    3.502841497392585,
    -1.319684254950454,
    3.8593570528618595,
    2.1903922349564304,
    4.1879793496445465,
    1.915843316236236,
    4.079751671445244,
    2.5292787229824234,
    5.109505573386417,
    3.60721384581562,
    4.217284611285668,
    3.4814952165031485,
    3.3714358796196073,
    -1.3745682515297302,
    0.6655785139406664,
    2.5027892182534193,
    4.056981230246858,
    3.7190017902468533,
    2.8192154100395217,
    2.8491088165011305
  ],
  "mood_params": [
    2.3738598555285604,
    3.1289625511347063,
    -0.8664649522197908,
    1.910222183889508,
    0.6664824171106372,
    4.539493445789215,
    4.728975571374967,
    2.1876291559409093,
    1.4905580969989427,
    2.439443885548653,
    0.6045085969004725,
    4.186302672770704
  ]
}