{
  "cat_params": [
    -2.864188875459736,
    -0.5098263347136559,
    2.9204862910248233,
    2.259213589281482,
    -1.8294020922134089,
    1.3960482031781705,
    2.7184345708369926,
    4.497543180469984,
    0.6647067471643061,
    1.887722755833479,
    0.24167510247212712,
    1.5400429319203113,
    1.2989335066794456,
    -3.1941566326053987,
    2.4063664738443578,
    0.3295984668200844,
    2.7807119667372673,
    2.76049685920429,
    -1.8953573754986328,
    2.0840588720226827,
    -0.40971772645876,
    -0.22693966975599864,
    2.3061376975826846,
    3.447136884028947,
    0.23598079888079726,
    3.341768247931264,
    -0.26657122941278977,
    2.147633897978336,
    -1.0440105619416944,
    -0.9030996295912957
  ],
  "mood_params": [
    -2.5262246619528446,
    -0.8304885457482654,
    1.2750218026357094,
    1.2856956689314574,
    3.213168458283918,
    0.242090785579653,
    1.7326834736752148,
    -1.7359060122129035,
    1.6433118170589682,
    0.20244575879509802,
    -0.5641459302375624,
    0.22611687251353552
  ]
}