{
  "cat_params": [
    -2.8506938819836622,
    -0.4513053868024138,
    2.895914086709056,
    2.2612399818287625,
    -1.7846310570181834,
    1.4004513217061159,
    2.7687061705333185,
    4.40995769233502,
    0.7185290914315967,
    1.9489354779856312,
    0.305969188662522,
    1.4996060435943341,
    1.3147047238544998,
    -3.145981798992656,
    2.4700925577701467,
    0.44115647847669986,
    2.8512885486906945,
    2.7722777063859727,
    -1.70358672091508,
    2.1929064584340465,
    -0.3771347177611402,
    -0.25317760071315915,
    2.235803976637463,
    3.2816514297855677,
    0.32240542849227216,
    3.2572237785619356,
    -0.10739860460300267,
    2.174455249097466,
    -1.0496826944421036,
    -0.8654972220784998
  ],
  "mood_params": [
    -2.4419216705778215,
    -0.7660008019489833,
    1.3145051193377375,
    1.3769955687701358,
    3.279425963392371,
    0.378841757215885,
    1.851977259682783,
    -1.6529505207948947,
    1.733367864571735,
    0.28985896448572224,
    -0.5064702916637542,
    0.3016952777781644
  ]
}