{
  "cat_params": [
    0.002350020412956076,
    1.0049031792543206,
    2.669879474935709,
    1.11874037327179,
    -0.18369117532850981,
    0.6332056445009567,
    2.727465726099598,
    0.0639411116300811,
    2.805652992834135,
    0.1866898940673294,
    1.2269439302881977,
    -0.5497974636982524,
    0.1681927710739773,
    -0.9719709531502108,
    2.695658813610716,
    2.630066735791729,
    2.53101853352459,
    2.1341997991234853,
    2.406391782807688,
    3.3190654485651154,
    0.7951454489741507,
    -0.03960846846571319,
    2.965098682675025,
    -0.14591546316836632,
    -1.3952168885759588,
    0.7833640796722973,
    1.6913930509282002,
    2.1367839499263064,
    -0.6246905184299544,
    0.8968985567684322
  ],
  "mood_params": [
    -1.4444611872932656,
    2.265074140089873,
    0.30906155916841943,
    3.4997601311721045,
    0.12103464162792277,
    1.650815159339208,
    4.078312392260172,
    1.9988872336691614,
    1.1167441743519715,
    3.2796841216929082,
    3.851018462108673,
    -2.2226932301660587
  ]
}