{
  "cat_params": [
    -0.12753498097880792,
    0.9116514394926213,
    2.585430963794365,
    1.1200701121046097,
    -0.3697463653039201,
    0.5620088109686106,
    2.4624054922368654,
    0.0223478714610885,
    2.5847554266557213,
    -0.02347669356808893,
    1.0463828366863404,
    -0.6646031395791426,
    -0.023770124224972704,
    -1.1373060869331466,
    2.499201908587358,
    2.422621997987435,
    2.3920492940967404,
    1.9921713289775789,
    2.20073857349795,
    3.1933649762973513,
    0.6000000638064181,
    -0.2680821350973338,
    2.985264308603006,
    -0.17266743002611204,
    -1.4470378775583066,
    0.5955063221519572,
    1.4958470167588374,
    1.9821011156846209,
    -0.7704268731933693,
    0.7000361490990272
  ],
  "mood_params": [
    -1.5043519970631227,
    2.1756445648294287,
    0.23849049606962386,
    3.3849549651921143,
    0.03123176991675294,
    1.4756667856598842,
    3.9194594461724326,
    1.9120356250465094,
    1.012975999128142,
    3.220520431733921,
    3.757926168653759,
    -2.3474211567367225
  ]
}