{
  "cat_params": [
    3.0576569172060717,
    0.7209991349588694,
    1.125949350877799,
    1.7650266059828734,
    1.3643376359954493,
    -0.650073526533496,
    3.5749468705084477,
    0.005076333141161853,
    2.9810899891917177,
    2.005157222518827,
    3.895977409881211,
    0.6815591634041783,
    3.868591705146797,
    2.033260992016192,
    3.3761539793882127,
    2.4237679392611438,
    3.1031884820567024,
    1.1073938199891098,
    4.735400212920608,
    0.5334250750130564,
    2.4047160577175455,
    4.259088786313559,
    0.6989283906191343,
    -0.9503242500930091,
    0.15547173580607024,
    1.9287229878618675,
    2.355647454584093,
    1.4640218910743157,
    2.4470826804934087,
    1.9404128587487277
  ],
  "mood_params": [
    2.7332548339591702,
    1.888925782489998,
    0.4471523192018586,
    0.8904344589682833,
    0.7059470119401015,
    5.547801704322401,
    2.615354168061016,
    1.9238766545626846,
    2.611506753224411,
    0.42226404549026936,
    -1.6419122015027083,
    5.242915632709245
  ]
}