{
  "cat_params": [
    2.7942745986061506,
    0.5889880310841014,
    1.2826044369553942,
    1.8880710597218615,
    1.5273145199619194,
    -0.5381008497266635,
    3.453256343496556,
    0.08951071059299248,
    3.124032843623787,
    1.9137027561155724,
    3.6858074324046277,
    -0.055071121002994466,
    3.6210825832968787,
    2.183940686965531,
    3.3536524636193277,
    2.3934445654635494,
    3.1224759379562266,
    1.293144120048087,
    4.686562343070516,
    0.4571239035962705,
    2.4182290289083515,
    3.8687203060209954,
    0.43257833518481137,
    -0.9649752919332806,
    0.3585748819213143,
    1.318863563029533,
    2.3449387535335693,
    1.4873260267987114,
    2.4527563992615566,
    2.0955215330689363
  ],
  "mood_params": [
    2.6162743162767526,
    1.819511495452035,
    0.6350421892187018,
    1.0297864136181245,
    0.9328630104295832,
    5.62941866287697,
    2.6443482576611523,
    1.8941930850942796,
    2.7706077909145788,
    0.38448587294683517,
    -1.7458171648438565,
    5.215547822079348
  ]
}