{
  "cat_params": [
    -2.9051345302923672,
    -0.9800019576796578,
    1.8370407980794352,
    3.4471372423591524,
    1.899276510701533,
    -0.768177902821105,
    -0.5552724817527667,
    1.8688786393193981,
    1.0722192861043092,
    0.9253933715115678,
    0.36682516459906855,
    1.1123778813387009,
    -0.4827948457787824,
    0.15731712901737227,
    0.9039297592947717,
    5.224736029509911,
    3.957450346202257,
    2.4369834605412577,
    -2.5009806360163482,
    -1.382924067290199,
    1.5386507466328276,
    -1.4573159614982123,
    1.1612801297372932,
    1.1399591573523677,
    -1.501622456086126,
    2.394558391597289,
    -0.03495846705250258,
    3.1868653116012116,
    1.3390176802002793,
    2.637630994605655
  ],
  "mood_params": [
    -1.3874768935923556,
    0.13083582322252643,
    5.138320274680043,
    5.219787918399003,
    6.620324870650073,
    1.9741620309278165,
    1.676847268795883,
    0.5138271662965085,
    5.850989415737458,
    0.8218566210319006,
    3.0836462544395684,
    0.15764096868925762
  ]
}