{
  "cat_params": [
    -2.7472915852858404,
    -0.8904905312451193,
    1.9215181600260334,
    3.447035581776167,
    2.0982955226384865,
    -0.6930113259527775,
    -0.2583108632712852,
    1.9027148822924798,
    1.2920440504946922,
    1.1245780843092699,
    0.5342191585516131,
    1.246128333659335,
    -0.2949905218917639,
    0.329971690737439,
    1.1022006366549841,
    5.458492567187864,
    4.098153320061762,
    2.574238735631786,
    -2.309794236818692,
    -1.2285643533843384,
    1.7309369541447155,
    -1.2420871557388637,
    1.149330892639576,
    1.1583034380954096,
    -1.4524896675877284,
    2.5950042275678586,
    0.1544705730169253,
    3.339774576392963,
    1.4961757276018,
    2.8411450153142206
  ],
  "mood_params": [
    -1.328952513603484,
    0.2120046698636652,
    5.238514654511041,
    5.3420903814401,
    6.752851740382017,
    2.1482617295184934,
    1.8287327589298068,
    0.5922355662327551,
    5.987025262462236,
    0.8978347302193788,
    3.173053835342315,
    0.2863664440073605
  ]
}