{
  "cat_params": [
    -0.6742959094526874,
    0.1734566907654948,
    3.665478976643962,
    4.115650314146368,
    -2.158861175600376,
    2.887769373022206,
    1.3867379290394772,
    0.902975403492897,
    0.6238474428679337,
    0.7440600607750913,
    0.11318509307380756,
    -0.7598259321022155,
    0.6915712740238896,
    -2.1547448231168436,
    2.4318264074654006,
    0.545959964657602,
    2.131606202215483,
    2.1186485216406052,
    3.707214285296452,
    3.115708396900593,
    0.4855002241027538,
    -0.4200940934793349,
    2.999154740630765,
    0.1350618648045117,
    -0.4171634852685053,
    1.2805202726947498,
    -0.45371145925150425,
    0.680714750566531,
    -0.404793205559668,
    -2.947061207862109
  ],
  "mood_params": [
    -0.4583482866007589,
    3.4055829469431798,
    0.6068677752548323,
    4.494723678616021,
    2.77463237543701,
    1.573510611830109,
    4.341300817990391,
    1.925448307810248,
    1.5954123350352754,
    2.805832065156571,
    1.725883630110081,
    -1.1100406917996768
  ]
}