{
  "cat_params": [
    -0.8085809890903773,
    0.08316058097500831,
    3.5865533610631886,
    4.115413100268824,
    -2.3248395653160054,
    2.828379216864204,
    1.1115542438579988,
    0.8654974996972498,
    0.4019288093757287,
    0.5425903642098777,
    -0.04873950605335132,
    -0.8689784946363444,
    0.5052761383466494,
    -2.3050178321735224,
    2.2394734290679232,
    0.36576478395177314,
    1.9972354866738404,
    1.9803079754455433,
    3.5040597295067424,
    2.992339560197403,
    0.29592658967506535,
    -0.6404180217007437,
    3.0192928821962277,
    0.11063543999944003,
    -0.48168145458532274,
    1.0925230816240885,
    -0.6426660100846832,
    0.5323386329536809,
    -0.5483044907229904,
    -3.1163328884208688
  ],
  "mood_params": [
    -0.5185275271560633,
    3.3148186888246722,
    0.5361392281840189,
    4.376986955026775,
    2.669085843036857,
    1.4030200464946219,
    4.185967538855332,
    1.8409009365253752,
    1.4906603803340537,
    2.7450532198073856,
    1.6397858850986904,
    -1.2346922943346637
  ]
}