{
  "cat_params": [
    -0.7252305559485999,
    -0.46876289784277486,
    -0.4504455204441316,
    -4.614138100530374,
    1.8334927047914638,
    -0.598126569207753,
    0.44338979095432973,
    1.9847131137143479,
    2.5455316647875943,
    2.7749498883026065,
    -4.8952823218829,
    0.5907606318674654,
    3.520675022873908,
    -2.1435622619983796,
    -3.542751961356607,
    -4.456757514703423,
    -2.152477036453454,
    1.3537894901919405,
    -3.682427358469399,
    -0.08646911456696871,
    -0.21917539768617084,
    0.9412253159006846,
    -3.201901385258657,
    12.703619879982593,
    0.7548634770861601,
    0.385729571405089,
    0.5842963516524147,
    -0.31999304055970607,
    -0.21579102871518152,
    2.464392124402739
  ],
  "mood_params": [
    -2.127832897212104,
    -3.161357502421541,
    1.3195769157356159,
    -7.359397192258212,
    -5.303760365594204,
    -6.516402720539231,
    -5.567076286077347,
    -4.989583472956698,
    -4.654971640952767,
    -3.7623924142367415,
    -0.5137464214167344,
    -0.7185180255980291
  ]
}