{
  "cat_params": [
    -0.5897044955867156,
    -0.377304726268167,
    -0.3571385825503307,
    -4.618359705035729,
    2.035200238145697,
    -0.5224571923058241,
    0.7323421374780983,
    2.0188354209156634,
    2.76463564266022,
    2.96665485478845,
    -4.794317352992626,
    0.7201214577183676,
    3.705617993370081,
    -1.9888436494155173,
    -3.3212593760557922,
    -4.3266579683221975,
    -2.0292866676805215,
    1.496106887295783,
    -3.4901836808466062,
    0.06122189489199077,
    -0.027440163726109315,
    1.175315685955907,
    -3.1947393833755107,
    12.654072156859069,
    0.8392824720410179,
    0.5700572586975373,
    0.7775040367187415,
    -0.17050761712503767,
    -0.06731042927430662,
    2.670141817339911
  ],
  "mood_params": [
    -2.0696546304268724,
    -3.0887052956026975,
    1.396491936100423,
    -7.303605111421715,
    -5.251136261777328,
    -6.39314512024724,
    -5.422543081574055,
    -4.935311166959638,
    -4.592676629800633,
    -3.6487499835980346,
    -0.43115324390237814,
    -0.5901252826509327
  ]
}