{
  "cat_params": [
    4.86490259192389,
    2.56544948421017,
    0.3984320443370063,
    1.4658647787541115,
    -1.4359585253186873,
    2.1788339600151927,
    4.408098009440627,
    1.583234413634808,
    -0.09055397336666582,
    3.454468224987786,
    3.7667628662925687,
    -0.8288326923467167,
    4.309346164995956,
    -0.3500971096876575,
    6.719067818218922,
    2.264818258662317,
    1.6573500595877562,
    1.0376327315380354,
    4.808764296136415,
    4.97008459182854,
    0.7909511444529838,
    2.8639130665352,
    1.8808285700568528,
    -2.99216668672054,
    2.82374656805023,
    -0.0460683249793331,
    3.5169484859777804,
    0.6440498800198946,
    0.8797121693363331,
    -2.0624049169895686
  ],
  "mood_params": [
    5.280954934845455,
    4.478025646873754,
    -2.357432145232468,
    1.6567485528428434,
    -1.5447508640339038,
    4.521003841814365,
    3.716617453078908,
    4.534188908828089,
    0.2924549197106103,
    3.525678385978588,
    0.5731031333613578,
    5.599948329761916
  ]
}