{
  "cat_params": [
    4.792459986917982,
    2.4726017196546635,
    0.30831483924765113,
    1.4669867038530306,
    -1.6091434613790783,
    2.115690511093413,
    4.1703487827164025,
    1.5478783767540667,
    -0.3166665283723648,
    3.2674757204907756,
    3.555975509342622,
    -0.9381737548568652,
    4.1269490008671585,
    -0.5181077928568562,
    6.54402199437063,
    2.064360562945328,
    1.5233928240560966,
    0.8954647590308116,
    4.601708789955154,
    4.8586727775269445,
    0.5990657739607534,
    2.6212862207054637,
    1.896075967581065,
    -3.035401693092058,
    2.7104503151965895,
    -0.22303824914221373,
    3.3232427392112696,
    0.49445051790701905,
    0.7257008411587131,
    -2.2385407713423553
  ],
  "mood_params": [
    5.209333118842297,
    4.383335783696581,
    -2.4098862760902717,
    1.5534864960261998,
    -1.621760753466419,
    4.33060184490951,
    3.56083675589295,
    4.436968228075032,
    0.1961690305481355,
    3.469907852771716,
    0.48892443801280644,
    5.4546040664697495
  ]
}