{
  "cat_params": [
    0.08568958193177945,
    -0.3870263718919889,
    0.6623110600540912,
    -0.6806256918043919,
    -1.8988464418844169,
    2.2765938379601467,
    3.1819215353679646,
    4.10616426128769,
    -1.378084012008698,
    0.8509833558624341,
    -0.16953960976683335,
    -0.23869999313934936,
    1.114927296883449,
    -3.4871055185013766,
    -0.208752319599815,
    -4.232247152709816,
    -2.506233501746599,
    4.197980289460305,
    -2.405475370061892,
    0.2996398093421837,
    -1.3719942036416193,
    -1.1828232272085166,
    -2.6955107489649865,
    2.63079005000689,
    3.1292282684923953,
    -0.49294495768034535,
    0.657178673456089,
    -2.5074792703608,
    -1.934982477779183,
    -1.5508802753179523
  ],
  "mood_params": [
    -1.4553079663615347,
    -3.4075229701960192,
    -3.058098623428954,
    -5.692293516995067,
    -5.47995802232693,
    -5.249445557306645,
    -5.131321131099978,
    -3.2334877370117026,
    -4.510850447600193,
    -1.3286845788058768,
    -2.040372360013465,
    1.0597538747609876
  ]
}