{
  "cat_params": [
    0.19688875381458482,
    -0.2034198236799229,
    0.4741957032796306,
    -0.7369476684052145,
    -1.7819447866411695,
    2.154941097936135,
    3.003602795335199,
    3.7880249305875573,
    -1.4154664884016004,
    0.9415709947387136,
    -0.01917163427242781,
    -0.10838327851957459,
    1.2026418403456514,
    -3.393246361646402,
    -0.47986630974872724,
    -4.002439074403415,
    -2.3877133230098164,
    3.7848742057612053,
    -2.1779230334420507,
    0.4200430923136085,
    -1.25712208294068,
    -1.1151730667567668,
    -2.7917904895149026,
    2.3960227736226782,
    3.062651570458727,
    -0.48460500497324727,
    0.8116318224068629,
    -2.3982809314484026,
    -1.8135898016547856,
    -1.4574727674645045
  ],
  "mood_params": [
    -1.3069786630114248,
    -3.3437761218029083,
    -2.9093803522369277,
    -5.589126838747463,
    -5.332816890246209,
    -5.029403842087812,
    -4.932223429229567,
    -3.1465595967707634,
    -4.346277765745444,
    -1.2825085318623073,
    -1.961044776487266,
    1.1867677524290063
  ]
}