{
  "cat_params": [
    -3.192239856115066,
    -2.8813558463419686,
    -3.132373766715427,
    -1.6898228505519017,
    -4.1611480735699145,
    -0.6717229916916515,
    -6.759677016929911,
    -1.9158835474479945,
    -5.5702308804142655,
    -5.310547187885433,
    -2.5520587878903047,
    -2.3286949284130722,
    -4.886614181299927,
    -3.4652694148544954,
    -4.939152648147604,
    -4.39122762272156,
    -4.105300684602451,
    -4.5932166918259965,
    -3.7243321600928483,
    -3.6562864919245435,
    -4.884086353455501,
    -4.440218608307792,
    -2.8600034900843805,
    -2.1378000867281175,
    -1.0112365300211925,
    -3.690934582701143,
    -5.6296145477599095,
    -4.7065144310126605,
    -4.447927979405489,
    -3.9158558317653314
  ],
  "mood_params": [
    -1.9154894623626824,
    -4.039262359541052,
    -2.4491326817838908,
    -4.563827338502656,
    -2.622182993128241,
    -4.71121521416732,
    -4.604109683559602,
    -3.1023744761096532,
    -3.7807093334906834,
    0.4774883750777591,
    -2.987746298743372,
    -3.429358356587172
  ]
}