{
  "cat_params": [
    -2.0533846271935743,
    -2.698420255725498,
    1.057997827511237,
    -0.016294718467281716,
    -2.0330711846096627,
    -0.3998672301257951,
    -1.4150335497653894,
    0.7506969068282945,
    -1.7213672086566771,
    -3.7785758440819555,
    -3.002306967270605,
    -1.649315756499706,
    -3.3872411022307554,
    -3.1258791796295884,
    -1.0831794361683431,
    -2.2634794756787846,
    -2.0740281752855227,
    0.5370708570234494,
    -2.9927910063771317,
    -2.6107477659801526,
    -2.8396191472233685,
    -2.0611434332494767,
    -1.5654207301960257,
    2.65506927298455,
    0.026595345437663634,
    -0.4783732599133143,
    -2.2955903622539413,
    -2.1465989911339207,
    -2.9893131103344435,
    -2.0369033302294604
  ],
  "mood_params": [
    -2.3602202505739043,
    -2.6187607188355786,
    -1.3127789213856351,
    -1.8208681131583697,
    -0.7332661082227003,
    -2.5650659258249555,
    -1.175046004337519,
    -1.8007318232553031,
    -1.8742053297234602,
    -1.9691343904665501,
    -2.1651727775247984,
    -1.98236350971194
  ]
}