{
  "cat_params": [
    -2.1517241886106673,
    -2.7498411356079915,
    1.0077024113305475,
    -0.015191370231330048,
    -2.1255342441279477,
    -0.4443452013329991,
    -1.6076456933610705,
    0.7292830622236143,
    -1.8593725400604104,
    -3.9232529042718554,
    -3.0583507556933722,
    -1.6992666253197133,
    -3.503401095111603,
    -3.1982333411424317,
    -1.2083518544995804,
    -2.342013147833273,
    -2.1428784391975877,
    0.4534148453568263,
    -3.102808663683851,
    -2.715615451055529,
    -2.945101795234239,
    -2.18041851946532,
    -1.5682863310723594,
    2.655906487479775,
    -0.015689069860205736,
    -0.5780194022422526,
    -2.4059360897481255,
    -2.2301425026897057,
    -3.0545833770914306,
    -2.1354484273204406
  ],
  "mood_params": [
    -2.3918970821969863,
    -2.6585953576112265,
    -1.3440362562884616,
    -1.8664525653254345,
    -0.7796668768373642,
    -2.644095672839908,
    -1.2619163344637236,
    -1.837269864387217,
    -1.9161719810368176,
    -2.034062837505829,
    -2.2088825250174273,
    -2.0523356863835303
  ]
}