{
  "cat_params": [
    -2.729260935070231,
    -1.7115707112679113,
    3.5302069764745103,
    2.1741824802371004,
    -2.251125461711362,
    1.1467766742590118,
    2.6916635986489577,
    4.234040682581657,
    0.8988672972761717,
    0.10813286341244459,
    0.6032594379441045,
    -0.00831826647983212,
    -0.6116284024606627,
    -1.74742450401012,
    2.9515544723186258,
    -0.9928665452114762,
    2.0929066137843475,
    2.807169814992667,
    -0.5248252728738915,
    2.2413335914843775,
    -0.4103521572768693,
    -0.9962134709173825,
    3.599407749106609,
    3.4439284258480107,
    0.3590713998806354,
    3.3354083260826526,
    -0.6228669562562075,
    1.6744995715001783,
    -1.4743424537823313,
    -2.6749013615769326
  ],
  "mood_params": [
    -2.5533213644222634,
    -0.7400142312943573,
    -1.0655600243954184,
    1.1571669782633023,
    1.2110579724365125,
    -1.0957807868771134,
    3.6010514608609956,
    -0.7729820390016492,
    -0.5133131153936237,
    1.4433345940862006,
    1.06516352520656,
    -0.5579657381738966
  ]
}