{
  "cat_params": [
    -2.8260619830901588,
    -1.7501558932659123,
    3.6425990285009866,
    2.187099260781871,
    -2.242239765582308,
    1.1895657621088525,
    2.5995390493175172,
    4.219594485089971,
    0.9846466256501009,
    0.023099849536856995,
    -0.05104107765874065,
    -0.7379652260318119,
    -0.8573479468303287,
    -1.7089939134687968,
    3.0149788482994153,
    -1.103004355318891,
    2.0787803955796083,
    2.954631481758682,
    -0.37694515694016345,
    2.264615008919811,
    -0.4290225632971751,
    -1.383751256416681,
    3.4426254709629065,
    3.3944716437796094,
    0.5513778690945427,
    2.4196943856331097,
    -0.4676049571450504,
    1.6191148943547184,
    -1.6187144638862954,
    -2.613215318235198
  ],
  "mood_params": [
    -2.5535600793805604,
    -0.7950045503177705,
    -1.0457953224929601,
    1.253820829022975,
    1.3458170395444637,
    -1.0285021517944644,
    3.7268522244602478,
    -0.7684647684548758,
    -0.48345681856347134,
    1.4077054348246612,
    1.0695065051190884,
    -0.5219688874852131
  ]
}