{
  "cat_params": [
    -0.896207366795897,
    -1.1575783927687473,
    0.19963033231886418,
    0.5740511846127887,
    -1.0253140072486104,
    -0.9629879076360149,
    -2.3047983037790853,
    1.0960104086513294,
    -1.7154355705200992,
    -1.7193240790813709,
    -0.050401599833489165,
    0.4840598812835705,
    -0.6234507982703023,
    -1.9236238109022832,
    -3.310207818291326,
    -1.393894276934622,
    -0.8616253973598469,
    -1.7706938061579474,
    -1.125999417486904,
    -1.1734578673347291,
    -1.7333595167968823,
    -1.2930814121414724,
    -0.24576629666553426,
    -1.4935434230474423,
    -1.415470046647064,
    0.5433150162912206,
    -1.8837097171050823,
    -1.4756594227260154,
    -0.9587560349714442,
    -1.2644266906553088
  ],
  "mood_params": [
    -0.5448554707011065,
    -1.050133013196776,
    -1.5085205283700704,
    -1.269640992821184,
    -1.1118270616551091,
    -1.6292947475339987,
    -1.4751494177577948,
    -1.2169513039064046,
    -1.1558191825536923,
    -1.1574261558901577,
    -1.0101237741014775,
    -1.660190683683573
  ]
}