{
  "cat_params": [
    -0.8157811226973594,
    -1.1077252194491478,
    0.24974491901660453,
    0.5733028589040496,
    -0.9298432092162376,
    -0.9184173320649347,
    -2.1118838369766832,
    1.114858541324804,
    -1.5846637858107202,
    -1.594025061038967,
    0.040289295517771294,
    0.5574701501631044,
    -0.5173760121380443,
    -1.8448887853566471,
    -3.1818705815593806,
    -1.3102642158127027,
    -0.7925245863067268,
    -1.6861005343586946,
    -1.0180050262746303,
    -1.0839079703062586,
    -1.6309748308486278,
    -1.1750905547233765,
    -0.24852185191198725,
    -1.4706244325044031,
    -1.3964825052207128,
    0.6482850305877925,
    -1.7787152210932864,
    -1.3953100902750297,
    -0.8828142401704887,
    -1.1664072216743988
  ],
  "mood_params": [
    -0.5115203714840479,
    -1.007906366772963,
    -1.4803619361365437,
    -1.2236815270016843,
    -1.0703487253215827,
    -1.548765286984274,
    -1.393118973930218,
    -1.1798548608320407,
    -1.1112563424743322,
    -1.101932852955324,
    -0.966168933890883,
    -1.5929700151872666
  ]
}