{
  "cat_params": [
    -3.1159840708453954,
    -2.4057027453758537,
    -0.31733681346541165,
    -0.5889172270952807,
    -3.710564319446795,
    -0.20455512831604017,
    -3.515492792205436,
    -0.7496757827025713,
    -2.886605834579525,
    -4.532629585598838,
    -3.918802854805793,
    -2.462739581437292,
    -3.7477796027148806,
    -2.635477749883418,
    -1.6712524151358703,
    -5.631416094033675,
    -4.629180929946564,
    -1.851715029502567,
    -3.3126346753914597,
    -2.825113067249498,
    -3.8406126592235132,
    -3.447673250717,
    -2.808574419094159,
    0.08380231070508082,
    0.07486943781340248,
    -2.749138200065451,
    -4.249597559342425,
    -4.659612762621055,
    -3.6313358335337664,
    -3.7701570663856363
  ],
  "mood_params": [
    -2.179859090853498,
    -3.459541855330675,
    -3.1489915082751794,
    -4.1448005917767805,
    -3.7883438758207917,
    -5.308387047114599,
    -3.866479455041721,
    -2.9268652433374256,
    -4.8853857576811155,
    -2.028705909207989,
    -3.988310639611711,
    -3.7714538888738405
  ]
}