{
  "cat_params": [
    -1.581190162858589,
    -1.2132288116001064,
    -0.004066106416122856,
    0.873235494570662,
    -1.9379884538841239,
    0.018088928804355572,
    -1.5767853777234984,
    -0.029219768515033252,
    -1.909236928677792,
    -1.515558971478172,
    -0.7599416318255876,
    -1.273578809088832,
    -1.1139096368421924,
    -1.5861655522124056,
    0.6776398818013116,
    -0.6279788853714663,
    -0.23784981605174185,
    0.08566580855374656,
    0.10998327487233214,
    0.35903171122899447,
    -1.766052046139613,
    -1.4233454198454327,
    0.2353764433438676,
    -1.8691127988962801,
    -0.5838782524309847,
    -1.406346191430466,
    -1.6874402524362797,
    -1.1795712961021627,
    -1.2302988418933285,
    -2.266844437066385
  ],
  "mood_params": [
    0.27925383917856533,
    2.444944427307261,
    -1.0589075415089255,
    1.9509420194897509,
    -0.0697142050799467,
    0.20160530144342806,
    1.1178883240289987,
    1.9368302648688056,
    -0.3849870531751383,
    2.125504306279371,
    0.6042890658774376,
    -1.102333507837135
  ]
}