{
  "cat_params": [
    -1.6741636283651127,
    -1.2657450512734745,
    -0.057742510018816466,
    0.8738880016024443,
    -2.031189468993044,
    -0.024547585816679436,
    -1.7715388684554412,
    -0.053474545244224,
    -2.047830970945111,
    -1.6466467757072643,
    -0.8451146104206255,
    -1.3281371289254869,
    -1.2265920117383535,
    -1.6723889746435177,
    0.5603045188612507,
    -0.7243444251252541,
    -0.31261255243030467,
    0.0009344953540786525,
    -0.006205968918153028,
    0.2753496368156473,
    -1.873872933542526,
    -1.5465738958568294,
    0.24048271288963838,
    -1.8951673056155613,
    -0.6170908922357998,
    -1.497204089933103,
    -1.798260444261572,
    -1.2647633899219022,
    -1.3081968002849658,
    -2.364029229895365
  ],
  "mood_params": [
    0.24255984654043872,
    2.389895401952762,
    -1.0917799675050617,
    1.8850344860992625,
    -0.12061519164179063,
    0.1052023213451355,
    1.0278715900753794,
    1.8830820772560268,
    -0.43756223136300326,
    2.093194088172981,
    0.5542452574872822,
    -1.174873080636282
  ]
}