{
  "cat_params": [
    -0.6894280728179123,
    0.46157347897136775,
    1.0096752464790149,
    2.2408282810349336,
    0.6391463225091726,
    0.8902519441806481,
    -1.116572372611981,
    0.5512621127116991,
    0.4490037579611669,
    -1.6754232553246746,
    -1.296420160053049,
    0.10047742561542788,
    -1.5430898307425012,
    -0.5147541651813078,
    -2.398840330713917,
    1.6792533580643993,
    0.3693453453282234,
    0.8864255814719616,
    -0.39275015643625877,
    -0.8141266337217601,
    0.8471250106266414,
    -0.7676193168093849,
    -1.7928257750257537,
    -0.844102173833062,
    -1.1948157972942253,
    0.5288056690582409,
    -0.5938996852022096,
    -0.20037919218057812,
    0.026814489878130277,
    -0.13297842518348213
  ],
  "mood_params": [
    -2.1939249396559064,
    -1.518596043663331,
    2.2729242042162148,
    0.2928828803277713,
    0.4542479696880143,
    -0.7944857510859443,
    -1.0548061795335777,
    -1.03321484576367,
    2.488411742310889,
    -1.1605233848220073,
    -1.1650941297451451,
    -4.43993024812058
  ]
}