{
  "cat_params": [
    -0.7114812823886884,
    0.491350066852049,
    0.9549342729343949,
    2.1964842629689842,
    0.5042343056004844,
    0.91327793374784,
    -1.2222418953428094,
    0.5003958450510404,
    0.399974685956023,
    -1.7339191519326862,
    -1.480574236577441,
    -0.4383367112182324,
    -1.7751717310267556,
    -0.6639736646482047,
    -2.5002914190412135,
    1.5339218050736225,
    0.27205569156579407,
    0.6343363156164089,
    -0.5058039138790502,
    -0.8192645107850665,
    0.6484458065999564,
    -1.2306114184510488,
    -1.977333187023628,
    -0.9026653531705284,
    -1.0585922190391333,
    0.12816446523875405,
    -0.5929578366255945,
    -0.3206298716112008,
    -0.229618823413932,
    -0.21187989932053863
  ],
  "mood_params": [
    -2.1871205327468815,
    -1.65245838042471,
    2.1736611109328483,
    0.16966076081459636,
    0.3817867733268566,
    -0.8572466454255481,
    -1.1770092014694062,
    -1.0298117319044666,
    2.3895514332657637,
    -1.202604271625289,
    -1.2940038260508777,
    -4.4261014572484365
  ]
}