{
  "cat_params": [
    -1.4589897296254917,
    -0.8065032692791197,
    4.835325637212176,
    5.949313060832947,
    -0.2954826572209324,
    1.2492857510490119,
    2.601820549652345,
    2.0663547339689816,
    0.498177323874271,
    2.739568957482804,
    0.8785791566019929,
    0.11100303391553032,
    2.631639147983866,
    -0.905230187124781,
    2.7774558570831593,
    1.280584380919591,
    4.399374647298097,
    1.6842564419183084,
    2.9684239672644774,
    3.0724126156297262,
    2.4683163431375634,
    0.40536596132680913,
    2.8329842433983115,
    -0.4496030676351462,
    -1.5682460049607654,
    2.4128139388513294,
    0.4082128431249608,
    3.068476795404857,
    1.8330937276177726,
    -1.3964370102960832
  ],
  "mood_params": [
    -1.5868279626940944,
    1.608753616827887,
    2.90707169472667,
    3.592680176698521,
    5.736119241116085,
    2.7616295911755278,
    4.583211302952887,
    -0.2856563171690625,
    3.5404883553285424,
    2.3044989101617204,
    0.1289327626113408,
    2.7775285137285692
  ]
}