{
  "cat_params": [
    -1.5941625510290511,
    -0.89035869600501,
    4.765869092875971,
    5.948029255085122,
    -0.464335179217916,
    1.1872496686152778,
    2.3613374286554984,
    2.0356997791036093,
    0.29006164713467975,
    2.5631415241031967,
    0.716886871535257,
    -0.0013153434610318952,
    2.460192664371282,
    -1.0559981709054203,
    2.5995254825697085,
    1.1034290397585524,
    4.265787495302151,
    1.553973918249562,
    2.779154180059731,
    2.9579677366899264,
    2.286378718759322,
    0.19406221112537236,
    2.851951667361728,
    -0.47590484732597793,
    -1.6111741598297387,
    2.2252461773632626,
    0.23059068586129353,
    2.9253655975475414,
    1.6828019279574487,
    -1.5630421807102859
  ],
  "mood_params": [
    -1.640990701796035,
    1.5284949667800207,
    2.825949964169635,
    3.4857341976032816,
    5.615987710123972,
    2.59386320355533,
    4.437018632453415,
    -0.35522306429137357,
    3.4278026040408593,
    2.2449980463286185,
    0.051696923003225856,
    2.649645374332797
  ]
}