{
  "cat_params": [
    -0.18361255863965031,
    1.8290134830956675,
    -8.428537042441592,
    -3.518897655601251,
    1.8567724239525232,
    -5.026409824079519,
    -2.9601012244363942,
    -6.668136897498796,
    -2.3437908040890694,
    0.03551514424441562,
    2.046224661083457,
    2.93148112998998,
    1.2942347141253199,
    -0.8200287053443585,
    -2.2779292124916304,
    2.137699649588678,
    0.9469722096907002,
    -8.871992854183716,
    -0.2594405474691639,
    0.14920138778421738,
    -2.607328675724327,
    4.978555207208674,
    3.557089817691306,
    -3.3227369245927036,
    -4.005821754753737,
    0.2605191464895162,
    -2.706047556116683,
    0.1004707096141537,
    0.2000948547074404,
    0.7838803671641339
  ],
  "mood_params": [
    4.536724232147998,
    1.5238123119810203,
    -1.4492634243654001,
    -0.37241153873092825,
    0.28811852620061096,
    1.6828229393055296,
    1.455244383384896,
    0.39025499718979056,
    0.3741136166964762,
    0.7797411546178729,
    0.9036427556668789,
    0.44813836972616505
  ]
}