{
  "cat_params": [
    -0.30664037987972076,
    1.7415418632424653,
    -8.541898279628354,
    -3.5153483914255257,
    1.667826475937548,
    -5.117433307345859,
    -3.279660326763565,
    -6.731364347390583,
    -2.5649645254639952,
    -0.16096968476885562,
    1.8663880960498231,
    2.7823794290856565,
    1.117267307652254,
    -0.974711433676265,
    -2.4821286268127234,
    1.9479673174177783,
    0.8221367462773247,
    -9.030081200751523,
    -0.4459212880783405,
    0.011202590995882,
    -2.7817081057158886,
    4.734769673567294,
    3.579390017052806,
    -3.366584554285546,
    -4.013838648490794,
    0.09007235572580126,
    -2.8847513458941347,
    -0.04031121525234773,
    0.05881034683996293,
    0.6009136625471145
  ],
  "mood_params": [
    4.469789364560839,
    1.4423151669291385,
    -1.5039110802880675,
    -0.4597275920739795,
    0.20332675640222073,
    1.5188518889248972,
    1.3105733272735447,
    0.3161721763563366,
    0.282251560783536,
    0.7065520390251887,
    0.823111338705556,
    0.32467887289841973
  ]
}