{
  "cat_params": [
    -3.2220891981919864,
    -2.637787512452431,
    4.702415450745589,
    5.0409280571897055,
    -3.038276938821569,
    1.9274553513284451,
    -2.2756049719773968,
    1.9767317551513872,
    -1.5263638492263223,
    -1.9215898553025093,
    -1.0368180839963723,
    -2.3323244489129187,
    -2.648126517569037,
    -3.824481493343351,
    0.07655314385247657,
    -1.531290669506655,
    -1.3633421097984761,
    1.1008051090444448,
    -1.3828139440241216,
    -0.9597288799304798,
    -1.9868597519836044,
    -4.258018942700363,
    -0.5521271729774598,
    0.4408861162579806,
    -0.7195523903398289,
    -1.115624444639888,
    -2.25211814656608,
    -2.2998525793511364,
    -2.6955868947516786,
    -3.8141600225395234
  ],
  "mood_params": [
    -3.241967437977162,
    -1.405845599733031,
    1.2215482300529206,
    0.9326483895815272,
    2.1731902131596788,
    -1.972927914937437,
    -0.6986211376414735,
    -1.13675476883465,
    -0.26072649019076594,
    -1.1947353909392622,
    -1.3102511960126602,
    -3.28304581598421
  ]
}