{
  "cat_params": [
    -3.0585072553625063,
    -2.547930222635641,
    4.779370761462955,
    5.041602417871237,
    -2.8746759104608484,
    1.9920461768294568,
    -1.9511275851597798,
    2.010883029810474,
    -1.2945399887078106,
    -1.7018508429159833,
    -0.8850704913005163,
    -2.239252765956983,
    -2.453761265978821,
    -3.6850417046785195,
    0.28200830378660374,
    -1.3689431500284637,
    -1.2376025275151288,
    1.243723713455704,
    -1.1859870943042221,
    -0.8058523949302552,
    -1.7989829551304268,
    -4.056357086559993,
    -0.5566436420072547,
    0.4637973407793221,
    -0.6573740491958466,
    -0.945651070837742,
    -2.061125092804526,
    -2.1537481709784307,
    -2.565037089058917,
    -3.6457745401943056
  ],
  "mood_params": [
    -3.1859109718266114,
    -1.32790289363365,
    1.2978356139060732,
    1.0333613014266365,
    2.2768693524776062,
    -1.820959404815751,
    -0.547398175650828,
    -1.0646594860322454,
    -0.16690425031224457,
    -1.1013854756721966,
    -1.2294838876381258,
    -3.1621567075794
  ]
}