{
  "cat_params": [
    -0.6677159234871146,
    -0.35614865469750406,
    -1.0714658611385022,
    -0.9383927684590033,
    -2.0274261695149245,
    0.4124413792832831,
    0.1411262992773888,
    1.4457062354513412,
    -2.0994055306695434,
    -1.2357624759298553,
    -1.305676653855121,
    1.4786763860303203,
    -0.35606670182303485,
    -2.44585379526642,
    -0.22238486336491642,
    3.1314546989250784,
    -1.2744950327595852,
    -0.33065003734168763,
    -0.3013385453496836,
    -2.2752101049476146,
    -1.5871376516852786,
    -0.19409728669410067,
    0.18332373320418138,
    -2.565879892886831,
    1.3486359172075342,
    -1.5098397123777056,
    -0.13340286017492275,
    -2.8246080496659847,
    -2.0875789086388847,
    -2.376057543938438
  ],
  "mood_params": [
    1.036434600410556,
    -0.389318403601576,
    -0.5998923132438521,
    -0.9375915670263586,
    -0.5391937653778778,
    2.114717654497873,
    1.0073703906243132,
    0.18619305597593053,
    -0.5184506861041579,
    -1.455509720293082,
    0.759197879384518,
    0.9239806135971448
  ]
}