{
  "cat_params": [
    -0.5566518726661566,
    -0.28177203519367,
    -0.9933666225676577,
    -0.940398600688997,
    -1.8909503071692577,
    0.4700204782638517,
    0.3789191619553001,
    1.4740581391879843,
    -1.9082443224523127,
    -1.0590573644100592,
    -1.188391316689853,
    1.596244995417146,
    -0.20078667983943843,
    -2.3264536415849357,
    -0.05408256479991596,
    3.3116903344743736,
    -1.172801475595247,
    -0.2115403198548903,
    -0.13967239774323695,
    -2.1395151485815105,
    -1.4343266389445797,
    -0.009758476762755514,
    0.17686530123371458,
    -2.529972874944566,
    1.4283567082161874,
    -1.3774097045067097,
    0.023205613889636545,
    -2.7074513053604985,
    -1.9806859764680742,
    -2.23484083944002
  ],
  "mood_params": [
    1.0890037339152898,
    -0.32367737052502044,
    -0.5480680318773821,
    -0.8648960621730776,
    -0.47064610108600247,
    2.261771985171281,
    1.1324838382377977,
    0.24994533505633076,
    -0.4443692743608553,
    -1.375787151798444,
    0.8290464115497366,
    1.032780464782889
  ]
}