{
  "cat_params": [
    4.005950265744035,
    3.4908386265547753,
    1.1517509558253682,
    0.0922991463191763,
    1.9757827331899347,
    0.7399760810380319,
    0.2189034955361829,
    -0.91305463522845,
    2.196594456870727,
    -0.042267980960183894,
    1.8698419935802093,
    -1.2306591341021633,
    1.2271988884559069,
    5.066501903950978,
    0.8363251832920395,
    0.26644288149477763,
    -0.06749870983603666,
    0.545870567501301,
    1.5180219857092168,
    -1.1432519416037876,
    2.9456922619775003,
    1.0200642808189324,
    -1.7385436728951202,
    -2.229529264712054,
    1.362127094638163,
    -1.7961496586573418,
    1.5966215455526074,
    0.4307117587927968,
    2.952048449715942,
    2.771875159803527
  ],
  "mood_params": [
    2.313402172372265,
    1.093685030572048,
    -0.276804903207302,
    -0.6602678775113862,
    -0.7151753088802197,
    2.476310534090496,
    -0.1105009500574263,
    0.8871163132846293,
    1.0775466423448135,
    -0.8952255849776591,
    -2.4711116199220298,
    1.965966648693725
  ]
}