{
  "cat_params": [
    4.200784123127142,
    3.705517754732247,
    1.2968170237978718,
    0.17718960310758958,
    2.313175585770893,
    0.8202540903305087,
    0.6198309658526742,
    -0.7720888654743906,
    1.8938718743930287,
    0.3117216480922365,
    2.22815814242758,
    -1.0511060584667054,
    1.59283348330708,
    5.406816286767795,
    1.1215941163268262,
    0.6451196686720879,
    0.26620040957932856,
    0.668612738662542,
    1.8636260090867123,
    -0.8753104159539796,
    3.31181060960787,
    1.373338022283413,
    -1.5467116123148401,
    -2.1018287467985055,
    1.4589784462786353,
    -1.4905556408424405,
    1.9019737857952073,
    0.7593061997198173,
    3.269570670698128,
    2.9955883434359323
  ],
  "mood_params": [
    2.4699192128753102,
    1.3452148264806838,
    -0.09155886495287921,
    -0.36539428145500186,
    -0.4995591696659571,
    2.873450550133817,
    0.2514740729962901,
    1.0980709358749525,
    1.3577993292007657,
    -0.6309595430444761,
    -2.2195223524807894,
    2.2832244450760446
  ]
}