{
  "cat_params": [
    -1.110207388021428,
    -0.840774619781058,
    4.912477263703212,
    4.883418498989729,
    -1.086355285185209,
    2.167296820876357,
    2.121683565051715,
    2.097327197522351,
    1.6049842730013604,
    0.24787388719945677,
    0.506740400317523,
    0.47674405418714405,
    0.7644560982222625,
    -1.6579736186285499,
    1.5554316171331473,
    0.08628442201516452,
    1.536210429861952,
    3.1981676276258257,
    2.53064414987144,
    1.7466215163532612,
    0.552301597762681,
    0.06997271037005627,
    2.2560063009471203,
    1.4211339789273807,
    -0.6459706518463995,
    2.5270756123823688,
    1.1205392556654252,
    0.704062873803702,
    -0.15355621097686,
    -1.5606122933173436
  ],
  "mood_params": [
    -2.0418057229174646,
    -0.3740504812739228,
    0.06557828107270205,
    1.3365144698020361,
    1.0923912116637173,
    -0.030641877994262767,
    2.756611298370842,
    -0.8183973712271422,
    0.4210628718038044,
    0.6532438171909793,
    0.26897251246737447,
    -2.0478793990891875
  ]
}