{
  "cat_params": [
    -1.2505521300710984,
    -0.9311102227314214,
    4.836730125821202,
    4.882808303007246,
    -1.2622535600779201,
    2.1041025409274483,
    1.8536657034403008,
    2.063843800054124,
    1.384184877482713,
    0.04162601092585876,
    0.33830199198723715,
    0.351393437786756,
    0.5766361553928453,
    -1.8142033574530507,
    1.3574034790208016,
    -0.09042071306937215,
    1.4026432624964675,
    3.0611463110849817,
    2.3281199483319774,
    1.6122143806062434,
    0.3609360082607615,
    -0.15533590137723682,
    2.2729145563957367,
    1.4041316151088752,
    -0.7077061234423724,
    2.3257370719014108,
    0.9287031306981473,
    0.554361201945545,
    -0.30014986511025854,
    -1.7397166931990804
  ],
  "mood_params": [
    -2.0995083004491115,
    -0.45416181750430473,
    -0.002290673466382371,
    1.234977882468549,
    0.9974961891434826,
    -0.1924619453862673,
    2.602147938102104,
    -0.890971292472465,
    0.3238608369442617,
    0.5745912337475573,
    0.18548939697601935,
    -2.1709119193118696
  ]
}