{
  "cat_params": [
    0.824835374218382,
    0.1293465403893954,
    4.37719500324245,
    3.0543533908678353,
    0.8324344371834326,
    1.2904049059781508,
    3.156518117444353,
    2.853935631622583,
    2.135504691122088,
    1.7055029934605217,
    0.6558456232129602,
    -1.022361882930277,
    0.6679389164425231,
    -0.4128387742614851,
    4.407885803659974,
    4.3960777476376975,
    4.40275288532119,
    6.47313242452783,
    1.1166059245730753,
    2.385403998374309,
    1.8941245766621588,
    0.8960404983137912,
    3.048262804743329,
    3.050715160110212,
    0.10355825309899444,
    2.3479376278651225,
    1.586411622697913,
    2.7735350290564136,
    0.9477714884920425,
    1.151219710262557
  ],
  "mood_params": [
    -0.11945210646099833,
    3.9061797077103364,
    4.077275358908034,
    7.2931624172463,
    3.4850110305602584,
    3.8921298693101978,
    3.590168376060286,
    5.3687076667045535,
    5.389859711215528,
    3.7804022918758657,
    4.791367262268361,
    -1.4234667712127498
  ]
}