{
  "cat_params": [
    0.7053843786529197,
    0.037514702896034986,
    4.298959401257728,
    3.0546862289651484,
    0.6400618034505278,
    1.222722746824719,
    2.8996581581166003,
    2.8228552686324706,
    1.9144292607676776,
    1.50622489941363,
    0.48408093614373254,
    -1.1303556148749663,
    0.4783490708423593,
    -0.5817535480218243,
    4.220794101108287,
    4.17087418887488,
    4.258851425727856,
    6.342670905439376,
    0.9151990923392075,
    2.254293080982759,
    1.6982041563585508,
    0.6636812149878654,
    3.068737676806829,
    3.0431805653745427,
    0.030072286144605557,
    2.1467727617632715,
    1.3925728470660914,
    2.6190306216611448,
    0.792003772811444,
    0.9544557800031821
  ],
  "mood_params": [
    -0.1813373541606006,
    3.81251069966718,
    3.9833056022772766,
    7.158720753940954,
    3.3731382581042255,
    3.704286177993485,
    3.4332677742552624,
    5.266989012181957,
    5.256453562954017,
    3.7259410998385714,
    4.696829611497054,
    -1.5494283269206526
  ]
}