{
  "cat_params": [
    -2.029851201596535,
    -1.6093688844753407,
    -0.5532507059316556,
    -0.7521146764167265,
    -3.7104451228224864,
    0.19195976929273484,
    -1.4601550277424105,
    -1.4441249266320615,
    -0.529091290417334,
    -2.138004475946289,
    -1.3640606040220036,
    -1.4418808584796117,
    -1.7697374629062552,
    -3.8046067902899745,
    -0.4851569374372809,
    -4.196982113459909,
    -1.987858032710064,
    -0.37458443749174686,
    -2.641222671189774,
    -0.7837806996123248,
    -3.150743589507711,
    -1.4585877152420577,
    -0.8066280540829752,
    2.0604695173612884,
    0.04034323058106194,
    -1.0919457723714323,
    -2.457363634584485,
    -3.046147149758521,
    -3.8402569340592447,
    -3.8546967325563046
  ],
  "mood_params": [
    -1.1040768475396994,
    -0.8860683431464114,
    -2.645689364352388,
    -1.1329071666988255,
    -3.289072428447124,
    -3.779662118023539,
    -2.480416037683576,
    -1.0336802576755466,
    -3.5077133230044457,
    0.7954456366919306,
    -0.29933306499086026,
    -0.948455261839666
  ]
}