{
  "cat_params": [
    -2.5154418020442253,
    -0.42633745714847665,
    -7.164251722833516,
    -3.559477732637471,
    9.975724388822465,
    -4.946966836100167,
    -2.668787173558341,
    -3.9209609066432427,
    -1.5623464285846522,
    -0.6636039762305517,
    -0.6622229736628505,
    2.7311163786944994,
    -0.6397840228882091,
    2.4069887388324247,
    -2.950701423278892,
    3.477795855734412,
    3.121751829568818,
    -6.370955809476454,
    -0.3125575012970308,
    -0.22664978556400922,
    -0.20896197178887024,
    7.290402548137813,
    -1.0271936690055388,
    -3.046519547294425,
    -4.440659544504225,
    1.334624733205692,
    -2.4161601605362737,
    4.421249677764618,
    3.7297566881033797,
    9.153554640317578
  ],
  "mood_params": [
    -0.34207734261328543,
    -2.0050660607590065,
    5.156063505546537,
    2.3990528047812987,
    7.7708190024745765,
    1.5346829214393658,
    1.6636022069092147,
    -3.141841793271978,
    5.08217686396761,
    0.15626792282864602,
    -0.40473899485557396,
    -0.8580195164077679
  ]
}