{
  "cat_params": [
    -2.7170804904127808,
    -0.638265520526184,
    -7.443375857904649,
    -3.6727320787625697,
    10.33731671093662,
    -5.087667829176545,
    -2.947889706392935,
    -4.169044221560853,
    -1.7228614078753504,
    -0.8294643228908267,
    -0.8564079768387651,
    3.377623529694615,
    -0.761328767511805,
    2.5029123411902043,
    -3.3666949620943996,
    4.102647711956386,
    2.8926762539087467,
    -6.650963400734701,
    -0.437053904026494,
    -0.2907086781287574,
    -0.3170049747774182,
    7.489437524385461,
    -1.3545215406227438,
    -3.036184449665171,
    -4.639390236120079,
    1.3322416939754975,
    -2.6716329992530508,
    4.175980421348968,
    3.804187421491829,
    9.297987956780476
  ],
  "mood_params": [
    -0.5946552015765039,
    -2.301157010831595,
    5.474861167970061,
    2.2504675348800944,
    7.774154867502108,
    1.2303639815167589,
    1.3831686009600501,
    -3.4759209529517103,
    5.056868856603549,
    -0.2104002465730102,
    -0.5143948493616535,
    -1.0617468749878745
  ]
}