{
  "cat_params": [
    -1.3580730628054851,
    -0.6463239677318962,
    0.422314637362259,
    -2.812072331308914,
    -2.8408317520395094,
    -0.5459004657023496,
    -3.4641960526740463,
    0.14512076661934267,
    1.767742556312663,
    -4.187939778572143,
    -2.102992963349301,
    1.1470260428800743,
    -3.8408729044333905,
    -2.1512247820840367,
    -2.259624981295086,
    -3.821809914947979,
    -5.322071048106787,
    -1.4723989539787858,
    -3.7973387913182206,
    -3.1225804026795725,
    -3.289171464743595,
    -1.7093236967592293,
    -4.414025639019115,
    -0.020326516585418855,
    0.8595940600769884,
    -1.1494099035572627,
    -3.8578209941401185,
    -3.711195893877234,
    -3.1560913085942266,
    -1.816387295486739
  ],
  "mood_params": [
    -2.5418181641765947,
    -3.0712015113903433,
    -2.6602145286180794,
    -4.546933800982541,
    -3.848145247053482,
    -6.070498239034407,
    -5.1848163661522495,
    -3.377044063651545,
    -4.427660330226149,
    -3.0818137637135163,
    -3.926499066330493,
    -5.317471913379919
  ]
}