{
  "cat_params": [
    -2.0962380408211603,
    -1.1979612851528214,
    0.1841997762607689,
    -2.6298580509248453,
    -3.1482715330694333,
    -0.5359250602154717,
    -3.475563192227166,
    -0.07990906569841598,
    0.8138483872149299,
    -4.276585314528945,
    -2.8753914490805306,
    -0.6287818250545874,
    -4.24578747887356,
    -2.3095416178616057,
    -2.4832477338594385,
    -5.294449404014006,
    -5.559125823055416,
    -2.0905729733589693,
    -3.7165915484805176,
    -3.3239088711346425,
    -3.899532024632012,
    -2.4553122530364995,
    -5.014046751386528,
    0.07099174550463175,
    1.447706738809197,
    -2.164819886850264,
    -3.983512607459238,
    -4.42263635743537,
    -3.6891598172643465,
    -1.9543149054792135
  ],
  "mood_params": [
    -2.4580301053352316,
    -3.624809932028914,
    -2.7122650633299594,
    -4.5774047343935536,
    -3.819288089137631,
    -6.032855147298601,
    -5.1465330663063344,
    -3.684062328047634,
    -4.653799171734389,
    -2.9477916547968794,
    -4.428723597523242,
    -5.233771098808639
  ]
}