{
  "cat_params": [
    -0.13857809485399805,
    -2.444693057177106,
    3.190587313065309,
    2.3725514347437744,
    1.3273715193336968,
    -1.2605501052356862,
    3.4011647215077003,
    1.6576456703401508,
    3.7305509819572302,
    -2.3238634287318614,
    -2.66707725713892,
    -1.4383169077180076,
    -2.756387347666857,
    1.2852096187603554,
    -0.2846824006560131,
    2.963346249519627,
    2.5784077626640336,
    7.2260850593680415,
    -1.3637922972687706,
    -3.0972162069849354,
    0.946638127336698,
    0.2583571700775978,
    -1.6335031838633967,
    1.3290808148072268,
    -1.6448102998818999,
    0.18218886832508227,
    1.262630938039645,
    1.2056217073610511,
    0.4201537091789717,
    2.136150316258874
  ],
  "mood_params": [
    -1.9898524074797153,
    -1.6307997018644471,
    4.1877989053476705,
    2.7195096600721134,
    4.759175024540482,
    0.8102507712904571,
    -0.3646147624907427,
    -1.271294877205214,
    5.080457419692568,
    -2.123554798643636,
    -1.096091986038916,
    -3.1504540270705625
  ]
}