{
  "cat_params": [
    -0.26677518873313966,
    -2.533058226702801,
    3.1101499215075132,
    2.3731976768593577,
    1.134335798724751,
    -1.3382171788682955,
    3.1526489701462808,
    1.6229167358540202,
    3.518367552856625,
    -2.5437557884560604,
    -2.79288517650476,
    -1.5391495167396372,
    -2.947956981628138,
    1.1039505712275604,
    -0.48912601764576463,
    2.756794299257435,
    2.4425983514146155,
    7.099911045996585,
    -1.556860345679207,
    -3.26490638227255,
    0.7560601301547699,
    0.033827862965447535,
    -1.633873153498157,
    1.3117516341488653,
    -1.6910851603635144,
    0.0045932782665361665,
    1.0723373374647378,
    1.0563507319239165,
    0.2707202575834765,
    1.9368069604088265
  ],
  "mood_params": [
    -2.0471205367649796,
    -1.7064316664614132,
    4.094289019250859,
    2.6113380570533695,
    4.6401692971562705,
    0.644553074360204,
    -0.5134905035224476,
    -1.3411223810527972,
    4.950879557989216,
    -2.22360154554174,
    -1.175735565434484,
    -3.269152935624176
  ]
}