{
  "cat_params": [
    -1.2873727772102581,
    -0.4051904970400412,
    0.9241380496336258,
    -0.8785631046360645,
    -1.2036708414916972,
    -0.9037567455308256,
    0.24566822077098732,
    -1.240324405226277,
    1.6373702036213444,
    -1.8920114946030484,
    -1.5921131620032554,
    -2.6345880021697163,
    -2.0753396884558803,
    -0.04715533595419218,
    0.11599381572665021,
    -5.625750526382355,
    -3.23319232863379,
    0.12499088003974022,
    -2.471703223465948,
    -1.9278734532828115,
    -0.6214604366281122,
    -1.357585694878247,
    -3.3015141718713887,
    2.689950562378083,
    0.48803318382046246,
    -0.4321904855315235,
    -0.35949403138585245,
    -1.3449680473142351,
    -1.5925661077548583,
    -0.26140347162270805
  ],
  "mood_params": [
    -2.3712635485063935,
    -3.1562727494734824,
    -2.411075873619391,
    -3.500530262989167,
    -3.135947982317266,
    -4.650268895878236,
    -2.08861552576278,
    -3.8530588087037945,
    -4.773046003979304,
    -0.6129870310546891,
    -3.936477926623038,
    -2.6008402010535323
  ]
}