{
  "cat_params": [
    -1.1466143009863574,
    -0.3144667310004877,
    1.0123010565408208,
    -0.8808744291672493,
    -1.0273143383120094,
    -0.8273683880345607,
    0.5346953819011104,
    -1.194848894861782,
    1.85737869288391,
    -1.674221571302362,
    -1.4490816359218994,
    -2.546307366341831,
    -1.883469094670758,
    0.12513609998920341,
    0.31952273762091804,
    -5.510062376397354,
    -3.114600717819917,
    0.26898985303846573,
    -2.2787451583448273,
    -1.7683911593996167,
    -0.432239186350225,
    -1.1397757064343668,
    -3.2938539929765795,
    2.6993551841615657,
    0.5678056452294362,
    -0.2572202474761458,
    -0.16866371208049893,
    -1.1985098685794817,
    -1.4553175974701804,
    -0.07350150102098484
  ],
  "mood_params": [
    -2.3140785121124723,
    -3.084304631138476,
    -2.3586293592550485,
    -3.424647533807149,
    -3.069277452749439,
    -4.516618390081677,
    -1.9405977563533665,
    -3.7941873437967737,
    -4.712412558776853,
    -0.5249488676935178,
    -3.8624438102733816,
    -2.4790656218512894
  ]
}