{
  "cat_params": [
    -0.9341718032044274,
    -1.3470057831834987,
    0.5233743501865809,
    -0.15323993942339684,
    -0.7145024970226521,
    -1.17954138220221,
    0.045462948603863546,
    1.3312757301453804,
    -2.3733971173443944,
    -1.414887976761558,
    -1.2692245350710827,
    -0.22586526058794834,
    -0.6919841710912351,
    -1.4739863848872155,
    -1.148159685682682,
    -0.3641559807285445,
    -0.20916719662463512,
    1.2549796736618857,
    -0.860069575534766,
    -0.5899713868457815,
    -0.18642063209281548,
    -1.0181494915912797,
    -0.6693586781164714,
    4.25269616770769,
    -0.43042072455326086,
    -0.7983496792789492,
    0.4487021855225877,
    -0.5985487681431181,
    -0.16754614118828098,
    -1.2467677627164626
  ],
  "mood_params": [
    -1.4521463656735374,
    -1.6119570153116234,
    0.2761311427630011,
    -0.16004249014814795,
    0.49780553479876544,
    -0.9893608539091867,
    -0.22528481633499797,
    -0.7030156730406935,
    0.21337865582550006,
    -1.225802111430289,
    -1.0258178534587583,
    -2.4214451165756246
  ]
}