{
  "cat_params": [
    -1.0197924451688702,
    -1.399423359538951,
    0.47137700703652446,
    -0.1520671831477673,
    -0.8171992249181088,
    -1.2274544890611574,
    -0.12781445217139656,
    1.3119767076519808,
    -2.513445657683465,
    -1.5453712588010038,
    -1.3477817324169068,
    -0.2932711028401096,
    -0.8040211075151662,
    -1.5612202823271362,
    -1.2736213181369005,
    -0.4633979823638727,
    -0.28402229069643475,
    1.1730338078027471,
    -0.9743293315451411,
    -0.6804233949552716,
    -0.29768197179116856,
    -1.1438895738076096,
    -0.6682575409979302,
    4.263029670454601,
    -0.46591377786897364,
    -0.8949655276234983,
    0.3362154258933668,
    -0.6847313852327412,
    -0.25307343700438895,
    -1.3499872079256754
  ],
  "mood_params": [
    -1.4855492808796296,
    -1.6548166921399121,
    0.2347654037780622,
    -0.2145757209778023,
    0.44305562171484414,
    -1.0782851959939053,
    -0.3134584250593252,
    -0.744608307325623,
    0.15654098717221465,
    -1.284809112342934,
    -1.072133429766153,
    -2.490136318263701
  ]
}