{
  "cat_params": [
    3.6289935400872744,
    1.2765749942660851,
    -1.4293751211825763,
    -1.5922702043783221,
    2.049224639685376,
    0.6356470452403035,
    0.8362211144512023,
    -0.8871296350322724,
    2.484331676164963,
    2.6441686336310593,
    2.0546471730594753,
    -1.6994140510471216,
    1.9607857028901623,
    1.594848937689973,
    2.4987906330267204,
    1.2168304202865552,
    -1.224973688491473,
    2.014500904634471,
    2.192233303182652,
    0.5611255428910623,
    0.7318149228628043,
    1.3191414618230441,
    -0.7159675486433956,
    -3.9231147508584914,
    0.25288341211597026,
    -0.5637406412479848,
    1.792249722342466,
    0.11922480075426592,
    1.5510061489031173,
    3.553913748668148
  ],
  "mood_params": [
    1.32085742835074,
    1.4994128113631044,
    -1.8277350164688708,
    -2.1318001158549333,
    -2.909997719914305,
    1.5774823677762186,
    1.1506202223169377,
    1.5048417663518334,
    -0.5279595515661563,
    -0.33807662556594953,
    -0.6077405436787815,
    1.83042940975266
  ]
}