{
  "cat_params": [
    3.6854754206108793,
    1.4471447948792238,
    -1.4707000466307196,
    -1.556583175915389,
    2.256880314908118,
    0.5993491228603203,
    1.140081561416575,
    -0.8264394450242685,
    2.474963596764943,
    2.9065966471752005,
    2.3816272541136505,
    -1.5362343251840223,
    2.2957381398286465,
    1.8504275146693734,
    2.8008514511113574,
    1.5745426775363085,
    -0.9009752030610938,
    2.1158722386513067,
    2.4744936166487426,
    0.8105524188603543,
    0.9855912798970592,
    1.5836535325946441,
    -0.5503197615080484,
    -3.8867581702515293,
    0.2367933935275573,
    -0.3544136061257266,
    2.0228932928016556,
    0.42846487638935116,
    1.8183323971224943,
    3.6801639610185024
  ],
  "mood_params": [
    1.4539414703881128,
    1.7465340614915932,
    -1.6657433359840477,
    -1.8647898960248879,
    -2.7211869732059513,
    1.958202300497903,
    1.5103071814986821,
    1.721972936731778,
    -0.27263716636992696,
    -0.0948289752184544,
    -0.33265374773646483,
    2.1373844559786432
  ]
}