{
  "cat_params": [
    -3.8253725444451985,
    -3.1381695605410154,
    5.417017765223119,
    4.634320251012809,
    -2.7291974699240105,
    2.6955366196133745,
    4.172470547711137,
    9.571439679518795,
    -2.0929364007357507,
    2.4408646977943897,
    -1.4051725369530115,
    -0.44774055644503946,
    0.5761465710865664,
    -4.22963989876598,
    3.644797062697046,
    -1.5264901378602227,
    3.146146779783507,
    5.487379297593909,
    1.7405407018002195,
    0.3897045670504969,
    -0.8876432603921834,
    -0.3281381258275105,
    3.962499492930505,
    9.44677833105339,
    0.3257598350186438,
    2.709646989027543,
    0.2345409496171911,
    0.7504262102336277,
    -2.114095753727875,
    -1.5411548994617723
  ],
  "mood_params": [
    -2.7056918165703023,
    -2.2251344939566615,
    -0.18053480466648075,
    0.6872177614179059,
    3.1956198772494475,
    0.5186091890620769,
    2.470753128674298,
    -1.3989604126068107,
    0.9215935470759625,
    -0.08117447517894862,
    -0.7840079425126898,
    2.632107073914401
  ]
}