{
  "cat_params": [
    -3.689537896557091,
    -2.9798338667153357,
    5.197958775968027,
    4.733150334539775,
    -2.5062443125621834,
    2.549015219975097,
    4.153059534649217,
    9.380673766494725,
    -2.256018495932248,
    2.5477699149547646,
    -1.1145651570615385,
    -0.13808669947984042,
    0.8283697512118556,
    -4.027295357074605,
    3.593801381185985,
    -1.099598638250044,
    3.5841486961393687,
    5.3846255251126385,
    2.102187567420113,
    0.6245620233844051,
    -0.6398736094989548,
    -0.11005166437304188,
    4.066277689004861,
    8.92332752257228,
    0.22537231687387815,
    2.9468971498317336,
    0.4887055901305412,
    1.0810451529964706,
    -1.8125956770656486,
    -1.4233906583702538
  ],
  "mood_params": [
    -2.5687721581908995,
    -2.0245951509740214,
    0.07077675785852598,
    0.9376673617846834,
    3.5197860342945666,
    0.9453059326975933,
    2.846495477832305,
    -1.2387011869467934,
    1.3177010864773004,
    0.1531088251230301,
    -0.5705282843385262,
    2.9032669842686785
  ]
}