{
  "cat_params": [
    -3.669423873683545,
    -3.9528201179351203,
    -2.241158090669961,
    -1.1939165964045266,
    -3.474400360294457,
    -1.4642125294851915,
    -6.521853838422335,
    -3.8279181720130717,
    -2.1658642456956416,
    -6.746098497639077,
    -4.371203950436902,
    -2.2912619160695535,
    -6.58556407136583,
    -2.670137761475472,
    -4.1322935940240475,
    -4.0101636547106505,
    -5.272199660693351,
    -3.2215460184593856,
    -2.632696236761631,
    -4.430064757128269,
    -5.641183101259923,
    -4.039277845278857,
    -1.0128906273633314,
    -1.5758266291606138,
    0.7834216157303573,
    -4.825668232912371,
    -5.67842841890982,
    -5.273646553997343,
    -4.553893291595876,
    -2.9342274230456438
  ],
  "mood_params": [
    -1.132641929810996,
    -3.1685897777725454,
    -3.013123805729586,
    -4.0923707957462305,
    -3.419898368124167,
    -5.1164667470485545,
    -5.19473499619442,
    -1.8266953002612931,
    -3.5122183637138584,
    -4.839407587294027,
    -4.123711929293004,
    -5.405740625294562
  ]
}