{
  "cat_params": [
    0.6800503502391116,
    0.1336593351344267,
    -0.2675677161145195,
    -2.245257487975567,
    1.5040034764078463,
    -0.32241123585486997,
    1.9070739374509331,
    -2.6759503726001626,
    4.567226984608344,
    2.562333907290239,
    -1.1738325378703234,
    0.9444769530769183,
    1.3252724037096542,
    0.9457158447682693,
    2.613964031148576,
    3.2001698496183777,
    -0.9560508492298934,
    0.6308658265367927,
    1.6159073722530075,
    -0.6075896114659592,
    0.9630599173138378,
    0.9580985281395721,
    0.34035391799376813,
    -0.2929227492979757,
    1.8790074073462997,
    0.521156535198386,
    2.6347282896558175,
    0.16160658286675206,
    1.7550289189874337,
    1.625134847834586
  ],
  "mood_params": [
    0.8896650024898223,
    0.9902775729756821,
    -0.23019332196991207,
    1.3612853959291655,
    0.0035157329476690237,
    2.2784398246305115,
    2.9322963321294515,
    0.4514950644974112,
    -0.3005147658774179,
    0.18767792100359254,
    4.109414317160897,
    1.761880798043918
  ]
}