{
  "cat_params": [
    0.5589539937391863,
    0.04182431686462957,
    -0.36058951300774333,
    -2.2422386444843667,
    1.3064186645726572,
    -0.3971992381528553,
    1.633673245628702,
    -2.7271739525401637,
    4.353771629118765,
    2.368201022165172,
    -1.3218290002592181,
    0.81236498187738,
    1.1366881108817373,
    0.7645636340277502,
    2.4188879407865507,
    2.9880052780774697,
    -1.0826970245668974,
    0.4864873203641846,
    1.4135074023344398,
    -0.7600517429185627,
    0.7691673647241618,
    0.7253545782316102,
    0.3488412663776302,
    -0.3203319151878253,
    1.7791378651105278,
    0.3372919556828968,
    2.440071642156266,
    0.011554973393641699,
    1.5934660269487082,
    1.4255672919410882
  ],
  "mood_params": [
    0.8258616063839522,
    0.9053696718737037,
    -0.29675961821621466,
    1.2588055796606317,
    -0.08474549149360701,
    2.100729253936941,
    2.776298473630839,
    0.37241842826541216,
    -0.3933852240276254,
    0.10459679087138991,
    4.01643636705629,
    1.626626321643756
  ]
}