{
  "cat_params": [
    -1.8995971616962044,
    -1.637404582843932,
    -2.526088097225337,
    -5.221986836649151,
    -0.2865613977668482,
    -2.564587447044188,
    -6.629110741243542,
    -1.8599975603317984,
    -0.744605657212822,
    -6.587201855444388,
    -5.708552782374486,
    -2.7306552885323057,
    -6.025202732720931,
    0.9685294475660327,
    -7.1345210494781615,
    -7.543196000521597,
    -8.15561929211111,
    -3.135660011944817,
    -6.49538006372421,
    -7.76851835808953,
    -3.003398869311383,
    -5.18394242499704,
    -8.595934638411633,
    -0.3443093234719816,
    0.30342471538383614,
    -4.745988097843069,
    -5.344620678665726,
    -4.355298957015057,
    -3.96294735825154,
    2.216546357626709
  ],
  "mood_params": [
    -3.6898645011541746,
    -5.968450321306615,
    -3.928336139137686,
    -7.684637965795282,
    -4.872115711127532,
    -8.256847191042665,
    -8.37671205700523,
    -5.499257245555819,
    -6.608094670585271,
    -6.556756326676167,
    -7.872578360115452,
    -5.559848959424041
  ]
}