{
  "cat_params": [
    -1.873872670663525,
    -1.6336105456644125,
    -2.398890317871423,
    -5.208511201124532,
    -0.4697642068350983,
    -2.4899153713579634,
    -6.58622966044341,
    -1.9992837724514865,
    -0.4177445219711649,
    -6.518408962347501,
    -5.630976349478947,
    -2.7859170818647785,
    -6.095348064583326,
    0.7467691310367311,
    -6.930824950135459,
    -7.677581018440282,
    -8.275107854581716,
    -3.0563664625959612,
    -6.2567313612472635,
    -7.504890685136173,
    -3.1626429879900777,
    -5.216436203901748,
    -8.527023645160176,
    -0.4665164443627144,
    0.3218452581304978,
    -4.83015369738349,
    -5.333144132208068,
    -4.505588613524647,
    -4.150072593644655,
    2.0943755430776734
  ],
  "mood_params": [
    -3.581131496776932,
    -6.169662258056279,
    -4.351983214258016,
    -7.8041233176969245,
    -5.031685386106754,
    -8.31475005395321,
    -8.447928368833107,
    -5.466071791374984,
    -6.768668252972745,
    -6.3821913224764835,
    -7.678398824920072,
    -5.679622368135587
  ]
}