{
  "cat_params": [
    -2.252923501698813,
    -1.4047355427496784,
    4.005001546239997,
    1.6672139279400853,
    -0.6961477243320262,
    0.6508187033264315,
    -1.6460357718218581,
    0.7567241847178333,
    0.1347942791492664,
    -2.647056622980381,
    -2.0715902226600043,
    -1.1819878591532942,
    -2.73727533988591,
    -2.384074554455944,
    -1.6660757170161988,
    -1.2648713998161796,
    -1.221172166221389,
    -0.17895002527561008,
    -1.2642781687545024,
    -1.429414353429704,
    -1.5087247995561104,
    -1.2386922840438244,
    -0.8497912668560718,
    0.9035466074924633,
    0.5942599173732588,
    -0.4132324769406039,
    -1.455999066824668,
    -1.734310608812541,
    -1.475351791722955,
    -1.1451359539925912
  ],
  "mood_params": [
    -1.9477074864069135,
    -0.5328778195555997,
    -0.19890345241992827,
    0.5000006325701175,
    1.0402705657155527,
    -1.1875084611865176,
    0.31493741102656436,
    -0.6033428568871342,
    -0.37950920821281486,
    -1.347725905499995,
    -0.4834372018262393,
    -1.791733357632581
  ]
}