{
  "cat_params": [
    -2.513692353785614,
    -1.59878627365756,
    3.7520663170503306,
    1.5017593408001,
    -0.9829355651968966,
    0.5133908519650539,
    -2.05607909554236,
    0.5502611482999471,
    -0.24498605112667782,
    -2.918147247277549,
    -2.2992945752531826,
    -1.407839925112231,
    -3.0711313266483162,
    -2.6212037191693103,
    -1.926752440793916,
    -1.5983556468360371,
    -1.5511670313483878,
    -0.467737386692946,
    -1.4824897014204563,
    -1.6324986165022886,
    -1.8396197788150024,
    -1.584983069348535,
    -1.049328605727747,
    0.8023364018244594,
    0.5759523179406669,
    -0.7629237950857244,
    -1.4321289153856092,
    -2.0397617277629267,
    -1.7530054186711401,
    -1.4552073010547906
  ],
  "mood_params": [
    -2.0521289056080496,
    -0.7554349482597509,
    -0.384019140394094,
    0.2166674210749349,
    0.8160129496078707,
    -1.5027510074457788,
    -0.04336125866685817,
    -0.7844948763451799,
    -0.6233956128358575,
    -1.5533791229744427,
    -0.7482689044275359,
    -2.0412986102785307
  ]
}