{
  "cat_params": [
    -1.3900878111870614,
    -0.9063128386757836,
    2.6703152676985464,
    2.4893454299601268,
    -1.639886139757456,
    1.1839240622720446,
    -0.6221008186917689,
    0.5258498757439165,
    0.41433803088120047,
    -1.1219336764016345,
    0.1623539175382393,
    -1.325028058741048,
    -2.375491368544305,
    -2.1420710913307457,
    1.046656154708244,
    2.7031404834135038,
    1.0216372186238891,
    1.6282131922344505,
    -0.7631105750831928,
    -0.4300871255432427,
    -0.7508571993299438,
    -2.5406336168932024,
    1.0135601867956507,
    5.270615155527248,
    -0.9385115031683329,
    -0.5133016527114737,
    -0.9172902731890719,
    -0.20477764678983496,
    -1.5380681168810302,
    -1.7633811908417756
  ],
  "mood_params": [
    -1.3962878774298215,
    -0.47923174759972814,
    2.2094594031246335,
    2.34768449554864,
    1.0798828453113216,
    0.5675655644496903,
    2.0489306627229196,
    0.8822618200020377,
    2.7135977618257394,
    0.8547645760038559,
    2.650717809724278,
    -3.425175773148909
  ]
}