{
  "cat_params": [
    -1.535796706161298,
    -0.9981550166022077,
    2.585868143865259,
    2.489980504097874,
    -1.8146395170182459,
    1.115153617335394,
    -0.9315041973520016,
    0.4859391889656263,
    0.18594701074865413,
    -1.3399584558476099,
    -0.004377741382877264,
    -1.430327517525433,
    -2.5713454525440573,
    -2.296866327415855,
    0.8428598679288319,
    2.4948990223305394,
    0.8875281690686172,
    1.4849794006683847,
    -0.9624594721423014,
    -0.5825330472146248,
    -0.9426353759749692,
    -2.753604683810779,
    1.0250866321199015,
    5.276059026289108,
    -0.9971192372897848,
    -0.688879510430461,
    -1.1108010743321324,
    -0.35546860268291197,
    -1.6772474749979875,
    -1.944505699670161
  ],
  "mood_params": [
    -1.4562702559152618,
    -0.560415793260619,
    2.126798298080148,
    2.2390868866552696,
    0.9835770521641642,
    0.3992194257139204,
    1.8928624690644629,
    0.8005518749773033,
    2.5984543137731118,
    0.7762837773221879,
    2.560370734603267,
    -3.5463955817943504
  ]
}