{
  "cat_params": [
    -1.0285620044666146,
    -0.9498344890993822,
    -6.60690315806806,
    -3.4281953860440244,
    -1.1713439709980835,
    -2.3553872922094805,
    -2.7411591586147894,
    -3.638747851423127,
    -1.6225307589113405,
    -2.6916303723735737,
    0.4683839017309105,
    2.4318095465405767,
    -3.434735217006255,
    0.4567968301139826,
    -3.972925110149814,
    0.6098801395556228,
    -1.9656747854963545,
    -5.899677778749313,
    -1.1574036362828326,
    -1.2970557589637384,
    -2.8303168471810247,
    -1.4370693841930915,
    -3.6701773329266345,
    -2.9003211504413855,
    -3.1589295593201303,
    -3.484135104058515,
    1.2799660066909908,
    -0.41689049989644106,
    -1.2686813719686147,
    0.3934562554544617
  ],
  "mood_params": [
    -1.7529483201721197,
    -2.8491881052758763,
    -1.1306807281094569,
    -3.0511694143405874,
    -0.3911052173142886,
    -2.7253906738771105,
    -2.2417169334042737,
    -2.4693295172156544,
    -2.1759581546736766,
    -1.7980299272748548,
    -0.7007697196065774,
    -1.7639374186130359
  ]
}