{
  "cat_params": [
    -0.7689253724085451,
    -0.7836553142793118,
    -6.102594552387872,
    -3.58337400544944,
    -0.9116680392995655,
    -2.5522310889630173,
    -3.315277309587051,
    -3.94242810925927,
    -1.4705530499010158,
    -2.473794568773572,
    1.0936531755692422,
    2.158180354885841,
    -3.17686555288832,
    0.23732631632304774,
    -4.280786200291664,
    -0.0542791345098943,
    -1.8780335457045487,
    -6.240958573938591,
    -1.2477680558756001,
    -2.0412274200387635,
    -2.855041088864227,
    -0.951645186563677,
    -3.21832312331406,
    -3.029562907343341,
    -3.063853528821135,
    -2.834905304400344,
    0.8225063396683274,
    -0.6966466917332825,
    -1.0203047147537894,
    0.19120284701710677
  ],
  "mood_params": [
    -1.747542913641517,
    -2.7268762638397885,
    -1.1192436432412602,
    -3.0763142472781277,
    -0.7343737755040287,
    -2.5213877637001727,
    -1.9468399261039062,
    -2.2722753748901847,
    -2.1812212637150763,
    -1.3283727932346863,
    -0.3896371962897765,
    -1.5088312975798148
  ]
}