{
  "cat_params": [
    3.070265761126831,
    2.7252743428738233,
    0.6570119317289513,
    1.68903567653691,
    4.188634981838498,
    -1.77545390459206,
    4.6019423700893665,
    -0.9804939274142112,
    2.595788420520466,
    3.3520821098995497,
    5.46008033099841,
    1.0918112400421356,
    4.160680517119876,
    2.3232518671781555,
    3.218420513869354,
    1.5536533572772122,
    5.961651669972168,
    0.6246112540513196,
    2.7381218287701343,
    4.342624232988575,
    3.5529572509779124,
    3.780921694355516,
    2.9016138147853274,
    -1.013343418061526,
    -1.123184881023916,
    4.7571210193242734,
    2.265040452928837,
    5.540263797331092,
    2.939380840257536,
    3.487147580752516
  ],
  "mood_params": [
    3.2828351106650566,
    4.1677220183399415,
    0.3734053793361886,
    3.794767654725895,
    1.9754999794778274,
    5.140826185123516,
    4.677705007897509,
    2.618031533661689,
    2.6790358169121764,
    3.9503875633700485,
    1.545980325559075,
    3.638231947120327
  ]
}