{
  "cat_params": [
    3.164218763703194,
    2.8198646547301083,
    0.7475799149904562,
    1.6879944531373854,
    4.410345384246813,
    -1.6940037109800026,
    4.839048473685985,
    -0.9352609839002155,
    2.816651521574049,
    3.542099699420833,
    5.698731671295949,
    1.22842222457584,
    4.346252046136671,
    2.5200419659903783,
    3.411690504728458,
    1.7515192897726246,
    6.112152116923638,
    0.7698896762561175,
    2.9448460528537255,
    4.460184269495076,
    3.7545482436763793,
    4.0346496422814795,
    2.8818168654994425,
    -0.981624002788359,
    -1.0664787693698285,
    4.984767608359797,
    2.461187062177841,
    5.70102292202867,
    3.1119419017906123,
    3.700596331266308
  ],
  "mood_params": [
    3.351842823530435,
    4.26315501876568,
    0.4448402457810567,
    3.91179291542076,
    2.078578943015092,
    5.339135259705089,
    4.837599861278046,
    2.708149041100568,
    2.7947574101054173,
    4.003783021881613,
    1.6340020610177557,
    3.780473489085065
  ]
}