{
  "cat_params": [
    -3.7726235870520815,
    -3.4525943827416095,
    -3.957217120255327,
    -0.8884210700435904,
    -2.58395086621985,
    -3.0096273880429596,
    -5.03662815150072,
    -2.4678019556869746,
    -5.082802018624736,
    -6.263871663033159,
    -3.2625128711959626,
    0.34645334167945807,
    -4.322313987736363,
    -4.288192043325634,
    -5.603307441588805,
    -3.157268786928665,
    -4.4050392204869455,
    -4.835398817530632,
    -3.4480348562529683,
    -5.193617120751147,
    -5.375342543845238,
    -0.906257418872152,
    0.815270085198,
    -1.7210808732023728,
    -1.6552382277824833,
    -2.3440496497048406,
    -5.586524042222683,
    -4.962838489218839,
    -3.9704087518621543,
    -3.0452074447541375
  ],
  "mood_params": [
    -2.3632912063092633,
    -4.038132871289549,
    -1.7788204631850433,
    -4.162278622208505,
    -1.5344503106984564,
    -4.108890687482976,
    -5.492291673369407,
    -3.202777845160153,
    -2.675030521414727,
    -3.969720693669682,
    -3.5851733084813255,
    -3.8050540261077908
  ]
}