{
  "cat_params": [
    -3.5018918078109325,
    -3.440084242506535,
    -4.0628257136723285,
    -0.9802382103453312,
    -1.816341001851916,
    -2.9697350089551695,
    -4.585272541420614,
    -2.7008516999226364,
    -4.230104487734603,
    -5.8720699949549084,
    -3.1262379751313243,
    0.4293153195419786,
    -3.947134103284377,
    -4.109731350859196,
    -4.913773329378024,
    -2.562298232837523,
    -4.358783775596604,
    -5.093716634606636,
    -2.9096522082584486,
    -5.07630545559969,
    -5.400583375588807,
    0.057213078245064594,
    1.3635416968117355,
    -1.8171481967648841,
    -1.730067251601363,
    -2.0703455307167733,
    -5.675339870697991,
    -4.669637015296083,
    -3.9571349492640886,
    -2.3567152513760257
  ],
  "mood_params": [
    -2.1262442391283587,
    -3.730006098837096,
    -1.8594273154092302,
    -3.8991367070017033,
    -1.3766281376721072,
    -3.6959270485572673,
    -4.872062248537415,
    -3.020809680585989,
    -2.6589381311728326,
    -3.879341842901587,
    -3.2283840671144395,
    -3.6715017778140577
  ]
}