{
  "cat_params": [
    4.252712463835454,
    4.718555850603814,
    -1.5696857151848311,
    -0.7106997924674515,
    8.520625533824713,
    -2.875801596902615,
    3.6680202799539425,
    -3.205955548116781,
    2.1616413924202513,
    2.6447754892984627,
    2.587320319709389,
    1.83463546540792,
    3.879360800635504,
    7.257787700419323,
    1.0419248524572031,
    3.041933644881108,
    4.8201601978382875,
    0.023796870601995413,
    2.3831479599017156,
    1.5028809459190329,
    7.076384017880578,
    4.941647763275977,
    0.27782651320823737,
    -1.3117770348559892,
    -1.6367160850462596,
    3.6941435053925944,
    4.947093317446255,
    7.328987667103962,
    7.548862030781618,
    8.756070244839018
  ],
  "mood_params": [
    1.1826240563916803,
    1.6905347665252772,
    2.7009528452835183,
    2.3073550525440485,
    3.1613864794454005,
    4.648569261271579,
    3.5563654052661273,
    0.08251772829120095,
    4.064726684243574,
    1.0399791532103773,
    -0.14233327835617937,
    1.1651874583370354
  ]
}