{
  "cat_params": [
    4.302747083394115,
    4.639253911458207,
    -1.5129707734681888,
    -0.6903627907371588,
    8.34548100650173,
    -2.925050947610329,
    3.5983780794561637,
    -3.2546471828227728,
    2.1840474391400453,
    2.4903889093538334,
    2.495978261731923,
    1.8304434407869872,
    3.7508508522505233,
    7.052790924055326,
    0.8636832688866016,
    2.855997048987339,
    4.633792074592055,
    -0.04117476295669557,
    2.1791953815747394,
    1.403478045184977,
    6.925584178624459,
    4.887393353565033,
    0.26184002085971503,
    -1.2845956698338334,
    -1.6829287167322984,
    3.694629610992689,
    4.789976547754372,
    7.163968063358897,
    7.384813449873945,
    8.630599190206937
  ],
  "mood_params": [
    1.096356012015795,
    1.5926504504875394,
    2.57099497280138,
    2.139847282514747,
    3.008926732392196,
    4.420479905927361,
    3.365646065959248,
    -0.01315445388433591,
    3.8873816975472204,
    0.9320328901420437,
    -0.2495670366096964,
    1.0889007199870113
  ]
}