{
  "cat_params": [
    -1.330258337435823,
    -1.6180661251352144,
    -0.3306715329220917,
    -2.4599482430279043,
    -2.6688704860957273,
    -1.5490408098843824,
    -4.291547629478455,
    -2.54149379704473,
    1.2713718970831724,
    -4.577247661987476,
    -3.144401717173845,
    -1.4888462333867278,
    -4.524177997120894,
    -1.249941423466024,
    -3.9019417099361613,
    -6.650407267550248,
    -5.535859526337431,
    -2.255147650252596,
    -4.405069203949658,
    -3.696069832344848,
    -3.650160795022734,
    -3.1128809772692176,
    -4.104826834338282,
    -1.8047372359395075,
    -0.01844215227165013,
    -1.9098059593823533,
    -4.618420259568641,
    -4.283350881411777,
    -4.146252017566581,
    -0.1659425044406416
  ],
  "mood_params": [
    -3.2370818477037835,
    -5.099223586284609,
    -4.344628785951733,
    -6.653110210039793,
    -4.527049307432122,
    -7.365857851344115,
    -5.770197791110104,
    -4.99881412165352,
    -5.835723656618516,
    -3.7476687321148545,
    -5.854771931092223,
    -5.870886882583356
  ]
}