{
  "cat_params": [
    -1.5065127891150059,
    -1.6567285530960272,
    -0.48024403799961995,
    -2.772097669393767,
    -2.660709122208383,
    -1.7223602982658355,
    -4.459057195854965,
    -2.5498647929271456,
    0.6331124400183199,
    -4.849591840152927,
    -3.9076568881577454,
    -1.9341431389312864,
    -4.862129976150812,
    -1.2106412346288693,
    -3.8671156335025803,
    -6.477783382183983,
    -5.678835553952335,
    -2.302112533969216,
    -4.439747881364815,
    -3.759201872995458,
    -3.772705045064668,
    -3.4848281577151137,
    -4.164850521745493,
    -1.924961503473148,
    0.024037225432294862,
    -2.836058710951067,
    -4.510150964999778,
    -4.393429965251907,
    -4.252809950413245,
    -0.3027286675241572
  ],
  "mood_params": [
    -3.1324375836875795,
    -5.0025602421995545,
    -4.183426143568677,
    -6.455156497466221,
    -4.300104264701459,
    -7.095115089572558,
    -5.589538880005971,
    -4.8084241552096705,
    -5.700822053042575,
    -3.7813212241809615,
    -5.735535091650088,
    -5.951006353509812
  ]
}