{
  "cat_params": [
    -1.5042587888397596,
    -2.6822929424585875,
    -2.656366430364178,
    -1.9416323673448281,
    -4.453223026614546,
    3.188245186882975,
    -4.1298866273536445,
    1.7251803910045804,
    -5.544111794906676,
    -2.538660753719371,
    -0.5092671386307018,
    -2.6471958005472644,
    -3.2319814376816813,
    -3.766070336260838,
    -2.366172049489041,
    -1.2776097782014455,
    -3.338710176169116,
    -2.458557190767718,
    -0.08813909259351967,
    2.0523512820301666,
    -4.270701743335959,
    -4.7015849083005365,
    -5.261379872609285,
    2.002651414767449,
    -0.621994222699269,
    -5.280645295866348,
    -2.5282189907035035,
    -2.1875165413052606,
    -3.3532689658859587,
    -1.8135974639899723
  ],
  "mood_params": [
    -2.1307894326919152,
    -2.1627446557293717,
    0.1322571032894696,
    -3.3935816886367043,
    -2.4350401302732734,
    -2.572393099367251,
    -4.517249752781036,
    -0.9543514213707204,
    -3.4530610521546703,
    -1.2385638552018379,
    -2.453177080105772,
    1.095602309862156
  ]
}