{
  "cat_params": [
    -1.5977254271167594,
    -2.851051211468784,
    -2.6371366345304246,
    -1.996719970308389,
    -4.587053694321406,
    3.193887151355955,
    -4.555747412151881,
    1.5865074932238519,
    -5.446011756971548,
    -2.9446935609325795,
    -0.7675406088966101,
    -2.822602778763381,
    -3.588920394232603,
    -3.9181712894533915,
    -2.6459095406227897,
    -1.6122277122769244,
    -3.6634063184867913,
    -2.4875859570588794,
    -0.37166862392493333,
    1.7154042748982534,
    -4.536657050773603,
    -4.908697017995714,
    -5.502818359596698,
    1.9372813768473158,
    -0.43844988956262465,
    -5.464864358230748,
    -2.80635320450285,
    -2.5085192434468184,
    -3.581931183159008,
    -1.943879258262629
  ],
  "mood_params": [
    -2.25508622813467,
    -2.389988123544915,
    -0.06156222511626136,
    -3.6554536297173703,
    -2.6107037291441553,
    -2.8984435624727345,
    -4.83380842099151,
    -1.1502525903609595,
    -3.6683379831012437,
    -1.5383233957905997,
    -2.714447722132271,
    0.7818761155991917
  ]
}