{
  "cat_params": [
    0.6380718844763763,
    2.3309165387799684,
    -1.1014203855765075,
    -1.2649037978741775,
    0.5729770313745833,
    -2.761117785434905,
    -2.5878392147615727,
    -3.4918931624362544,
    2.3124363234867347,
    -2.4343490420285603,
    -0.7519434186042324,
    0.35218405502821803,
    -1.1348376625460908,
    0.31497253304604583,
    -3.514959218926648,
    -2.4599195580234925,
    -1.992218875245221,
    -2.720215173931668,
    -3.8955416596419496,
    -1.4094530896193878,
    0.09705631654655382,
    -1.8222719826253768,
    -0.9540328160651329,
    -1.6792737516880571,
    -2.0353193354375168,
    -1.0099758483267356,
    -1.2637736956011085,
    0.41176338370099247,
    0.8221288945082048,
    1.5615218970521536
  ],
  "mood_params": [
    -0.7499527046774532,
    -0.28116839642740055,
    0.4426772428337012,
    -2.7630134853640698,
    -2.4743983625859203,
    -2.835532812613973,
    -3.8999074347190077,
    -2.5593716825515087,
    -1.8286931401739968,
    -1.7180404996293352,
    -2.8293204141703443,
    -2.1895898111424987
  ]
}