{
  "cat_params": [
    9.067209607661761,
    4.370951142478199,
    -4.401281684216774,
    -0.916131373871035,
    -0.017136634352639853,
    -1.8764931732421446,
    4.742818441807719,
    -2.747666984174751,
    2.2146488238491338,
    6.165558361374526,
    7.246929721993218,
    1.4340453510061288,
    7.430784894362738,
    2.0367202528346424,
    6.247396284126757,
    3.766959280291114,
    3.122079194716402,
    -3.9446091832163654,
    6.541067725045319,
    7.5606064464111755,
    1.1577400009967977,
    7.321462728558013,
    3.784292696723611,
    -3.1733173303936932,
    -0.6294776430611084,
    1.5392732061630983,
    4.2983299927812055,
    1.9903304197620901,
    2.7676998194137576,
    -0.9948315443929211
  ],
  "mood_params": [
    13.906750179270244,
    8.833058043053917,
    -2.7153719291528624,
    3.8378631762408317,
    -1.0777238648704324,
    7.910867283127461,
    6.090815784584957,
    7.740404248999826,
    1.9552765492755375,
    7.05186833034108,
    3.123991359940844,
    8.423009804943977
  ]
}