{
  "cat_params": [
    9.092703187348487,
    4.4659813389473255,
    -4.295437516937902,
    -0.9184777646907637,
    0.17009545756817307,
    -1.7952161975461114,
    4.975596580810251,
    -2.696369027043977,
    2.43478642129569,
    6.337024496986049,
    7.507702673639221,
    1.5738752801599691,
    7.609755529053293,
    2.229435813325975,
    6.425507953132404,
    3.9877104087941695,
    3.2623084367564688,
    -3.789700352658749,
    6.753687017589879,
    7.654131672994584,
    1.3524807158021255,
    7.595347654788229,
    3.760664126338202,
    -3.1290502334082935,
    -0.5659405799204442,
    1.7346298225296355,
    4.494437541451316,
    2.1437611929876446,
    2.937753307083006,
    -0.8096679927540256
  ],
  "mood_params": [
    13.995465322261829,
    8.941857225986475,
    -2.6642909919451947,
    3.9543146246372936,
    -0.9962430177461588,
    8.125293001630036,
    6.251368130353528,
    7.8535647883766915,
    2.0649978644870557,
    7.080044302492089,
    3.2149235121425965,
    8.578150038893382
  ]
}