{
  "cat_params": [
    -0.9599251836259844,
    1.4727527889233223,
    -2.000025562104313,
    -2.103469670608804,
    -0.6850953108537065,
    -1.3377561780960328,
    -2.131165200354548,
    -1.085384040455566,
    -3.1056620816447844,
    -2.053024506902235,
    -1.7322621086297165,
    0.9364116248733559,
    -1.0254867014887814,
    0.33205798043606877,
    -2.8877760661781844,
    1.3262443847029683,
    -0.992943038274224,
    -2.8722068789023663,
    -1.7449833500957574,
    -2.750132922377414,
    -0.20597387793610175,
    -1.5818910928669105,
    -1.7203562256713936,
    -1.9320124395626204,
    0.7847074349477875,
    -0.806616996482936,
    -1.4059312591473148,
    -1.432162170595262,
    -0.14250061943139963,
    -1.9571859041287687
  ],
  "mood_params": [
    0.737675079904921,
    -0.8100583624524025,
    1.3292825753269386,
    -0.9530230681115429,
    0.3152996537210914,
    0.5512585863277037,
    0.12966258695126068,
    -0.9510300541872347,
    0.24027980736033916,
    -2.000789569320727,
    0.027528327105004715,
    0.4799319193015301
  ]
}