{
  "cat_params": [
    -1.0458384912606147,
    1.4182555815734426,
    -2.060055927647469,
    -2.1013084780692597,
    -0.7880202736481046,
    -1.3863663572954708,
    -2.333257833157267,
    -1.11348601151176,
    -3.2480052564755537,
    -2.187339753586312,
    -1.8048042693872142,
    0.8547534343907504,
    -1.1380338118206121,
    0.228555797721143,
    -3.0209803839801888,
    1.2085719430636288,
    -1.0652743834627212,
    -2.963984203320022,
    -1.857482964569772,
    -2.8559949437926293,
    -0.3171926304783967,
    -1.7041368238200296,
    -1.7239077037313777,
    -1.9584408215093831,
    0.7311573028382209,
    -0.9031545503030333,
    -1.5169710776306407,
    -1.516923649203188,
    -0.22820771317822913,
    -2.056202600038997
  ],
  "mood_params": [
    0.7001097117202905,
    -0.8553274205044284,
    1.2812168471606,
    -1.0032836001234458,
    0.2617874979815493,
    0.4526599683969221,
    0.04100191330997754,
    -0.9914806702987528,
    0.1832505069002819,
    -2.065970184120643,
    -0.02119636665232427,
    0.40277625145818213
  ]
}