{
  "cat_params": [
    -3.379006185361127,
    -1.2433860551129705,
    2.0070698206891406,
    0.13216024952235175,
    -2.566940490166275,
    0.05945488994875217,
    -1.979876192477033,
    1.460479926275975,
    -4.213054662257266,
    0.7649994465858465,
    1.0416524688773219,
    -0.21893777746950577,
    -1.293295991034143,
    -2.992378100676565,
    -0.44939084000887,
    0.16425220622729925,
    0.1281241485472076,
    -0.282520498987087,
    -2.861499400848359,
    0.23115636968293835,
    -2.1944700739840513,
    -3.4985350099576933,
    -1.28037573082551,
    9.622055079463903,
    0.037477966414576826,
    -3.297088046660934,
    -1.193250480084049,
    -1.672414624532527,
    -1.5222549967380656,
    -2.704150886303431
  ],
  "mood_params": [
    -1.9417130888639373,
    0.8797322936350247,
    4.46559264139089,
    4.605239109727924,
    4.455199293127886,
    1.5594172883108435,
    -2.5714757887394115,
    5.067585370987574,
    0.6025971319451006,
    1.5037276166887041,
    3.2146821644514154,
    3.3823628182885637
  ]
}