{
  "cat_params": [
    -3.213661049183531,
    -1.1524996059952235,
    2.0925782996562887,
    0.13034543447952754,
    -2.3996527142685773,
    0.1322397633086188,
    -1.6592626515744675,
    1.4965048798249208,
    -3.9728380540049497,
    0.9687019785171678,
    1.2207555537249934,
    -0.09962909189719299,
    -1.1010001193667716,
    -2.8453748544814275,
    -0.24160518094768813,
    0.3452900147891608,
    0.25868174839343194,
    -0.13631447635532828,
    -2.667619598611983,
    0.3765975735948707,
    -2.007046441389658,
    -3.29213613165486,
    -1.2816825567239,
    9.590715934202976,
    0.11107564348736558,
    -3.1479714541884722,
    -1.0014306778048585,
    -1.5252387375351388,
    -1.383221116791647,
    -2.5291596429237173
  ],
  "mood_params": [
    -1.88318036836326,
    0.9645629326398796,
    4.562650279418174,
    4.725847694537593,
    4.574460728110916,
    1.7337072261848678,
    -2.422826321428886,
    5.168381595071433,
    0.7026134279962161,
    1.5757512404903393,
    3.305822211880545,
    3.5227544607092165
  ]
}