{
  "cat_params": [
    6.718417588760635,
    5.1713469394724525,
    -3.8032159051853283,
    -4.136999452017182,
    1.317295499584478,
    -2.0707278591300065,
    0.8026698281787022,
    -3.0915836351152386,
    -0.9487685529955161,
    4.0832393105246,
    3.3551424016455007,
    0.875962396070629,
    4.962028730878941,
    2.0514791204311082,
    -0.5732026880385045,
    0.7634814720135776,
    -1.0891838863339327,
    -1.7696694159187254,
    3.030068326085821,
    0.5386843585439955,
    2.0762844584341877,
    2.441016767812306,
    -3.3384293427433374,
    -2.5246446645179206,
    0.004239785451586002,
    -1.9530050513281643,
    5.356418210357734,
    -0.11604199381616907,
    2.5964181662321195,
    1.1905720409028013
  ],
  "mood_params": [
    8.201068202032465,
    1.9458097750953873,
    -2.215383507903843,
    -2.4198359339602025,
    -3.597758576425451,
    3.2084859514652533,
    -1.2195952389101472,
    2.5172858506744635,
    0.9711786462510624,
    -0.43064696582150225,
    -1.655197777509406,
    3.768221604530481
  ]
}