{
  "cat_params": [
    6.666122337113564,
    4.998136824298769,
    -3.84125102625711,
    -4.202446919258843,
    1.1140105747891766,
    -2.1212372705635496,
    0.42314183779292497,
    -3.1750811867943662,
    -1.0618413355545815,
    3.7800645215711586,
    2.9984708591110008,
    0.6535279389735641,
    4.612931798854009,
    1.8220990394910386,
    -0.9139811707617438,
    0.41391996213359084,
    -1.4180685398350317,
    -1.8975562380317743,
    2.7484871451132857,
    0.34294729371648264,
    1.797862350039155,
    2.08983022609468,
    -3.5135436146242243,
    -2.58669764581591,
    -0.009650753260461395,
    -2.206835186408375,
    5.107551728996013,
    -0.39929612511007356,
    2.3114422534624994,
    1.0331392736956486
  ],
  "mood_params": [
    8.00931881551154,
    1.7085337148103306,
    -2.37010186794167,
    -2.676103165750695,
    -3.772266575801478,
    2.8175512033177843,
    -1.5537053762597548,
    2.305941103482295,
    0.7092201330511626,
    -0.6613981280483122,
    -1.912162199302506,
    3.444762036676921
  ]
}