{
  "cat_params": [
    -0.008653484985575674,
    -1.319992488574046,
    2.823888622019533,
    0.6917360431641317,
    -1.1870471104038791,
    4.723057104239956,
    3.164516342135479,
    5.269967050240653,
    -0.012727906976927762,
    1.5277004452771834,
    -1.5303652254958413,
    2.4051494027898266,
    1.4021642297170736,
    -1.727938658359078,
    -0.2993814680435252,
    -0.01843091084011761,
    0.09100654726729292,
    1.8205794815459926,
    -0.6145422950773074,
    -1.979994549129881,
    -0.24716744820364858,
    1.0324687849172176,
    1.2839228050375506,
    3.1447936127984106,
    2.210454867875961,
    1.9687293424820527,
    -0.4077137696162196,
    -0.7945027444894028,
    -1.0280852782942647,
    -1.3290383341380663
  ],
  "mood_params": [
    -0.5501951596760598,
    -1.0145038298536646,
    0.20285605840137785,
    -1.1695763417963407,
    0.034718498446155655,
    -1.553044575000531,
    -2.458503854059423,
    -0.996735032815677,
    -0.366692900755568,
    -1.314982685000776,
    0.26085944584743204,
    -1.0395679924430035
  ]
}