{
  "cat_params": [
    0.18674359646205893,
    -1.3788784530759297,
    3.110814449137951,
    0.6951828839401858,
    -1.2667919580852793,
    5.202435583561436,
    3.540841437781131,
    5.55811415020083,
    0.33214017601183643,
    1.6068633880886605,
    -1.5620712906175107,
    2.538450706058148,
    1.4849416374479456,
    -1.5421569850897197,
    0.10224960455800847,
    0.41044422624160515,
    0.109628781313284,
    1.8413096248019625,
    -0.3339226018006872,
    -1.9740204199179223,
    -0.27560401323835604,
    1.437902647475671,
    2.141397226533997,
    3.091668589290551,
    2.284650691308353,
    2.0715021926371406,
    -0.5655444901230899,
    -0.6735914677890399,
    -1.0646075264668067,
    -1.4052285145903212
  ],
  "mood_params": [
    -0.3315307283260173,
    -0.9164922447862356,
    0.1067391326560551,
    -1.0834300525170746,
    0.029667321101958175,
    -1.4691861023608954,
    -2.2061358454095097,
    -0.6695160941882452,
    -0.46585861250646415,
    -1.287645122635895,
    0.8863993444225173,
    -0.802125608391569
  ]
}