{
  "cat_params": [
    -0.44083653993007965,
    2.075554508622877,
    -3.9010121030706557,
    -3.9192961709883827,
    -0.7887773346771904,
    0.5787175912041778,
    0.10377127671294055,
    -1.3479201862509833,
    1.3401447710348435,
    -0.4294145181231518,
    1.1750392043873095,
    3.6308988428664573,
    -0.09471504101911254,
    2.6037024448169093,
    -5.017314044839324,
    -5.109241607148649,
    -2.3072356140025168,
    -2.1683534740576844,
    -1.9682821271192237,
    -1.6101231567835685,
    0.2641246934008096,
    -0.7463530044865485,
    -2.917014371155607,
    -0.2858543754087536,
    4.4494985904300774,
    1.1054549386278782,
    0.9546190317559436,
    -0.3355403122834015,
    -0.5397462335868143,
    -0.6392425359774259
  ],
  "mood_params": [
    -0.6000847199256986,
    -3.929363809777299,
    -2.886183550484498,
    -6.478838695210446,
    -4.956677094266751,
    -5.606650151810496,
    -6.477757956277986,
    -4.393643252248503,
    -4.196099011481912,
    -0.374259025137341,
    3.128535568322954,
    -1.316845986476527
  ]
}