{
  "cat_params": [
    -0.3174562385826411,
    2.1624399147088287,
    -3.8032112406996963,
    -3.9230332023931425,
    -0.6207462614264835,
    0.644092131335392,
    0.3764505591847098,
    -1.30460620747575,
    1.5470600434143322,
    -0.2332164839803202,
    1.344276428837871,
    3.7894277542923156,
    0.08237719917549223,
    2.789331240052502,
    -4.803747743898151,
    -4.998927954692674,
    -2.193689750818615,
    -2.0278918653762372,
    -1.7866458553382856,
    -1.4619743014628073,
    0.44340892528809606,
    -0.538824241037449,
    -2.9106196297390694,
    -0.26044184569997775,
    4.584517243828154,
    1.2839711660172972,
    1.1345721365273524,
    -0.19662346034444247,
    -0.40415073207309693,
    -0.46538939220246217
  ],
  "mood_params": [
    -0.5433695965265831,
    -3.8648004606779462,
    -2.841007048962874,
    -6.4249979303127285,
    -4.907925347492924,
    -5.4891977983423645,
    -6.345169288127036,
    -4.3420494435145205,
    -4.13723562301936,
    -0.2932892346567393,
    3.2135919600216334,
    -1.1993731746654117
  ]
}