{
  "cat_params": [
    -2.9225737716373827,
    -1.9953117670961038,
    -0.03195407179625388,
    0.6317789089663206,
    -3.3529132178416505,
    -1.5828238801553458,
    -2.334626732969632,
    -0.49365336145005223,
    -2.0110909484842345,
    -4.024580242458719,
    -1.582207206730765,
    -0.6724441154109171,
    -2.9454390500232512,
    -2.6679230674504835,
    -4.066965064834699,
    -4.328946349281591,
    -3.031925705603213,
    -0.8554486586831084,
    -3.3921763856286113,
    -1.697969417696774,
    -2.766253208442714,
    -3.3218060094956985,
    3.0937315488382895,
    -0.3712757856436719,
    -0.09042814481382114,
    -2.290032124150592,
    -2.7055726599451244,
    -3.6474981887160047,
    -3.10818222324471,
    -2.9956462041807375
  ],
  "mood_params": [
    -2.7781397992570867,
    -2.7651905257607274,
    -1.7890867664381513,
    -2.70138299575483,
    -1.913519843653737,
    -4.170181374036371,
    -3.1127678961355167,
    -2.351732616798141,
    -3.4381563101189,
    -2.2265059097006765,
    -1.8747815253823619,
    -4.19141957491041
  ]
}