{
  "cat_params": [
    -2.7822637342936587,
    -1.9193273879908253,
    0.04566629448429469,
    0.630511536001003,
    -3.2210547153787585,
    -1.514250630904248,
    -2.0554408480787676,
    -0.4569944390096897,
    -1.813237031424294,
    -3.824836442125058,
    -1.463485279980308,
    -0.5778358290920691,
    -2.7803628561010485,
    -2.5451949580422832,
    -3.8753110765752776,
    -4.2254474442514205,
    -2.931915083082753,
    -0.7306251626020704,
    -3.230544921566517,
    -1.5618491741091713,
    -2.6101166809471863,
    -3.1499709033458867,
    3.074232644076888,
    -0.3475532817244657,
    -0.03017330550116609,
    -2.1595174368759102,
    -2.545056746781116,
    -3.5271420564641467,
    -3.004064103487034,
    -2.8522521540547574
  ],
  "mood_params": [
    -2.730925363370449,
    -2.7041873648289805,
    -1.7427750920266474,
    -2.635306626248634,
    -1.8516299293058287,
    -4.0577955668830725,
    -2.9886452821891254,
    -2.2973465707756686,
    -3.3820858848270747,
    -2.138114841073248,
    -1.8083999818289833,
    -4.093582002475322
  ]
}