{
  "cat_params": [
    -0.8778290148460236,
    -1.2841302464718911,
    2.6718499611141198,
    1.7354000837834047,
    -0.025573276164044766,
    1.7377889573984004,
    -0.6959533760327964,
    0.019138572331092753,
    1.494194752033204,
    -1.4417045109317896,
    0.3420659431216452,
    -0.06437159081156522,
    -1.648943527423229,
    -0.40345895232202306,
    -1.1351333760630604,
    1.1102089381065912,
    -0.030162319389811766,
    -0.032494865732494195,
    -0.19538890677702214,
    -0.9077650398265829,
    0.5036415441456527,
    -1.1167504160190043,
    -0.45050757275545505,
    -0.41455216679424584,
    1.143601167332746,
    0.3309109590186975,
    0.2999536215438923,
    0.8952259299310099,
    -0.8751718080903788,
    -0.45663263928920994
  ],
  "mood_params": [
    -0.8121777978074959,
    -0.022030553004677017,
    0.5936806997444307,
    0.23993370944512485,
    -0.9035205667673768,
    -0.6828109022726941,
    -0.7850032439165996,
    0.811436876796225,
    0.2153615109728352,
    -1.617077480989805,
    0.641297339495237,
    -3.0317573559485873
  ]
}