{
  "cat_params": [
    -0.8448695068373296,
    -1.344773861916406,
    2.5957113413460084,
    1.7496256137525803,
    0.07068754665459268,
    1.6473956948131732,
    -0.7342814806240524,
    0.027457039536621968,
    1.459130822219911,
    -1.5085810990748134,
    0.20730967459397093,
    -0.1192487380094087,
    -1.704712097612999,
    -0.29067306569720663,
    -1.2049476873764207,
    1.0488493941146064,
    0.08241330700203782,
    0.11216098593356348,
    -0.3414645185369498,
    -1.0029886263136092,
    0.5675159664731526,
    -1.0801977932846298,
    -0.3989970925538164,
    -0.32247813468842523,
    1.0270326196386146,
    0.4106759475458038,
    0.30434227923439494,
    1.0644249495430047,
    -0.8073606155783566,
    -0.3302412937089015
  ],
  "mood_params": [
    -0.8993062434585478,
    -0.02747646454429997,
    0.705752320237463,
    0.17690639920154286,
    -0.8856203552747817,
    -0.7504931818366845,
    -0.8466185828060457,
    0.6777383308248103,
    0.25485016070272365,
    -1.7310067583153603,
    0.5496849023350923,
    -3.204817640713326
  ]
}