{
  "cat_params": [
    -3.19832383674875,
    -2.066252143022439,
    -2.713340060573982,
    0.26653782409404864,
    0.37396986592431153,
    -2.8139611016674997,
    -5.901225747029566,
    -4.3131776069614665,
    -2.0039049605203276,
    -3.0419335520289374,
    -2.3426315154165946,
    0.7724652328373092,
    -3.0824329346223753,
    -2.161975528400458,
    -4.0767586331860075,
    0.18059701146371634,
    -1.7410197840988701,
    -5.648586583371915,
    -2.577744031805571,
    -2.902980573499472,
    -2.3646131956919456,
    -1.088845966761999,
    1.0960500577569114,
    -0.6836151295138698,
    -3.4400849468139683,
    -1.1349374293538885,
    -4.273431240604023,
    -2.294511013523815,
    -0.40894484614732357,
    -1.1927797632440709
  ],
  "mood_params": [
    -1.971068831927464,
    -1.10043358152454,
    2.192445263080806,
    0.6265392335968322,
    1.8962167427434957,
    -1.3437539600258201,
    -0.5039627827489707,
    -2.0277379960525472,
    0.8140073608699092,
    -1.5970342886778763,
    -1.1963774743561353,
    -2.4867445156903676
  ]
}