{
  "cat_params": [
    -3.2295145997734527,
    -2.4516122459773686,
    -0.11927131585476071,
    0.2232765278744426,
    -2.100902605773582,
    -0.7088299845598026,
    -2.206488581005273,
    0.17456778065293485,
    -1.6620352146891344,
    -2.920105480032954,
    -2.4310086721241366,
    -1.5722153146949978,
    -2.372300563631027,
    -2.1618721429274235,
    -0.3522074815974285,
    -2.0084882277534817,
    -0.7832047297446204,
    0.47887003450707105,
    -1.0000179898992207,
    -2.0634211491059715,
    -2.2629681411909606,
    -1.6858514009181926,
    -1.379729692403977,
    -0.8363886219721078,
    -0.6463468707108272,
    -1.3959435819614818,
    -2.997996379617815,
    -1.7959305361209206,
    -2.2945607299694295,
    -2.2473425850136497
  ],
  "mood_params": [
    -1.857279963811418,
    -1.5310055228804822,
    -0.7214984816442975,
    -0.419684307412215,
    0.6848797545042772,
    -1.226038441957596,
    -1.011864326063137,
    -1.0805225981658704,
    -0.928960104931827,
    -1.662920714611212,
    -1.9038444441491587,
    -1.524783745686989
  ]
}