{
  "cat_params": [
    -3.183863592817135,
    -2.4745867475695906,
    -0.2388436262741672,
    0.13216810189126293,
    -2.075537272371871,
    -0.6999981462353694,
    -2.333808175168116,
    -0.09515953598502183,
    -1.7979798389667476,
    -2.952575646921871,
    -2.452364770029196,
    -1.6380135561979725,
    -2.438368718931342,
    -2.1370713536365384,
    -0.6212856115729151,
    -2.015194392490044,
    -0.790514041276554,
    0.2302357537319642,
    -1.0285935875852321,
    -2.0304481820964404,
    -2.2944070166543984,
    -1.8411775146852118,
    -1.5005089872726862,
    -0.9387902166351304,
    -0.6305255938139541,
    -1.5207139571787374,
    -2.925977688992426,
    -1.7968838522266606,
    -2.277610628205518,
    -2.208046142132186
  ],
  "mood_params": [
    -1.814305793732595,
    -1.5576050484988542,
    -0.7143775006289329,
    -0.46465466351076046,
    0.6238903189593245,
    -1.2586305308675274,
    -1.0187787594036697,
    -1.0652060657182232,
    -0.9379266203106618,
    -1.6427439336769392,
    -1.8760992271974721,
    -1.6131323457976172
  ]
}