{
  "cat_params": [
    -0.3872976475463748,
    -1.6696027858201983,
    5.002699276494836,
    1.3368085372735594,
    -1.7375818538145962,
    0.5316013572475082,
    -1.4236979156775929,
    -0.28429694139390405,
    2.5628213132730315,
    -2.975731812416042,
    -1.4709336238436648,
    -1.5937420014407528,
    -3.57621454237847,
    -3.218748203366275,
    -2.1332818532656472,
    -1.449371038721224,
    -3.032051374546021,
    2.765398878647106,
    -1.6139278553401661,
    -2.470185651788816,
    -2.1624887490684235,
    -2.486001289418011,
    -3.2349456701151644,
    1.1971814786772434,
    0.31149806625912935,
    -0.9956968039865716,
    -2.0257585514258234,
    -3.1714892218536983,
    -3.0593326460552763,
    -1.4982129977708363
  ],
  "mood_params": [
    -1.9491220976209649,
    -2.1950145549401188,
    -1.161805221118479,
    -2.5304495156526428,
    -2.6586268649728324,
    -3.266510386133172,
    -3.2961329469972527,
    -1.498135618891645,
    -1.1006459495667458,
    -1.9784372820442178,
    -1.564253125782345,
    -4.525594905428059
  ]
}