{
  "cat_params": [
    -0.5216106694159807,
    -1.760882021426837,
    4.925677092672329,
    1.338027752470187,
    -1.9115769956122322,
    0.45995686938599767,
    -1.7437132155119757,
    -0.3271586769074507,
    2.3411628067591344,
    -3.204888518307171,
    -1.6164482479458446,
    -1.6957463721668298,
    -3.77390542693614,
    -3.363845067282918,
    -2.3512314095228914,
    -1.6123376548386108,
    -3.1531075950695437,
    2.624874001206176,
    -1.8115844306410602,
    -2.63718508944376,
    -2.351192378725824,
    -2.6993109947154634,
    -3.2422267499672612,
    1.1784128749888663,
    0.2343149077170206,
    -1.1667062027925392,
    -2.2184045518367976,
    -3.3171225479497743,
    -3.187591081179286,
    -1.6809062101170205
  ],
  "mood_params": [
    -2.008053638627797,
    -2.2710433669997587,
    -1.2230188535472997,
    -2.612763003595635,
    -2.7295780348957255,
    -3.410780554261306,
    -3.444866552660171,
    -1.5688846788153115,
    -1.188618426408885,
    -2.0794875999590077,
    -1.644960103261138,
    -4.643604355548357
  ]
}