{
  "cat_params": [
    -1.6891143806506104,
    -1.0321683780324487,
    -0.4493813877288322,
    -2.4234071521869205,
    -0.7386135591619497,
    4.003418543783941,
    -1.768031644789024,
    -3.4525936630525376,
    1.8215923204907503,
    -0.578192162708599,
    -2.3919813204673406,
    -1.87139042015989,
    -1.411081847567727,
    -0.05653581895907465,
    1.0708213914237101,
    0.5752828660007849,
    -2.2501717942001638,
    -2.385784168499499,
    -1.2618214609961613,
    -1.3031267609484818,
    -1.1086422829212657,
    -2.1349323675042546,
    -0.35442433266227613,
    -0.6556529588406119,
    9.590843299806647,
    -1.931227729003279,
    -0.7300637306009035,
    -1.9010386251413218,
    -0.3037449709043109,
    -1.0100922523012263
  ],
  "mood_params": [
    -0.3236845534116811,
    1.1332997327933587,
    1.004256899932352,
    1.5277610424622978,
    0.2566458742561802,
    -0.20358322487147804,
    0.8576729399677565,
    0.7475166497329189,
    -0.8372403657503908,
    -0.2197405452622121,
    1.2103378641865175,
    -1.5120071484304447
  ]
}