{
  "cat_params": [
    -1.8338163886111343,
    -1.120780865281875,
    -0.5406080968932677,
    -2.4203464597463276,
    -0.914004747013952,
    3.949579153938568,
    -2.082393337071164,
    -3.5055780169942437,
    1.605399447521257,
    -0.7857874255201942,
    -2.519949120439779,
    -1.9658686842481425,
    -1.5989427868842647,
    -0.22421381418354472,
    0.8742009879834409,
    0.3963031844391176,
    -2.369309805419057,
    -2.5335914693272255,
    -1.4533673611759812,
    -1.4567355786473122,
    -1.2930828916039783,
    -2.342662713301394,
    -0.3491924572356924,
    -0.684557101267036,
    9.378227160530217,
    -2.0872589418361662,
    -0.9171347288888247,
    -2.043716307709638,
    -0.44669162090957115,
    -1.1891777908902392
  ],
  "mood_params": [
    -0.383581865119731,
    1.0500723126136977,
    0.931589378337702,
    1.426834727919325,
    0.168940506741853,
    -0.36149948866756143,
    0.7084360691706877,
    0.6690600447051286,
    -0.9238403789317111,
    -0.3038889109615984,
    1.1261430352155966,
    -1.6343592491994554
  ]
}