{
  "cat_params": [
    5.99236581654577,
    3.7428996327709623,
    0.36281594082627205,
    -0.04675413574892145,
    4.18453204307274,
    -1.6749998790983287,
    5.740246869116398,
    -0.9093595947185213,
    2.993215547634677,
    3.695515015370927,
    5.436496787868749,
    3.3521483711646383,
    4.94384144648957,
    3.016656615234251,
    2.104292332580743,
    3.0934051087657695,
    2.982466819894009,
    -0.03535352958888247,
    5.461012807360385,
    2.8644672607278996,
    4.454987767443999,
    7.440304114518623,
    1.9247082007735006,
    -0.7500163845300486,
    -1.890663824095111,
    4.7300717116297015,
    6.300889127181247,
    3.849283452678905,
    4.526498803964499,
    3.803374758039116
  ],
  "mood_params": [
    2.3557205911041454,
    2.222422847367748,
    0.30409303324261083,
    0.7780488702399531,
    0.26139772352658086,
    4.226413561292776,
    3.5509283529913107,
    0.697071343039622,
    2.1863670811439406,
    2.0715492092040626,
    0.4115121094535495,
    2.7878987108702606
  ]
}