{
  "cat_params": [
    6.053484723380244,
    3.8382410185209777,
    0.4543174992777421,
    -0.04867555679327636,
    4.40621035269589,
    -1.5939903305019059,
    5.962480449328308,
    -0.8643848253940617,
    3.212837156513476,
    3.8834826246170735,
    5.674837736745007,
    3.51682070009144,
    5.128216768695365,
    3.2197494612885267,
    2.3024991129718018,
    3.308244015383085,
    3.1233433381441627,
    0.11149327264302544,
    5.673163803560604,
    2.9924973820370178,
    4.658547679541348,
    7.716856212999875,
    1.9092168122199435,
    -0.719852935496039,
    -1.8455346588488122,
    4.957459684617181,
    6.500186868544737,
    4.007154882616961,
    4.710535924979296,
    4.018705404023473
  ],
  "mood_params": [
    2.4229626714502426,
    2.311993396021611,
    0.3750841218400675,
    0.8787315393051731,
    0.35277224277091374,
    4.4189443231262375,
    3.70927489949956,
    0.7783025927310917,
    2.2985539421167447,
    2.1397933627854164,
    0.4969332446748401,
    2.927652235404307
  ]
}