{
  "cat_params": [
    -4.11949655991361,
    -2.113458753231788,
    2.3462430100099687,
    2.6480479071128347,
    -2.106864883520493,
    0.9585614118736219,
    -2.815498126140756,
    1.758558600605172,
    -1.71981802431884,
    -0.6077686331804778,
    -1.240977968761642,
    -2.0221971981173206,
    -2.340855727028582,
    -2.795494691100747,
    0.19365570409562952,
    0.701303459877731,
    1.681229831631988,
    -0.8028945810245314,
    -2.398390830912766,
    -0.178168900598082,
    -1.1116526959501547,
    -3.6142353957013587,
    1.8075686872988328,
    3.5919467280862247,
    -2.2074121840442724,
    0.46170309613882426,
    -3.1988761034283963,
    -0.19382426322293567,
    -1.8797394230926505,
    -2.046488054834127
  ],
  "mood_params": [
    -2.306700613536767,
    0.6498607269623171,
    3.4624291589102327,
    5.7688061399108195,
    7.918329463647711,
    0.892076037018444,
    3.024966837299504,
    1.419226526016839,
    2.9439466829289653,
    2.4271551308571815,
    0.7634200671451822,
    -0.7128479341229991
  ]
}