{
  "cat_params": [
    -4.229689063017659,
    -2.306123262807448,
    2.3530130332106434,
    2.567669256696965,
    -2.2994324909619377,
    0.8732669798958577,
    -2.9423509881466208,
    1.6149112672988637,
    -1.2014656943981572,
    -0.8364176236017956,
    -1.5610490988657548,
    -2.2495351898248,
    -2.6624984633620836,
    -2.9566197785753863,
    0.06040319318425794,
    0.3186254346875275,
    1.3234113938526757,
    -0.8527059599575326,
    -2.60170576134551,
    -0.4162540534802336,
    -1.3659992140397226,
    -3.716375045488511,
    1.6845733293475575,
    3.653156559109381,
    -2.2687620791142615,
    0.26459250477697044,
    -3.3756930098681948,
    -0.46427703029183975,
    -2.1651615390352315,
    -2.1480122332593856
  ],
  "mood_params": [
    -2.439112476655957,
    0.3972431181192976,
    3.167043975465169,
    5.372423260397286,
    7.5030916800336,
    0.4679236914627645,
    2.675311789761401,
    1.1803197920365638,
    2.5598786824257687,
    2.2609624167699547,
    0.5961162246446026,
    -0.939090607592768
  ]
}