{
  "cat_params": [
    5.334760527008502,
    2.880938999523808,
    -2.5279029905239696,
    -3.1252728671049024,
    1.8276654771120238,
    -0.4434220917355186,
    1.8361592295104654,
    0.01632819101433034,
    -0.005373857139240004,
    2.6339025447913795,
    2.2412518665692867,
    -1.4440544713313102,
    2.6090314922272086,
    4.817609634349487,
    0.23420492775616356,
    -0.41273074762027306,
    0.22734580026281473,
    1.1363225175056386,
    1.7934672109874283,
    -0.28867483755303,
    2.5955397554761164,
    1.5310437623025308,
    -2.109567609965548,
    -2.0063723144375056,
    2.626293581971068,
    -1.5316229419875744,
    4.6250610760648,
    1.8017790470931665,
    2.567667387270916,
    2.7736896864706178
  ],
  "mood_params": [
    5.528330822579345,
    0.7824266568140082,
    -2.064723062332507,
    -2.068075797425571,
    -3.174348712111497,
    2.625783755825906,
    -1.183086460414516,
    1.9524920942731763,
    1.2538178578494248,
    -0.9466614824417344,
    -0.6664523209996059,
    2.094444264194451
  ]
}