{
  "cat_params": [
    5.383865724306321,
    2.709819454684222,
    -2.7966540987918456,
    -3.2655641334148124,
    1.5094399346281364,
    -0.5309193576375734,
    1.8562169764400986,
    -0.16448598078055926,
    -0.0547085324595201,
    2.683103779857346,
    2.1374550942505244,
    -1.5930987504252128,
    2.6053885731350603,
    4.5956650461872,
    0.3216842300700838,
    -0.4216870747420096,
    0.10755034246103938,
    0.9359635137275693,
    1.7267372157289103,
    -0.3715394549639987,
    2.275361281642606,
    1.539973004891914,
    -2.012351018806503,
    -2.088652362278313,
    2.449264195781586,
    -1.7040580000379864,
    4.451150419747899,
    1.6646667924662908,
    2.3264524162946074,
    2.444047786197486
  ],
  "mood_params": [
    5.975436056045735,
    0.817168029914058,
    -2.292856776064848,
    -2.139011798292132,
    -3.390306718899798,
    2.628844096464113,
    -1.1970632821853335,
    2.053270126051486,
    1.0760385721047259,
    -0.9447115122981115,
    -0.604677273605278,
    1.962703662327315
  ]
}