{
  "cat_params": [
    0.19467745209720289,
    0.1770735378754053,
    -0.5826309766484125,
    1.3349490332477734,
    -0.8241551310220454,
    -0.668086863332014,
    -1.2058987072586158,
    -0.7230871259348391,
    -0.15949312494027384,
    0.19012510277270667,
    1.0504384401883533,
    -0.6628817127308679,
    1.1705119355867872,
    -0.10198211302938867,
    -1.1344862692535584,
    -0.4064595434184836,
    0.9537396814680835,
    -1.8653862885212995,
    0.8098389983634171,
    -0.10010931088156819,
    0.47672267191519074,
    -0.11206966299175407,
    -0.7561369551845324,
    -1.9772594073001994,
    -0.36234065966637724,
    -0.04147659174174408,
    -0.1881492830696746,
    -0.27638634572526466,
    0.8163999736376926,
    -1.714858002800243
  ],
  "mood_params": [
    1.1611040075102317,
    1.2027102006042294,
    -1.0273207782948914,
    0.06613548029198697,
    -1.2362019432530058,
    1.4859892745822343,
    0.41422685950086263,
    1.2040856354563327,
    -0.21786555359272775,
    1.0850294271344498,
    -0.29619722886798405,
    2.1028625115104997
  ]
}