{
  "cat_params": [
    -0.6927703834381429,
    -2.2742053746414546,
    3.234965458491795,
    -0.48697639575949725,
    -4.207021947963767,
    3.028956303577235,
    -9.174360540440476,
    -1.9268821910135205,
    -0.13185713045706718,
    -7.930605904366478,
    -6.52437359642206,
    -4.252925998624515,
    -8.150907402416061,
    -3.4464504853477953,
    -7.606114431230796,
    -8.723250011239523,
    -10.174817154672953,
    -2.661271412885266,
    -2.7936953722947595,
    -5.350403465458042,
    -4.733648338916973,
    -7.2221112563185335,
    -9.807804902507893,
    -5.207134304750824,
    3.2643510904868127,
    -6.830640802321393,
    -5.208047475346041,
    -8.518815360090436,
    -5.2171698459406,
    -3.912166772611221
  ],
  "mood_params": [
    -2.475850281434428,
    -6.076771822252594,
    -6.119818358392614,
    -9.402786167507657,
    -6.998459613360758,
    -9.454258570573305,
    -10.33868379403544,
    -5.161648978187245,
    -8.146196297448009,
    -7.016394504696118,
    -10.14245037520362,
    -6.45760449677304
  ]
}