{
  "cat_params": [
    -1.675420561073468,
    -2.09296914816165,
    0.7767896334461952,
    0.24127856977870052,
    -0.9238861239323366,
    -1.3857570505981494,
    -3.404619752321819,
    -0.894894204349539,
    0.13227985016844498,
    -3.828687188416231,
    -3.1934665323080464,
    -1.6570712705013897,
    -4.6113675427736585,
    0.08479691579086984,
    -1.7844526386037143,
    0.34771946515378677,
    -2.0100156702291545,
    1.2609720104364557,
    -3.14163097475659,
    -1.8531155682373255,
    -2.038536638105935,
    -2.3505894969824044,
    -3.310928035183538,
    -0.4643234975838797,
    -1.3107252479424087,
    -1.841243177465376,
    -2.6304920616264367,
    -1.0029968381608967,
    -1.8210544124552444,
    -0.8285997618795149
  ],
  "mood_params": [
    -2.149244834141961,
    -2.0228767785475052,
    0.9042080020070865,
    -1.1389172034580373,
    0.12966975248524124,
    -2.2693409254765147,
    -2.0864565576655827,
    -1.9724039404757419,
    -0.2365098480699704,
    -2.28789848738328,
    -1.714101010283,
    -4.552551900065649
  ]
}