{
  "cat_params": [
    -1.824372024561236,
    -2.183936142210508,
    0.6863146367625643,
    0.2430530331754549,
    -1.1041965167577927,
    -1.4658491523845536,
    -3.750859431537897,
    -0.9399801074367633,
    -0.09699503094568872,
    -4.062965830899143,
    -3.316604789867485,
    -1.758299069992917,
    -4.81064194770479,
    -0.09005725389809414,
    -2.00084962563965,
    0.1651591661487422,
    -2.1343628335585145,
    1.1168634058679152,
    -3.3362488656195057,
    -2.0157129933382625,
    -2.227510236643983,
    -2.5647385520225043,
    -3.318545478051743,
    -0.4929680806002849,
    -1.36380180178054,
    -2.004244942164573,
    -2.82266626325651,
    -1.1523269953835704,
    -1.9582022556826097,
    -1.01525432655285
  ],
  "mood_params": [
    -2.2077959781614567,
    -2.0994227950255064,
    0.829850707787986,
    -1.2287284771355134,
    0.03980831733589584,
    -2.419872790799759,
    -2.2368501020254956,
    -2.040969163156509,
    -0.33063804513145023,
    -2.391413998734947,
    -1.7944652693278667,
    -4.6704827059539396
  ]
}