{
  "cat_params": [
    -1.9758022858138768,
    -1.9987095383350146,
    4.5080273034098255,
    4.439790365154012,
    0.11156579917933655,
    0.6449396376958311,
    1.0125352436798145,
    1.8465946540252385,
    1.5586042699002234,
    -1.274940290300213,
    -1.5947421118497933,
    0.2666210354743169,
    -1.3703019611292095,
    -0.9786472396547695,
    0.5402818872298935,
    1.5352966277452589,
    3.9034872886326544,
    1.254705304368235,
    0.5626774406871562,
    1.0816195605011854,
    0.9333385082005279,
    -0.6781646152277353,
    2.8219009861126976,
    1.5096969929759652,
    -1.3501284972409455,
    2.483311437432942,
    -0.8743325745947359,
    3.0239183706836417,
    0.44215267592425844,
    -0.02436759321163606
  ],
  "mood_params": [
    -2.5834993575112133,
    0.21732231432050225,
    3.065079579487266,
    3.781561051485333,
    4.875622145434828,
    1.5023836212953912,
    3.943329167567184,
    -0.6898367345625604,
    3.175284112224082,
    0.07520996439117933,
    1.1021349581043025,
    -1.5869771186908468
  ]
}