{
  "cat_params": [
    -1.8251492804206677,
    -1.9076058349610496,
    4.58637481964136,
    4.4401440155930665,
    0.3013857657638719,
    0.7157726923227506,
    1.2965387648570497,
    1.8815669923490408,
    1.782707351113576,
    -1.0573036098242963,
    -1.4489418055498064,
    0.39298755417088754,
    -1.1762823613980926,
    -0.811869966032274,
    0.7454189208217467,
    1.7329602105469584,
    4.047339062118601,
    1.3984863331541495,
    0.7650659638413464,
    1.22227795266504,
    1.1292114923990912,
    -0.4522486982904377,
    2.8024553588174688,
    1.5265080805816063,
    -1.2968456900387308,
    2.689218333360174,
    -0.6806371422764934,
    3.180380320949444,
    0.596656895049493,
    0.1681838247028339
  ],
  "mood_params": [
    -2.525663717445315,
    0.3008501907992327,
    3.1537481055872525,
    3.8985147675189293,
    4.99850408059545,
    1.6777008227313739,
    4.102214913104142,
    -0.6150212464832798,
    3.2945661197716887,
    0.15923143731262007,
    1.1891392438437398,
    -1.4600241843925432
  ]
}