{
  "cat_params": [
    -1.3921069094332774,
    -0.8116165320917662,
    -3.1665625574071647,
    -2.5019308506143614,
    -2.152921194477737,
    -2.6765202284520724,
    -4.699522022593949,
    -2.678973118055414,
    -3.8672900913231745,
    -2.8377728596378895,
    0.177985668515168,
    -0.5910104042287327,
    -2.997756864776849,
    -1.9467668897655235,
    -3.7211516612307896,
    -2.3581286902680976,
    -2.853730785746205,
    -3.6062650452291938,
    -2.9484264085628866,
    -3.1028293870671653,
    -3.361691103419277,
    -2.6180392629016382,
    -3.410245913992443,
    -0.7641191570578957,
    -1.3954023028930236,
    -2.906455693856551,
    -2.8887772793858435,
    -3.4631448474306445,
    -1.7897700510408163,
    -2.622239818751714
  ],
  "mood_params": [
    -1.297555428597898,
    -1.8001354592252754,
    -0.8495638367392405,
    -2.094483588502832,
    -1.8604601735625335,
    -2.2296849494731377,
    -2.8048760452094568,
    -0.18834458671780002,
    -2.5940774913642413,
    -1.796190683987899,
    -0.9504583138501222,
    -1.5335414799996208
  ]
}