{
  "cat_params": [
    -1.321464696405659,
    -0.7725756492548421,
    -3.1168424759175637,
    -2.5040121009374072,
    -2.088858728533145,
    -2.6332393522359245,
    -4.51085290905843,
    -2.651406191241742,
    -3.757169455672276,
    -2.7309059969886915,
    0.25174310273790457,
    -0.5456579566464547,
    -2.9110000092622825,
    -1.8892435750371452,
    -3.615803452488439,
    -2.306734663874641,
    -2.8067549871160558,
    -3.5348548292996207,
    -2.8681252547568117,
    -3.0173447079937867,
    -3.28603338069098,
    -2.535825872914825,
    -3.398216656471315,
    -0.748586418975812,
    -1.3849166124402212,
    -2.856246021278322,
    -2.80780506533775,
    -3.404276945968651,
    -1.7379255988414415,
    -2.5553373135775463
  ],
  "mood_params": [
    -1.2731561338415414,
    -1.7700763640717738,
    -0.8254403161461001,
    -2.064525111123499,
    -1.8348040173246545,
    -2.1727733261012787,
    -2.743019501140752,
    -0.1558154127430349,
    -2.571370114953726,
    -1.7457648142307418,
    -0.9164658636882922,
    -1.4816823397840693
  ]
}