{
  "cat_params": [
    -3.1099947662054204,
    -1.6054102818207356,
    -3.047259778900676,
    -1.8364865968081319,
    -3.4841681590934,
    -3.383279007439569,
    -5.129375836700508,
    -2.0474978232437255,
    -4.1008991567185,
    -4.657254555635232,
    -2.0237325622990836,
    1.0564541822899092,
    -3.4674751284211434,
    -4.332864762539474,
    -5.843203329143771,
    -2.9074832106304074,
    -3.5765814840229373,
    -4.772930147139364,
    -4.166230481623808,
    -3.0523382598314264,
    -4.487306232376739,
    -3.2645325813491244,
    -0.40040806576676535,
    0.14149791733572692,
    -2.91769509873057,
    -1.6339408481088544,
    -3.0734317008751586,
    -4.394184938822031,
    -3.3762051283486127,
    -4.047963639099885
  ],
  "mood_params": [
    -2.195356332944628,
    -3.300996122493133,
    -1.545043141135819,
    -3.8201202242774146,
    -2.240947977045341,
    -4.538250914864297,
    -3.9782627604812353,
    -2.831008321455625,
    -2.6335945150458033,
    -2.2346795950916647,
    -2.2314400478893024,
    -2.776211518150675
  ]
}