{
  "cat_params": [
    -3.0159839993917794,
    -1.4915601725577539,
    -2.9865932278213023,
    -1.7678142074193322,
    -3.305580203369944,
    -3.3494289066085647,
    -4.838838861479508,
    -2.0255288418969752,
    -4.093458767599325,
    -4.362468647804688,
    -1.8000260220881095,
    1.269878986384453,
    -3.188671718730083,
    -4.167268173591263,
    -5.577451462564569,
    -2.6365348322293496,
    -3.284401209858819,
    -4.670194743027755,
    -3.9482025350316894,
    -2.9383326484958925,
    -4.249084933375622,
    -3.0368227626979185,
    -0.19298710179609344,
    0.18480586496514986,
    -2.9149335705846218,
    -1.3863606912016566,
    -2.902358030253826,
    -4.101880345034553,
    -3.166294676691963,
    -3.908007101750523
  ],
  "mood_params": [
    -2.09719535807381,
    -3.1311424852367074,
    -1.3896286787386531,
    -3.5915401423487565,
    -2.053171312934732,
    -4.254982763456207,
    -3.687559485376825,
    -2.6847088412090714,
    -2.4268735243604764,
    -2.0151570239379346,
    -1.9986103521978962,
    -2.5275747871313508
  ]
}