{
  "cat_params": [
    -2.2770924742417082,
    -0.9816499671947302,
    3.945543787301758,
    4.909653002984439,
    -1.1320636683537735,
    2.4959016863559187,
    -0.3003049831713516,
    0.5844563451858725,
    1.3114066658052648,
    -1.7307003656940547,
    0.46609207792154067,
    -1.3900444526821758,
    -2.3112716524282564,
    -0.8472088044573104,
    1.840458841918768,
    -0.23913488992890586,
    0.6414520938458732,
    -0.426251608240676,
    1.6368109200946577,
    2.016503056442524,
    -0.661397102608406,
    -1.1674706583382022,
    1.9895045383520213,
    -0.8049939243513793,
    -0.04467647181301069,
    0.5280873253457938,
    -1.9321210329410294,
    -0.4331681783185095,
    -2.057715200762656,
    -1.16826028373443
  ],
  "mood_params": [
    -0.2905614084040398,
    2.5836927158661944,
    -1.4539247512535245,
    3.3262670520658717,
    -0.2462322979639231,
    -0.24323422397486424,
    1.9424439173782473,
    2.5337060659723565,
    -0.8858178141762615,
    2.5966750693068525,
    2.7253167040928643,
    -1.092261516381565
  ]
}