{
  "cat_params": [
    -2.1285226014248897,
    -0.893736958210011,
    4.021731736976786,
    4.91032570609668,
    -0.9600152831198353,
    2.555479423871116,
    -0.011802601353085144,
    0.6222352772646529,
    1.526533953268816,
    -1.5192846480574185,
    0.6319150560373838,
    -1.2894837642232513,
    -2.1239856773868,
    -0.6867157097837783,
    2.030999491570411,
    -0.06872581315143764,
    0.7691788707369055,
    -0.28472396856401583,
    1.832771688738003,
    2.144225080163496,
    -0.4772571968029963,
    -0.9544045907522665,
    1.974025943511178,
    -0.7756010927209537,
    0.025162837294042784,
    0.7075452400249517,
    -1.7475267443528562,
    -0.2890511034183725,
    -1.9277284929529106,
    -0.9907199152543046
  ],
  "mood_params": [
    -0.23103070320978594,
    2.670823864759575,
    -1.3971289197244035,
    3.436647376079578,
    -0.1621381294585356,
    -0.08600742995625382,
    2.09204669820827,
    2.62011252028266,
    -0.799781146653846,
    2.657166745203776,
    2.812445428924425,
    -0.9694635137810815
  ]
}