{
  "cat_params": [
    2.990773262410078,
    3.0086855177450187,
    0.8589092110614537,
    1.3159555299276704,
    -0.9916521924843499,
    1.2439044700676576,
    1.4527173306714949,
    -0.10147192128096308,
    2.2942037996555613,
    1.7693740551395778,
    3.6254059526331806,
    -0.9197793491290365,
    2.2613133437792317,
    1.8664023612821643,
    3.299777309463859,
    0.3997129395530512,
    0.4872594116231694,
    -0.4653844577526188,
    3.775122760635263,
    2.6010983296005525,
    0.789676769662402,
    2.186764591072547,
    0.9083395005215887,
    -2.7245310029382863,
    0.0628391730883144,
    0.6997451281294376,
    1.8414811547678986,
    -0.14726625875679697,
    0.7104031476201333,
    -0.8172589057440119
  ],
  "mood_params": [
    3.862022154877816,
    3.426110249501123,
    -2.5919013041643844,
    0.6390092447001959,
    -1.8957221394601496,
    2.664625137101785,
    1.9340980839770252,
    3.2769531953904503,
    -0.26232284984883103,
    1.663722210237884,
    0.16288278522891028,
    3.3987745412965595
  ]
}