{
  "cat_params": [
    3.4547624554364345,
    3.1364070685895795,
    1.0200310825705665,
    1.2016513616233013,
    -0.687531977654467,
    1.1581269922480772,
    1.58163292863071,
    -0.14187244916637703,
    2.666918128353458,
    1.7340026678153457,
    3.5758946314419817,
    -0.6938418238834206,
    2.3414484924320336,
    2.200458478544539,
    3.1291576788800732,
    0.32266709039694186,
    0.3208521797653587,
    -0.28270731210310496,
    3.600487319085839,
    2.5056126697063186,
    1.0721269509341873,
    2.3977663938250737,
    0.8333026930264159,
    -2.7095950438409253,
    -0.0737209897483764,
    0.8908511630729937,
    2.0453739100001043,
    -0.04354445440605321,
    1.027837487103885,
    -0.5188729596332305
  ],
  "mood_params": [
    3.7664961089708133,
    3.3261020044777565,
    -2.6613165767915223,
    0.32416123569822064,
    -2.0965719444040105,
    2.4529234224052674,
    1.6717640142607872,
    3.072592756037758,
    -0.4114865383830643,
    1.4445962797478742,
    -0.08471107982927394,
    3.165425298856465
  ]
}