{
  "cat_params": [
    3.799214953208627,
    2.583720227436304,
    0.4269334137057257,
    1.9163956237877307,
    3.4598126534177207,
    0.4982326803772747,
    2.9201051040581603,
    0.4939073299201651,
    -0.8328887801757905,
    2.4249228045824887,
    4.737057658589586,
    1.5888198028815956,
    4.041282558529849,
    4.811529028842432,
    3.729461839320609,
    3.7614284426022624,
    4.041608775609814,
    -0.18053272985709362,
    6.509598090581588,
    1.2050998015183039,
    3.5672033785788333,
    5.264221823912881,
    1.8603481586235002,
    0.21994837261212882,
    1.2198691424121018,
    1.3251446723896942,
    3.0901689440711695,
    3.1405607530302126,
    3.5209832373995207,
    3.945034553283413
  ],
  "mood_params": [
    5.7771214812504414,
    4.821249388245942,
    0.8541847521509572,
    3.084778698515246,
    1.3349995153450542,
    7.036280990756271,
    3.751678409196621,
    4.982985330422147,
    3.9382601621829014,
    1.5498914573738445,
    -0.041610619425494176,
    4.1796069152600115
  ]
}