{
  "cat_params": [
    3.7146616977991664,
    2.4908589878250664,
    0.3369069402270277,
    1.9172892060313826,
    3.2486306837819385,
    0.4276847364409105,
    2.662657124083718,
    0.454583299529269,
    -1.0613275246554308,
    2.2317479527903528,
    4.513665798224777,
    1.4498324265771905,
    3.8584753253754442,
    4.597024024649453,
    3.541109875872806,
    3.544653201782604,
    3.8999742553848704,
    -0.3256025201277239,
    6.299159533651079,
    1.0668295950269542,
    3.369271304224753,
    5.0067166687310225,
    1.8755048923080868,
    0.1958061660687523,
    1.1304068702163732,
    1.1351888584994356,
    2.8967961606086394,
    2.9867053560921115,
    3.348010632346879,
    3.733359400944527
  ],
  "mood_params": [
    5.70455654272782,
    4.72552827650007,
    0.7812988032260392,
    2.9738222001388883,
    1.2384591200405795,
    6.830084382714728,
    3.5958496007651046,
    4.8836981014824365,
    3.816003182346177,
    1.478381642845019,
    -0.12438339746416294,
    4.038406350523155
  ]
}