{
  "cat_params": [
    1.967287112297502,
    1.4011023549183668,
    -0.2587467589484459,
    -0.25241231437639294,
    0.4561725047429871,
    1.0796849894959852,
    2.190523699819384,
    -1.2947558083852715,
    0.5329060378460756,
    3.7211574163159677,
    0.4666034818750815,
    1.6409444081815012,
    2.874225295093303,
    0.5692390085151541,
    3.638526055854657,
    5.300081374168709,
    0.9576682684108013,
    -0.08860419720278495,
    3.8083927791745182,
    1.556038141973655,
    1.9437565947926525,
    1.4500224793035428,
    2.514199675593289,
    -0.5846392713598024,
    0.9280981321243331,
    1.4106864874652374,
    5.265954088499922,
    1.1041631670673382,
    1.7490495098034917,
    -0.8919937418572257
  ],
  "mood_params": [
    1.0116553823298107,
    2.8615037020133562,
    1.8835956723327203,
    4.658747250541953,
    2.214960023430764,
    5.009032939420954,
    6.332862921040018,
    1.962385449218719,
    2.1331073961098186,
    2.651874237244918,
    5.52520582996265,
    4.796931233109074
  ]
}