{
  "cat_params": [
    2.073633703686736,
    1.4947153414066252,
    -0.1652727891335958,
    -0.25443802215131106,
    0.6486879512264082,
    1.14861101878072,
    2.4591362066627314,
    -1.2483822861472342,
    0.7602132192375675,
    3.908971963885997,
    0.6395338926325771,
    1.784372700955051,
    3.061761766998497,
    0.7500858941629749,
    3.829934526040631,
    5.5392448896795665,
    1.0920038978357829,
    0.05836915312015206,
    4.017250073071245,
    1.693336131370301,
    2.1418350828354376,
    1.6892122378562349,
    2.496110194338023,
    -0.5554530148356971,
    1.0157465826201801,
    1.6063381107353816,
    5.464443767594475,
    1.2573467427153788,
    1.9130035783696833,
    -0.7046056427102634
  ],
  "mood_params": [
    1.0763377732410255,
    2.953000216988802,
    1.9646996530866325,
    4.7804529825433875,
    2.3196740975544015,
    5.206509192394524,
    6.495032131419765,
    2.0494699733996002,
    2.244912136783376,
    2.7155320093722,
    5.62234935009936,
    4.9425630506711595
  ]
}