{
  "cat_params": [
    -0.24157347811540872,
    -0.3231486462785193,
    3.3967486327922622,
    6.093636456376686,
    0.014621186203280442,
    2.441368785011026,
    0.07023654946336559,
    2.8206898724646288,
    -0.3485354849660387,
    -0.30733698060274234,
    -1.639765987214111,
    0.17145997670288182,
    0.0911323168264595,
    -1.16345190220705,
    0.7527509531609842,
    0.9664911196298301,
    2.3204780979380444,
    3.117014169282742,
    0.39125147098929014,
    0.5078452622417061,
    1.3484135613754715,
    -0.9828456585508769,
    1.5392525727376118,
    -0.7362325780807025,
    -1.6350976022168142,
    1.750126426913419,
    -0.19002436198433303,
    1.7220360478822472,
    0.9400787891671513,
    -0.7286888759546734
  ],
  "mood_params": [
    -2.7253666745755982,
    -0.032971770336517076,
    2.572647504972157,
    1.6022255519331154,
    3.159630944920023,
    0.2871233308847069,
    2.1403958709105355,
    -1.3233857645407383,
    1.6848662269231207,
    0.9266368850890279,
    0.262287889670368,
    -0.9247650005757774
  ]
}