{
  "cat_params": [
    -0.37204692089372493,
    -0.4138660092237503,
    3.316176305698405,
    6.092412884801991,
    -0.16982198150034436,
    2.379382027938996,
    -0.22493933717611997,
    2.7898414029648446,
    -0.5754564540070889,
    -0.5169188587948087,
    -1.7803204500605565,
    0.04985288737073596,
    -0.0977176398515102,
    -1.3241361386684296,
    0.551150243598077,
    0.7801890884115337,
    2.1843855980140177,
    2.9797995353688123,
    0.19298263762799278,
    0.3646010287847824,
    1.1553140324188895,
    -1.2016283776036336,
    1.552987862385412,
    -0.7660583205976793,
    -1.682134424011687,
    1.5561458800232684,
    -0.38083801621587576,
    1.5705989422525566,
    0.7856340983534641,
    -0.9127148359083125
  ],
  "mood_params": [
    -2.7817699268471943,
    -0.11410791018643236,
    2.48882895747069,
    1.499257273259343,
    3.0507158746768286,
    0.12330786592423958,
    1.9867780920243452,
    -1.3936343935192979,
    1.578661420563922,
    0.850162173330463,
    0.17882006263946754,
    -1.0510740904056353
  ]
}