{
  "cat_params": [
    -1.9662536200337775,
    -1.210578695425503,
    -0.4605990437289972,
    -2.936422983283416,
    0.04433166993941414,
    -0.47815276500949383,
    2.6700391564244947,
    5.659611806386997,
    -2.5892283767334376,
    2.3011735619844043,
    -2.1388535310330954,
    2.066443578565681,
    2.2914302174117376,
    -2.5537004738673317,
    -2.545674185719549,
    -2.581304761951476,
    -0.42408459115475716,
    2.9155391311390217,
    -3.2207241588122177,
    -1.781193608133328,
    0.5224379148321685,
    0.18733134888202793,
    -3.5304896264589747,
    6.43523240504791,
    -0.49634892412210513,
    0.6543483258280399,
    0.8880163296141941,
    -0.8463560126467828,
    -0.44630269012158397,
    0.48267522202082364
  ],
  "mood_params": [
    -2.441162831590293,
    -4.059606008652635,
    -0.40300605410179824,
    -3.984940715148658,
    -1.4311166758127105,
    -2.790304038118004,
    -4.395654628311655,
    -3.664941876841909,
    -0.9106045994798592,
    -3.107163867035087,
    -1.9635577669003927,
    -1.3072632883444817
  ]
}