{
  "cat_params": [
    -2.063603010289371,
    -1.2630968896150447,
    -0.5157287799131652,
    -2.9338396244486766,
    -0.0642545177096848,
    -0.522975651372829,
    2.531507135763101,
    5.656079223301063,
    -2.729953248559505,
    2.1930049661620457,
    -2.2061139124665954,
    1.9709284413288088,
    2.1839571449430606,
    -2.6312086429961274,
    -2.6773558763222605,
    -2.6563731841035403,
    -0.49824765377365277,
    2.8375489191574617,
    -3.330288444705081,
    -1.880143476230682,
    0.4096326744534259,
    0.05411909592620821,
    -3.5420543050780404,
    6.458538894978495,
    -0.530862269507388,
    0.5439748948630696,
    0.7751868274808486,
    -0.9321161696245943,
    -0.5298288357456652,
    0.36922459763973736
  ],
  "mood_params": [
    -2.4726858060630015,
    -4.095111489902929,
    -0.44005122556815923,
    -4.018864818115495,
    -1.4727846124758055,
    -2.867919408829205,
    -4.478105584025032,
    -3.692895892521706,
    -0.9594355126707821,
    -3.181157950568397,
    -2.007728629883092,
    -1.3792049997937037
  ]
}