{
  "cat_params": [
    3.6978496578678266,
    2.465887810230748,
    4.338717468305417,
    3.10705027849043,
    1.1647173936512178,
    0.1673048122196792,
    6.092026880997574,
    -0.7225462440437838,
    2.838005359393072,
    2.912442860054502,
    2.2511357817103423,
    -0.7171365743383346,
    3.14408638740993,
    1.2097046946339842,
    3.959097108478749,
    0.8703883752583357,
    3.270794179686033,
    3.9542543075036516,
    5.57947603957045,
    4.872406191030682,
    3.690528488940373,
    3.791227195802199,
    3.8485491719283518,
    -0.7293995358326346,
    -1.7327412567887095,
    2.415287189190291,
    3.6800660666708196,
    3.553945342883629,
    1.7656012546234536,
    2.2343374522445676
  ],
  "mood_params": [
    -0.1893652786472117,
    1.4059813107994037,
    -0.0004463983622326533,
    1.270879773023816,
    1.8850568890578852,
    3.0299029860062183,
    4.102314958787598,
    -0.11941688624832382,
    0.9789837804620267,
    3.1769313405804147,
    -0.29794953756806464,
    3.714269187139831
  ]
}