{
  "cat_params": [
    3.783675900817502,
    2.559511945599626,
    4.416826905603517,
    3.106743993557988,
    1.3611938320239974,
    0.23961659820995804,
    6.307176930082295,
    -0.6785982385605723,
    3.056195701083339,
    3.103327119276799,
    2.446157307753251,
    -0.6040128634862403,
    3.3296045626613395,
    1.3949030437949943,
    4.147348410971857,
    1.059210056065783,
    3.4115038291140887,
    4.09039180352523,
    5.790178862088357,
    4.984972483731174,
    3.89079768232391,
    4.043093481167971,
    3.8246374010448916,
    -0.699573240950293,
    -1.6858462446712004,
    2.6190192980788303,
    3.875690883833866,
    3.7100463083640407,
    1.9284088141392461,
    2.438718069793495
  ],
  "mood_params": [
    -0.1274953196355077,
    1.4923978804051439,
    0.06801706700728238,
    1.3734249993041827,
    1.9867685608987846,
    3.2134851471408035,
    4.260134900152227,
    -0.0426154535293305,
    1.0817005239279371,
    3.2357314255764833,
    -0.21486167768235806,
    3.8556319651057693
  ]
}