{
  "cat_params": [
    0.07190047856949061,
    -0.4992312173553181,
    2.500221605701703,
    1.6415248845425505,
    -1.8013831034962116,
    3.86109033776822,
    3.1281866675991887,
    8.126771724048877,
    -0.8647907071791737,
    2.978422916607654,
    0.6069326421550467,
    1.3649156625248413,
    3.627927678189527,
    -4.096015616436427,
    -0.7917639359893968,
    -4.094451930651157,
    -0.9937686399933486,
    4.911731108167423,
    -2.0569097587446974,
    0.945487057623612,
    -1.8042551523937573,
    -0.037710136217563216,
    2.825870163205374,
    0.7202114462479843,
    1.308415453036957,
    1.182455522293952,
    0.8341773463740757,
    -1.5650093547002473,
    -1.6847403485458639,
    -2.183023720275971
  ],
  "mood_params": [
    -0.1716428638060023,
    -1.7263889783773234,
    -4.202346697937532,
    -4.8400548284431775,
    -6.432472348533764,
    -4.81168851672333,
    -4.626901453157325,
    -2.8280515327741855,
    -4.363747837194597,
    -1.4275739364211892,
    2.550695027837326,
    -2.1374454999454437
  ]
}