{
  "cat_params": [
    -0.05719413992437665,
    -0.5913736265020092,
    2.4152330036076415,
    1.6425896601451988,
    -1.9748830713696996,
    3.804115114327767,
    2.8684313669254786,
    8.114548229681546,
    -1.097190020845849,
    2.7850204879481626,
    0.4344257342095162,
    1.2266309356728022,
    3.441257295891173,
    -4.233210328660505,
    -1.0037426637132103,
    -4.228579222262114,
    -1.1213881066668874,
    4.776319054219834,
    -2.253685218991839,
    0.8028541134156932,
    -1.9937390182436168,
    -0.2661955696580804,
    2.8454194444763425,
    0.6986077344812904,
    1.2164178770498588,
    0.9908182225179825,
    0.639300091621687,
    -1.7133813967917328,
    -1.8228667693751268,
    -2.3616656737702577
  ],
  "mood_params": [
    -0.2339530701127036,
    -1.803825820817246,
    -4.244216868096461,
    -4.909923815015436,
    -6.4778292475419486,
    -4.946255782839314,
    -4.773808955442844,
    -2.8926768020702998,
    -4.4284754313930765,
    -1.5242360315771446,
    2.460576715713398,
    -2.2624221279149075
  ]
}