{
  "cat_params": [
    1.4732840071825608,
    0.8478948588028906,
    1.614807749302084,
    1.212178550112553,
    0.9140955148034825,
    2.1905950462547126,
    3.0936964504897024,
    -0.7394280413918487,
    1.0805806462676248,
    2.232170479101217,
    -0.44423488453813265,
    0.13115910731868885,
    1.5146692756251323,
    1.2698913917100907,
    4.618220202769473,
    3.5264744595155837,
    0.8328319817482146,
    1.2566895777707126,
    4.462247016138834,
    1.0963002858699216,
    2.657534551882245,
    0.6792122089870688,
    3.339501956477584,
    -0.7789098593202372,
    1.4017447179509537,
    0.8222517729118404,
    4.103384437170203,
    1.014955999947241,
    1.455030888786862,
    -0.8266371120999361
  ],
  "mood_params": [
    0.38130089791366034,
    3.5253493255636195,
    0.16725887506654544,
    3.837277826889187,
    1.202180299443813,
    3.6967669088727595,
    5.943327331665248,
    2.9048811867611155,
    0.3570224201398432,
    1.6282839612081028,
    4.967103539971636,
    2.52239494922461
  ]
}