{
  "cat_params": [
    1.5841065199975606,
    0.940324809752295,
    1.7015609975697512,
    1.2109113990540568,
    1.108611613386733,
    2.25403160049168,
    3.348021201493747,
    -0.6954187652931259,
    1.3042608724681883,
    2.427115342128385,
    -0.28468809303252446,
    0.2548141309304572,
    1.7026762367364887,
    1.4556368117414247,
    4.8035508790305075,
    3.7445746784575458,
    0.9656660626734171,
    1.399237728949698,
    4.670723180534942,
    1.2356135004417963,
    2.8555489636763887,
    0.9116683615943679,
    3.3178337326372644,
    -0.7487910141789905,
    1.4959215173710743,
    1.0107530105188312,
    4.299339775177712,
    1.166721121877926,
    1.6155927904038077,
    -0.6404726207473121
  ],
  "mood_params": [
    0.4442576555222264,
    3.6181529295951207,
    0.23679608688148043,
    3.953726104249135,
    1.2992290691886823,
    3.884563084781784,
    6.103677013148711,
    2.9956728584829526,
    0.4552768003572102,
    1.699323200602918,
    5.062260753664647,
    2.6602703839317976
  ]
}