{
  "cat_params": [
    -2.7098329864217385,
    -0.9861106326122225,
    -1.5903305805360208,
    -0.8593687591554597,
    -2.569579527462149,
    -1.217550295233095,
    -3.6052082855671705,
    -2.246828181546389,
    -1.856535383138376,
    -2.005941245110953,
    -1.9123457966895387,
    -1.6412439863932362,
    -2.295143251320367,
    -1.5903888046024555,
    -1.9078149231213608,
    -3.0591796734732397,
    -2.5978308267568027,
    -1.2900352841071607,
    -3.6523781466786804,
    -1.0332050466043174,
    -1.7527057708330789,
    -3.649085462955207,
    -2.685309138423008,
    -0.7950734703782383,
    -0.5867154598186008,
    -3.186115425305459,
    -2.9765096141874103,
    -2.7010915153929167,
    -1.9441355739560389,
    -3.4310609897203856
  ],
  "mood_params": [
    -0.7644357900211342,
    -1.3805950403385812,
    1.1927993814842737,
    -1.644486859000955,
    -1.2892191849280505,
    -2.5897574749433976,
    -3.0213187799840044,
    -1.5194781573862692,
    -2.240614399687577,
    1.2455422355830965,
    -1.567583232389044,
    1.355723045682875
  ]
}