{
  "cat_params": [
    -2.8156325354541334,
    -1.0387943766985899,
    -1.6490567180235096,
    -0.8578381151288351,
    -2.6578786412459228,
    -1.2656308640655973,
    -3.8268149973085444,
    -2.2791608404126587,
    -1.994964279194888,
    -2.1399737601443314,
    -1.9825486009142272,
    -1.691293834793611,
    -2.4096326127138195,
    -1.6765741852910783,
    -2.036657629438893,
    -3.129037824102454,
    -2.6649944523642994,
    -1.3780436840362855,
    -3.761083849356748,
    -1.1268189648219529,
    -1.8605557265509836,
    -3.7585176934640163,
    -2.693132324422631,
    -0.81474389136953,
    -0.6198859380810697,
    -3.2601182567575173,
    -3.086324104587016,
    -2.783689731849414,
    -2.016909008748466,
    -3.52135841577857
  ],
  "mood_params": [
    -0.7991459181690739,
    -1.4241498663561085,
    1.1456019386318168,
    -1.691021679937514,
    -1.3318494722861167,
    -2.6686321720797106,
    -3.1056556229292287,
    -1.5573112717969029,
    -2.2799709161892756,
    1.2062221671822126,
    -1.6126597322634155,
    1.2760123481909587
  ]
}