{
  "cat_params": [
    -1.4703120407515635,
    -1.89796270345994,
    5.181812914388809,
    0.04370929743419603,
    1.569123067293019,
    -0.9118896024206719,
    -2.6211664276991113,
    1.1215162546820618,
    1.1306764743556796,
    -3.6289909377796508,
    -1.8348660603468943,
    1.6282296211635803,
    -3.258837781121119,
    1.0193533692440238,
    -3.4052448841458096,
    -4.770337624431473,
    -4.54239618601733,
    -1.2990589405896253,
    -3.0740015074705416,
    -3.3031955946072764,
    2.3938894283766707,
    -1.6014539945050479,
    -4.212143849020713,
    -0.44766117927093896,
    0.8520741095738293,
    -0.5905074866026115,
    -4.014505653488445,
    -2.7317802572947825,
    0.040748937066421,
    2.9457695794889522
  ],
  "mood_params": [
    -3.0245966552540566,
    -4.5138053828051214,
    -1.027408776812253,
    -4.326290578859045,
    -2.6042222152963728,
    -6.137551080692399,
    -6.364700988424816,
    -4.9445737577843,
    -3.84153085934415,
    -4.13919321413166,
    -5.043852973855926,
    -5.393237757536285
  ]
}