{
  "cat_params": [
    -1.5811309908859714,
    -1.783733049543888,
    5.091708564023741,
    0.2207084147735336,
    1.576302717652031,
    -0.949803587369446,
    -2.996599246868053,
    1.0766994386813125,
    0.3404954068701095,
    -3.6232714644305637,
    -2.765516798681897,
    0.9555022967978402,
    -3.294713226974226,
    1.1525120384558225,
    -3.5855749619211967,
    -4.44300347794007,
    -4.275192167868407,
    -1.5445327786280436,
    -2.8159484543861306,
    -3.2826585025038115,
    2.404153468723415,
    -2.1915144323382028,
    -4.152223446050759,
    -0.5043376040595109,
    0.9987838021613443,
    -1.995992200344959,
    -3.817971869773267,
    -2.4771846966160784,
    0.16873854017591816,
    2.4880189717135086
  ],
  "mood_params": [
    -2.7831167745094523,
    -4.285694213085123,
    -0.6693346867400115,
    -3.9557736114081807,
    -2.151860414631433,
    -5.6013175570375395,
    -5.923846635756555,
    -4.6578123316041875,
    -3.4746119919298897,
    -3.9524417253768003,
    -4.827277920495959,
    -5.127360769829904
  ]
}