{
  "cat_params": [
    1.1565977065790785,
    -1.1250406245272864,
    0.636317817845426,
    1.7373396434275308,
    -1.9577402047443517,
    2.7205885794736058,
    2.621990108991777,
    4.12836745278298,
    -1.0627762845509612,
    2.045118463873077,
    -0.07849560954745499,
    -0.31203358899625533,
    1.5588192435413695,
    -1.1253473126373545,
    3.257142828657386,
    0.5048167982984292,
    2.991625869807852,
    2.0796265385806882,
    0.012622844086126534,
    0.35396932291008226,
    -0.8977169334803411,
    2.5082116898599374,
    2.3508832581118724,
    2.311514900812667,
    0.021890916782366373,
    3.007400496099927,
    0.0025359922714864986,
    2.8242243497201573,
    -0.41355160573927535,
    -1.1789269328738652
  ],
  "mood_params": [
    1.8985917658483564,
    3.463285870684851,
    -0.18858485064765784,
    5.619020030192792,
    1.6360874149860698,
    2.777952316559549,
    3.744633275112352,
    4.1367008301259265,
    1.364680692132877,
    3.9458279822952775,
    3.2219907449072904,
    0.2551920818513771
  ]
}