{
  "cat_params": [
    1.2698945766521947,
    -1.0348481548730737,
    0.7253941676800445,
    1.7363548109760059,
    -1.7872819582677315,
    2.7810786223473096,
    2.8799694240645697,
    4.154357890092284,
    -0.8343330144012027,
    2.239407322986421,
    0.08445717691442697,
    -0.19491920161759912,
    1.745138991384504,
    -0.9628561723026876,
    3.4467530724087125,
    0.6880833487975387,
    3.130326070566681,
    2.218980397774668,
    0.21053221704072786,
    0.49728886289005725,
    -0.7090986858346158,
    2.750133271844668,
    2.3336313676430005,
    2.323155651204718,
    0.09463190965057489,
    3.215256360530632,
    0.19364897936892883,
    2.9778022771110204,
    -0.2677779316896191,
    -0.9964852242922551
  ],
  "mood_params": [
    1.9639084787898735,
    3.5552030250040607,
    -0.12190865949914016,
    5.744306464835836,
    1.7353429448231088,
    2.9585428844342263,
    3.9006665275962646,
    4.2325324901671815,
    1.4693502588463967,
    3.997837259050682,
    3.312434589676169,
    0.38532321798867164
  ]
}