{
  "cat_params": [
    -2.3551829870939605,
    -2.158128005478052,
    -0.6223207962460827,
    0.1734943119174575,
    -1.597512167236563,
    -1.9948457376802036,
    -2.7696870295111315,
    -2.1172287190914436,
    2.5764363121096494,
    -2.8002472308433934,
    0.11992819847893223,
    -1.3988948397116805,
    -3.370167823797211,
    1.5504053689091861,
    -0.9195840282711301,
    1.7719506856998701,
    0.8037751358632645,
    -0.9097981360548002,
    -1.8751860060126384,
    -0.2883597685295754,
    -1.3342584490984264,
    -1.843444922980906,
    0.3422404650525217,
    -0.6900788895076613,
    -1.6365060154122113,
    -0.6222147564006443,
    -2.647302687228005,
    0.4843177678461013,
    -1.50495631820139,
    -1.1624054622690252
  ],
  "mood_params": [
    -0.8605075161487927,
    1.2124406155813023,
    0.7971160995047573,
    2.7864680288946033,
    2.1308959987977905,
    0.3291050077579042,
    1.467585650560104,
    0.3869225791667012,
    1.5988378861339037,
    1.3313297460434443,
    1.370126232436768,
    -3.220492765234044
  ]
}