{
  "cat_params": [
    -2.2625739068847146,
    -1.887799691296952,
    -0.566395505126047,
    0.3427276492682292,
    -1.4691826236447303,
    -2.037124315259603,
    -2.6245034270530843,
    -1.8820417382156336,
    1.7853165992689837,
    -2.5904476308310924,
    0.2586496971103143,
    -1.3967446090167628,
    -3.0748124963905568,
    1.511656095804801,
    -0.7405961940984728,
    1.7230170994938225,
    1.054306210063651,
    -0.8709600597938364,
    -1.602395725553496,
    -0.0957628089985557,
    -1.1458131041941444,
    -1.8482017630873193,
    0.3723790260464285,
    -0.6844391682461819,
    -1.5955790056982284,
    -0.7545363366619233,
    -2.4791388202117566,
    0.6251024011467354,
    -1.3156582045036633,
    -1.0948187787045858
  ],
  "mood_params": [
    -0.7104900290296896,
    1.4808040939906364,
    0.9861625489690233,
    3.1117724895574024,
    2.3363989338015694,
    0.6829187432082846,
    1.701942422103278,
    0.6463864854947818,
    1.7964508339369358,
    1.5308129131261479,
    0.8798002128822475,
    -2.883761001200784
  ]
}