{
  "cat_params": [
    -4.808572092498536,
    -3.794146326293807,
    1.3384560272646995,
    0.12739910324203757,
    -2.863557687349913,
    0.20633182395258523,
    -3.8519180058442304,
    -0.7247988301880004,
    -2.4614346861054206,
    -2.4733240516657364,
    -3.424899491337744,
    -3.0181912458998372,
    -4.073481258274564,
    -2.7006863960243335,
    -0.7499907880669879,
    -2.0210796041445898,
    -0.7269439249971743,
    -2.799174906592702,
    -0.8552819206635885,
    -1.3207962480787592,
    -2.6304451741280683,
    -3.66132565169905,
    -1.25531624149835,
    2.277865603800188,
    -0.317505403507688,
    -2.4283877459898684,
    -4.230525210499499,
    -1.3355697489730503,
    -2.4500118911764193,
    -4.029623218491513
  ],
  "mood_params": [
    -2.4452406567180334,
    -1.6650654452602145,
    0.8800594738435867,
    0.5611683243071368,
    3.2407265930029734,
    -2.232693516326532,
    0.3306475234603504,
    -1.3459556252059381,
    -0.35599468096811443,
    -1.9420732207961682,
    -1.0580003334652994,
    -1.3860664057127505
  ]
}