{
  "cat_params": [
    -4.726504040534427,
    -3.677401007550158,
    1.23455154003076,
    0.1823765152873509,
    -2.7873523231252193,
    0.2608978967447667,
    -3.6905809439867876,
    -0.7820631780048661,
    -2.6235604248756155,
    -2.337376425109624,
    -3.3136128055964282,
    -3.059957849795691,
    -3.9065125444540305,
    -2.8530774373448606,
    -0.7141650743702029,
    -1.8477126473411527,
    -0.5869289190644588,
    -2.8054511195925786,
    -0.6961148762323227,
    -1.1594248081254028,
    -2.5928718706062317,
    -3.710674722310061,
    -1.3087182112981008,
    2.2175204748241617,
    -0.22471245292023825,
    -2.536799703202307,
    -4.005492212959183,
    -1.2628447877978743,
    -2.3948095675916568,
    -3.902721782238464
  ],
  "mood_params": [
    -2.3598988851742657,
    -1.6269751349864927,
    0.996414643289064,
    0.6721147557398754,
    3.377822715787696,
    -2.004819754824629,
    0.5366588470569603,
    -1.2569423548550227,
    -0.18368575849064397,
    -1.717358636636888,
    -0.9190724268601657,
    -1.1448697226038749
  ]
}