{
  "cat_params": [
    -3.1168408012758904,
    -3.82451814480732,
    5.267819715114967,
    3.9066402612233504,
    -3.0601944977479985,
    3.4351507017334817,
    -2.711755473632505,
    2.848896659835073,
    1.5989468824123467,
    -2.964410872806927,
    -3.093179515061009,
    -3.1768304638042726,
    -4.6328435443598295,
    -3.387179474814512,
    0.5317375186052796,
    -1.5229142633183905,
    -1.8514095765842662,
    2.76701800434253,
    -3.073388171231103,
    0.2522902137409576,
    -2.8616279231024904,
    -4.857675027922729,
    0.5948297350842874,
    1.3416439879883666,
    1.9195125846288534,
    -1.9165236341137797,
    -2.402112940740919,
    -2.56635405509103,
    -3.5817475610006175,
    -3.0535911813106567
  ],
  "mood_params": [
    -2.601890580712138,
    -0.5526575958834962,
    0.32978448227168045,
    2.3463256940796313,
    2.814996039718498,
    -1.1759526194497478,
    -0.7189618754223536,
    1.3430557018764784,
    -0.8839571833110932,
    -0.8116389037819796,
    -0.23136357123523818,
    -3.117877271725573
  ]
}