{
  "cat_params": [
    -3.375925870969135,
    -3.9658358400555778,
    5.045749601808054,
    3.783740465592092,
    -3.3423076714542517,
    3.3189941880156013,
    -3.0907927479666353,
    2.645016308496531,
    1.2626121535864732,
    -3.206164770349335,
    -3.274265546128741,
    -3.33451494498925,
    -4.920622096531341,
    -3.6022026321967946,
    0.3106437661709143,
    -1.8205431109931918,
    -2.1631971384021655,
    2.5011282263767556,
    -2.47626699512179,
    0.09889901181852247,
    -3.1733880733586024,
    -5.1097511402465345,
    0.4866648738021116,
    1.1942358483808824,
    1.7456974478025598,
    -2.2510869160051787,
    -2.580977975279272,
    -2.869181297950312,
    -3.821714278400778,
    -3.324751431782094
  ],
  "mood_params": [
    -2.721837714038326,
    -0.7750183004539044,
    0.15768104194627514,
    2.034805659293525,
    2.569635177185277,
    -1.4971929307583884,
    -1.0285607569968114,
    1.129675762308714,
    -1.1164858034490248,
    -1.007886655032475,
    -0.4607908146619361,
    -3.3141529883778427
  ]
}