{
  "cat_params": [
    2.2532150331625735,
    1.0365866566452349,
    -2.8169030681537,
    -3.741356324003771,
    0.9955196256876667,
    -1.398631628418153,
    2.1991377862203696,
    -0.10445072134897343,
    3.6787557133758613,
    2.9795911949587697,
    0.47240219437612646,
    3.6324224927784816,
    3.15328190666202,
    -1.6356190014379708,
    -2.9978332571194777,
    0.7967503291587883,
    0.0660412277221347,
    -3.5124098304557676,
    0.23902272279115788,
    0.7379311840323088,
    -1.3596032327685588,
    3.3836289055728663,
    0.7920766497451853,
    -0.9877335455714815,
    -1.6642905119239881,
    1.9598861048211158,
    2.4262959735264547,
    0.44546567278974847,
    0.7576283901116836,
    1.33268850961585
  ],
  "mood_params": [
    2.2260534859538192,
    0.21237397188899876,
    -1.1640184405721343,
    -2.120327731022016,
    -1.3235691177168982,
    -1.066220931204596,
    -0.5578224445936516,
    -0.7462315820050527,
    0.4417889785218775,
    -1.596743304602894,
    1.6323353084698244,
    -1.1098020899358483
  ]
}