{
  "cat_params": [
    2.385009518979679,
    1.216238203386445,
    -2.8305652142290585,
    -3.6937730556208357,
    1.2673803147857432,
    -1.4305367439180452,
    2.4632551594769914,
    -0.04335769913051389,
    3.7186600036718085,
    3.300567530248219,
    0.799404682582784,
    3.9171699265433872,
    3.513391375422111,
    -1.3851449363084876,
    -2.688523043665426,
    1.1523708162637187,
    0.41755369283788213,
    -3.3610095240031392,
    0.5753723380598575,
    0.9709570877755503,
    -1.0597532158655443,
    3.769342991294168,
    0.9682788908567597,
    -0.9718688568208669,
    -1.762337542763688,
    2.2721303843902456,
    2.6737768089497695,
    0.7685948097474598,
    1.0555998328685783,
    1.5566214171567918
  ],
  "mood_params": [
    2.375588713719871,
    0.45247403482271703,
    -0.9997762514058963,
    -1.8628366554428464,
    -1.1159766485344071,
    -0.7165705403549444,
    -0.206186200582034,
    -0.5656222161541113,
    0.7056270149022648,
    -1.3653969306787888,
    1.9162898819833525,
    -0.834615286282956
  ]
}