{
  "cat_params": [
    4.439540475810609,
    1.6276702235568232,
    1.4426183300302664,
    0.6321378762243829,
    1.6772233361525577,
    1.5907817151121464,
    3.9898989511466554,
    0.6818482492212485,
    2.0238671910424855,
    3.9599109538383903,
    2.936775559225004,
    -0.32764940317866764,
    4.589927121490498,
    4.062252606903476,
    5.272456103497849,
    3.20981247269343,
    1.6651924288799411,
    2.011882257214108,
    4.228193921586519,
    1.3199253363608716,
    2.9915075339646857,
    3.8186435042937696,
    0.4874278656080292,
    -1.811235573920158,
    0.9330626877582622,
    0.4913996511095101,
    4.60478467475861,
    0.9009458971273787,
    4.132141410803398,
    1.805903678549844
  ],
  "mood_params": [
    3.998302028862862,
    3.367524307094264,
    0.1945856137791504,
    1.590236267815523,
    0.4435086699527586,
    5.289903913599029,
    2.8825508433938856,
    2.865982337009678,
    2.3524324860359527,
    1.882130332447312,
    -0.6786091535472979,
    5.439352334564105
  ]
}