{
  "cat_params": [
    4.483155116483829,
    1.7955523533900746,
    1.3573524919713615,
    0.6978610196458059,
    1.9371734040426376,
    1.5432922431206182,
    4.326470393902687,
    0.7673229883083725,
    2.097426546689913,
    4.215490591000749,
    3.2392291168603142,
    -0.27845291305010683,
    4.896417783796508,
    4.371007940853642,
    5.572371019748864,
    3.5401660202138707,
    1.9933129642363907,
    2.131635780710746,
    4.5036428721455435,
    1.5619821974863093,
    3.3014810953381124,
    4.024697728629136,
    0.6362037622236797,
    -1.7460091717260797,
    0.8780833527746073,
    0.6638729742814733,
    4.858068398981577,
    1.218175179234047,
    4.40676494106346,
    2.031615355573143
  ],
  "mood_params": [
    4.102154613884734,
    3.5775650067610214,
    0.3817344631059236,
    1.8439218180999526,
    0.6482286872665304,
    5.647729596975416,
    3.209055284021597,
    3.040977433958145,
    2.6069456554539134,
    2.0744904232839025,
    -0.45747061027864616,
    5.7420770484455135
  ]
}