{
  "cat_params": [
    -5.227528074244043,
    -3.569964062423523,
    -1.5184833940693285,
    -0.3867388576823119,
    -3.566959851823932,
    -3.538412946576154,
    -7.466510691414237,
    -1.517295883633286,
    -6.4890393259622385,
    -6.358228141446063,
    -4.923406326693462,
    -2.8601316884810686,
    -5.520530865767667,
    -4.2693099639504535,
    -6.570193931706453,
    -4.539935083683664,
    -5.112950714590168,
    -3.3630109115949502,
    -6.038094603059517,
    -6.705890649889203,
    -5.506544755425574,
    -5.608823004614083,
    -0.7426294262361989,
    0.47099460305428076,
    -1.6272758405389305,
    -4.925891394223549,
    -5.815166675534675,
    -5.309029519938136,
    -3.9576753106497575,
    -3.850396028794531
  ],
  "mood_params": [
    -2.9402607602958217,
    -4.839570346676053,
    -1.0951083394127417,
    -4.040371382234543,
    -1.3343309179125207,
    -5.014499823070912,
    -4.9725403385623625,
    -3.9260150719221847,
    -2.9895963481251,
    -4.078839375774033,
    -5.724756508636385,
    -3.455368226307484
  ]
}