{
  "cat_params": [
    -5.370792213540283,
    -3.6270464763884207,
    -1.5833149245135902,
    -0.38531849920048833,
    -3.6602943519528695,
    -3.601760877671709,
    -7.759758811818552,
    -1.549821465954586,
    -6.657637326205339,
    -6.532794440710264,
    -4.965712824059649,
    -2.903518096318726,
    -5.653053469001007,
    -4.343228183970811,
    -6.733993512683038,
    -4.605831124562797,
    -5.180930627186201,
    -3.465982652333827,
    -6.155743444653799,
    -6.850151628415122,
    -5.619399358585882,
    -5.721694321313004,
    -0.7413729236176646,
    0.457085726124787,
    -1.649927706264918,
    -4.995714278803698,
    -5.936002453973838,
    -5.397474661511019,
    -4.026230952520345,
    -3.9512667082519437
  ],
  "mood_params": [
    -2.9751035248163227,
    -4.878362920610588,
    -1.132425673792678,
    -4.080535375779887,
    -1.382719110150882,
    -5.089377819990699,
    -5.064643653536907,
    -3.9580583750151783,
    -3.0301468146214416,
    -4.166386155003981,
    -5.766068838912338,
    -3.5299847904702957
  ]
}