{
  "cat_params": [
    -0.5567921331098652,
    2.6487389125925147,
    -3.2469718629665696,
    -2.3176795963718346,
    0.035158383940052114,
    -2.3456025667423295,
    -2.9406156806576518,
    -2.869613076475269,
    -2.0552543613680436,
    -1.824521483617499,
    -1.068243544666936,
    -2.1650386080769732,
    -1.4822119125043387,
    3.4573521057654912,
    -1.668173574407573,
    -1.202825593899162,
    -0.7863426363775256,
    -2.889784466304236,
    -1.5447597506885493,
    -2.4215142248727095,
    0.23865593626009682,
    -1.7893298891327298,
    -2.919507703733281,
    -3.0830758491941106,
    -0.9081207327664157,
    -2.102171440248795,
    -1.3967301312327824,
    0.16546836396671594,
    0.8283501641346243,
    0.08528820135020432
  ],
  "mood_params": [
    -0.013426372315933997,
    -0.8664785809248172,
    -1.2196498328326233,
    -1.5281730449628825,
    -1.2024413142430275,
    -0.2267224937738311,
    -0.6828098457483293,
    -0.6308950470432318,
    -0.6089772126301137,
    -1.255714976846033,
    -2.004691369936347,
    -0.1378769487160819
  ]
}