{
  "cat_params": [
    -0.6362250122945694,
    2.5947267881155196,
    -3.3096129835956525,
    -2.3154375639568876,
    -0.0706158563350878,
    -2.3975715780250755,
    -3.1490214802192713,
    -2.903602848064713,
    -2.1909481742188706,
    -1.954375806519114,
    -1.1470049716032216,
    -2.2068885740405997,
    -1.5926476607886808,
    3.3282432448177284,
    -1.7929023193248665,
    -1.290310182132481,
    -0.8574268052846631,
    -2.979453050822903,
    -1.6547211826065735,
    -2.5228482392035123,
    0.12929625658641614,
    -1.9069462030729305,
    -2.9284705633092574,
    -3.115967744341628,
    -0.93545439781267,
    -2.183801810368908,
    -1.5049377637414052,
    0.08019128540105853,
    0.7378695373921779,
    -0.02301119626386334
  ],
  "mood_params": [
    -0.04864836079782661,
    -0.9103702532120491,
    -1.250496717670193,
    -1.5739319352477046,
    -1.2443593168928269,
    -0.31802687891788867,
    -0.768115197548563,
    -0.6716846560302837,
    -0.6585561105228185,
    -1.313713426758736,
    -2.047536013277734,
    -0.21131205084040505
  ]
}