{
  "cat_params": [
    3.6419791053697863,
    1.6699711873130185,
    -0.4073225250727742,
    1.1792285740162676,
    0.6302138722366043,
    2.5833364215514196,
    3.7102919343889984,
    1.1586765258555474,
    -0.14337102992458095,
    5.568853135430182,
    4.541076992355486,
    0.37389882118989287,
    5.48725868234852,
    2.5655738881491272,
    7.019005498103665,
    3.2719900073046864,
    2.8948082412860687,
    0.4275674885561542,
    9.059543738985802,
    5.444806329341339,
    2.253090130869946,
    4.565559650249712,
    2.9665665538164383,
    -1.9218260911695066,
    2.437329395189642,
    1.2048144675875883,
    2.211264989973597,
    2.002766938858929,
    2.3756322701948043,
    0.7138927113101168
  ],
  "mood_params": [
    5.645027010559443,
    6.172914364223798,
    -1.0429364127575502,
    2.6771301349728245,
    -1.1776737432067577,
    5.986836395600304,
    4.697618267923859,
    6.022933481834778,
    1.3877994261703022,
    4.206692012163019,
    2.401840689480151,
    9.518268679507013
  ]
}