{
  "cat_params": [
    3.72843313622374,
    1.7630078842573658,
    -0.3141524298275494,
    1.1779447144305328,
    0.8225094764160967,
    2.6450502023245326,
    3.956560553873722,
    1.1957968414519027,
    0.08413260520968976,
    5.743881055377947,
    4.766237251289903,
    0.5005673787630484,
    5.66919787586905,
    2.7630964979154644,
    7.193698106040494,
    3.4872849961063843,
    3.03430330952969,
    0.5720860153627403,
    9.277182400839049,
    5.553318196090049,
    2.450221736094063,
    4.822255570371001,
    2.9465419852099113,
    -1.884953898120552,
    2.5471273506262953,
    1.396973353417705,
    2.40574298855742,
    2.156218949984223,
    2.5428508138847277,
    0.9092250297983501
  ],
  "mood_params": [
    5.718008210457485,
    6.273696803893359,
    -0.9811475732030542,
    2.787293497724035,
    -1.096875386160897,
    6.18910386965675,
    4.856256217187938,
    6.128149094510306,
    1.4934492841819356,
    4.257353769466717,
    2.4911174183052354,
    9.676613566708655
  ]
}