{
  "cat_params": [
    5.59558871588539,
    5.025032199902805,
    -3.115771182419801,
    -2.4672603776848305,
    8.389268276396752,
    -1.3565319717294033,
    2.992090102776675,
    -0.3028103034816564,
    -0.09446793081150665,
    3.9148421565648093,
    2.2422529808330887,
    0.10424948790622622,
    4.331688130088307,
    8.294046993975467,
    2.316688190547537,
    4.796481937259816,
    3.264918283643012,
    0.8551006464308869,
    2.5231537526490597,
    -0.5597890612808453,
    5.632551365218854,
    5.046153651658603,
    -0.9276862356943928,
    -1.7152384521564779,
    0.2159445596465767,
    0.022426858648740878,
    5.739646560599377,
    4.520452807141481,
    7.8630558495991645,
    8.33519477897781
  ],
  "mood_params": [
    2.1777276465248567,
    1.0713753805441362,
    3.645243461116283,
    -0.34947335109088756,
    1.0461650751019167,
    6.689524000999007,
    2.5515903204245847,
    0.26548940654385184,
    4.939473325406317,
    -0.6974729960533058,
    -1.2529158466090642,
    6.973301472907236
  ]
}