{
  "cat_params": [
    5.660091066859318,
    5.12054515089021,
    -3.0140063389523624,
    -2.4703933269267377,
    8.642254444175592,
    -1.2775358236123928,
    3.2477423920481083,
    -0.2603856831511143,
    0.13288293967553805,
    4.099743008976284,
    2.4371575971659483,
    0.22757043741576344,
    4.515392352114941,
    8.543638930019352,
    2.5122171360348733,
    5.028581688290988,
    3.4056089516357355,
    0.99860315771307,
    2.7277652682815585,
    -0.40874543090687904,
    5.837059535493279,
    5.305847113054533,
    -0.9305474861135968,
    -1.6795869594185429,
    0.29223429518439475,
    0.20328104070854597,
    5.936879468342773,
    4.6782042817767735,
    8.069952602999189,
    8.575882129769134
  ],
  "mood_params": [
    2.244105588268642,
    1.1567835648290103,
    3.737048747811295,
    -0.2557061287595158,
    1.1421485224625356,
    6.89623186514019,
    2.707279406837483,
    0.3440713949157154,
    5.070605247240297,
    -0.6080530078366239,
    -1.1720171054441244,
    7.124199958509324
  ]
}