{
  "cat_params": [
    -0.7926059569880273,
    -0.7277262983040358,
    -3.3114277765172493,
    -2.6451569036381497,
    0.6342526709064228,
    -1.3633420252822626,
    -0.8164663948766008,
    -2.6002707718626468,
    -0.8939040570305622,
    0.6884008778861127,
    -1.1893066637981062,
    -0.04822988831941109,
    0.25988516560352154,
    1.0907113498669587,
    1.4951814334414746,
    2.066584068534488,
    -1.0070902063140903,
    -1.7794069175301612,
    0.8141020060923642,
    0.013086156593537948,
    -0.9728662548526612,
    0.9499100620660483,
    -0.19740572268293619,
    -2.1800534814110715,
    -0.5352717491848542,
    -0.8812649675917232,
    -1.1106496378098514,
    -1.0729001181511204,
    0.36688432133238774,
    -0.023233586898309698
  ],
  "mood_params": [
    1.297838684087088,
    1.3678714386021011,
    0.4137528448082476,
    1.342706664573708,
    1.190748057468959,
    1.3801371636296147,
    1.4001498379770139,
    0.8923139417031754,
    0.2650316855627038,
    0.41215670029839313,
    1.0860618995765006,
    0.25882705122664595
  ]
}