{
  "cat_params": [
    -0.8306577529154369,
    -0.8381090679537334,
    -3.4028754600170354,
    -2.6682623590598786,
    0.7979731782706877,
    -1.4070223600639375,
    -0.9377523279255029,
    -2.654362977036491,
    -0.7516228879366061,
    0.5554111695755125,
    -1.3710024116361736,
    -0.16108217266261698,
    0.1319903669950322,
    1.0539218788082307,
    1.291787199256904,
    1.894879606723275,
    -1.1460285587183816,
    -1.9351697164646766,
    0.7450918441748248,
    -0.06942267500191637,
    -1.050304437163976,
    0.949713450411398,
    -0.322772545039948,
    -2.138441739069902,
    -0.5267602629392856,
    -0.9616395133929432,
    -1.175623687577624,
    -1.1702322468830946,
    0.3764722659071307,
    0.09711780777505426
  ],
  "mood_params": [
    1.2012408883957437,
    1.2260685653832089,
    0.3947366396913129,
    1.145582559875094,
    1.1563478624831978,
    1.1823007490957531,
    1.1525775709921062,
    0.6800585002613365,
    0.1900435184367244,
    0.21816356969842204,
    0.8211159014325781,
    0.03794004481846859
  ]
}