{
  "cat_params": [
    -2.422121508645051,
    -2.5672468941630897,
    -1.2056708976709178,
    -4.322756667444619,
    -3.7438395973831016,
    0.24856376111267162,
    -6.038673042596971,
    -2.4106134695429557,
    -0.4671986692740966,
    -5.8653968356246375,
    -4.715273254748885,
    -2.9559890635241355,
    -6.344747571241871,
    -3.4643616006025697,
    -5.359684074992744,
    -7.002202031186083,
    -8.142022755812214,
    -2.870419417158362,
    -6.201016846862594,
    -5.122747861432323,
    -5.4741022597757425,
    -5.466399580536892,
    -7.332527488166466,
    -1.8676627071793193,
    2.5585863685583905,
    -4.385949885780637,
    -5.230323629923679,
    -6.408634339831332,
    -4.986493267682021,
    -1.595457151049207
  ],
  "mood_params": [
    -3.554998216669646,
    -6.614764629048061,
    -5.031493567510588,
    -8.007693834633256,
    -6.184506259512802,
    -8.192008070062752,
    -7.275542601496456,
    -5.400893316275356,
    -7.43193838204613,
    -5.151186886407842,
    -6.968846156983944,
    -5.7301083611370585
  ]
}