{
  "cat_params": [
    -2.2767797133573815,
    -2.3705719475186715,
    -1.2040368650531155,
    -4.248261414023368,
    -3.5467514704505976,
    0.07601112257256258,
    -5.69187362553247,
    -2.4044778326679803,
    -0.5630538324463129,
    -5.54984704555929,
    -4.645703618634029,
    -2.848502450418545,
    -5.989571572958175,
    -3.2373603868772283,
    -5.01083487048847,
    -6.681593618967226,
    -7.80908148237718,
    -2.7174276406748437,
    -5.873807107082037,
    -4.820669484373778,
    -5.185372198546397,
    -5.208219073847013,
    -7.123767185462614,
    -1.8558737441473878,
    2.250921535309869,
    -4.351561466675892,
    -4.951958697557775,
    -6.082310939003176,
    -4.716273793684537,
    -1.467486963061269
  ],
  "mood_params": [
    -3.4241509182282823,
    -6.405224517898115,
    -4.830674279787709,
    -7.726068765785369,
    -5.946632281271201,
    -7.8460519197351815,
    -6.905370391705094,
    -5.212552157075576,
    -7.1861756619998385,
    -4.90781033783335,
    -6.72872197144762,
    -5.440311676636577
  ]
}