{
  "cat_params": [
    2.767841706356682,
    2.5852110758660265,
    -0.8346386234875249,
    -2.5826475174805963,
    2.2765248084216787,
    1.1879985640475854,
    0.30591790670084207,
    -0.42524151594886567,
    2.5198203581565566,
    2.0418836938013083,
    1.5976732353859087,
    -1.2711857437645615,
    1.7600997450605627,
    2.4983630050094336,
    1.3972419092260568,
    -1.5702007896328163,
    -2.33017380712689,
    0.6951680919746558,
    1.0722362112828228,
    -1.1964873382176984,
    1.5114962679214081,
    0.47269265308283936,
    -3.2954619914636187,
    -2.0234936970764585,
    2.6921811196139696,
    -1.35943206511804,
    1.5580699432327505,
    -1.1941562991907022,
    1.5438389129444314,
    2.150737270798523
  ],
  "mood_params": [
    1.6537098187785206,
    -0.06224072721715976,
    -2.1293335310781423,
    -3.1196907111818906,
    -3.0136830943793793,
    -0.47495257575412475,
    -2.58191114321207,
    -0.2071187135058476,
    -0.8348577845561983,
    -1.6335775387847784,
    -2.402866033349506,
    1.4063762401730646
  ]
}