{
  "cat_params": [
    2.7894205988427103,
    2.6326570247650385,
    -0.8121652213416386,
    -2.6476738839767986,
    2.39117019697716,
    1.2437062987524716,
    0.43751532103683616,
    -0.5831305653929343,
    2.54451011092352,
    2.087953405050798,
    1.3095129566860453,
    -1.49083248743959,
    1.7283265594324386,
    2.5964354567639627,
    1.3484138250557847,
    -1.4928039257067323,
    -2.2835193966094147,
    0.6218947227609608,
    1.2556935134008087,
    -1.1072297684902324,
    1.6265541922811653,
    0.45015541373707774,
    -3.3541340114501335,
    -2.0036620377495975,
    2.8047802332295397,
    -1.562202235381442,
    1.7416609780111514,
    -1.1184076182774745,
    1.5744364052370694,
    2.2527812310215225
  ],
  "mood_params": [
    1.5321920179320758,
    -0.15460516980147976,
    -2.034640041960728,
    -3.0899543144563633,
    -2.8837397744955937,
    -0.39817804259946704,
    -2.465252121074582,
    -0.2410500202439109,
    -0.7779258521405307,
    -1.6374404344790796,
    -2.394919729399338,
    1.4045901331418593
  ]
}