{
  "cat_params": [
    -0.803750218883929,
    0.5246908694581661,
    -1.1029395617064204,
    -2.0346398632347973,
    0.7352603892667863,
    -1.388602537213776,
    0.25917873524842977,
    -2.175883407925695,
    3.540198864866199,
    -0.6734820278722339,
    -0.48643586116687393,
    0.7327417643852057,
    -0.5266489066249099,
    0.11915210613055635,
    -3.0884752803008864,
    -3.363547762908285,
    -2.6286110490240944,
    -0.9040729853629157,
    -3.8296941816945207,
    -0.21952511765853486,
    1.0755578541454678,
    -0.9603603317004844,
    -4.800682916592712,
    2.4609530956703143,
    -1.1173426792246681,
    0.05280196919869241,
    0.21296819937784367,
    -0.25348657132167673,
    0.0430511369580576,
    1.1653428565768398
  ],
  "mood_params": [
    -2.3376975168693654,
    -2.8189647626141414,
    2.4551392544767614,
    -4.895399212701845,
    -3.0310951153575187,
    -4.945149509967431,
    -5.923976735605873,
    -3.53427106927463,
    -2.5304442890717884,
    -0.6872900976061453,
    -3.0171439931974726,
    1.5563440952674268
  ]
}