{
  "cat_params": [
    -0.6695194200608782,
    0.6153128574243075,
    -1.0091327295843147,
    -2.0375212655029094,
    0.925174581109848,
    -1.3107144464849703,
    0.5454991370950751,
    -2.1273671486533243,
    3.7523140968026527,
    -0.4647534915826039,
    -0.3302719398566954,
    0.8617791587839884,
    -0.338777599664162,
    0.29145976441014715,
    -2.87251374244235,
    -3.2244614981618955,
    -2.5091836214901115,
    -0.758877822676719,
    -3.6411559331857344,
    -0.07340599381889001,
    1.2668332393372026,
    -0.7420319345862388,
    -4.7863557216465615,
    2.4714917897913167,
    -1.0624132673498439,
    0.2308584783044455,
    0.40259081699283533,
    -0.10645241095360386,
    0.19083836916079558,
    1.3600951623623014
  ],
  "mood_params": [
    -2.28098277355164,
    -2.7466855839115687,
    2.5381543529175152,
    -4.827894158484916,
    -2.9644712611438706,
    -4.814773995670513,
    -5.782535558450743,
    -3.4745889524148006,
    -2.454542405838044,
    -0.5993850126940439,
    -2.9417215696936156,
    1.6891620811577839
  ]
}