{
  "cat_params": [
    -2.3444026393909985,
    -1.4448967625147329,
    1.4812075164804748,
    1.6780226792718098,
    2.238082117886399,
    0.8473333376218969,
    -2.0516254522693784,
    3.7076413734477875,
    -1.8389653085658837,
    -0.4489124792353418,
    -1.3302145713049511,
    -1.042396292152842,
    -1.3842373813604016,
    -1.4396751973447899,
    0.41195610722238585,
    3.962711621846264,
    2.06136935427909,
    1.3802121392727085,
    -1.8171123842996846,
    -0.01710036440384482,
    -0.11381211370341611,
    -0.7170146888287268,
    1.0163310456946224,
    2.56233552829005,
    -2.3607659673078683,
    0.6084065052409382,
    -2.8297446701853,
    0.85860374850434,
    0.35912727086803314,
    2.8500396876035112
  ],
  "mood_params": [
    -1.6660614876698454,
    0.9093335502227483,
    6.050415083649743,
    6.737069019870381,
    10.402883951994797,
    2.3882205658244535,
    2.1898094031573807,
    1.2180647989725042,
    5.445333735264594,
    -0.1020298695675045,
    1.3736535514477275,
    -1.6522429740469948
  ]
}