{
  "cat_params": [
    -2.507379278927529,
    -1.4611387968660006,
    1.3573409006293524,
    1.5971097658222007,
    2.019493466920072,
    0.8824292100560629,
    -2.173830672503837,
    3.7018368404907895,
    -2.0057509799867295,
    -0.4886269079169654,
    -1.5031951010140618,
    -1.1957122985654878,
    -1.468060043863115,
    -1.477889304175953,
    0.4683690014478445,
    3.7493034576851594,
    1.8888112959130905,
    1.333160002437027,
    -1.8260421008926153,
    0.03552005944238899,
    -0.27356842422885586,
    -0.7780499811978432,
    1.107601282105549,
    2.5208175477437624,
    -2.3137303059097936,
    0.41958880137763355,
    -2.99009088226226,
    0.7020932083377797,
    0.2025018900853108,
    2.63252689472819
  ],
  "mood_params": [
    -1.6196085726447866,
    0.9324620761342013,
    5.861583836094743,
    6.6525577655181625,
    10.166475556212252,
    2.2339864967425505,
    2.0760443638667136,
    1.3362258849944684,
    5.243471137995332,
    -0.10733991977650108,
    1.3499281096022393,
    -1.7253131512634234
  ]
}