{
  "cat_params": [
    -3.876634837325004,
    -2.9516947013113453,
    -6.314233474776718,
    -3.857300643654445,
    -2.370081970391283,
    -4.807108492133014,
    -8.01319213279084,
    -5.498075599719872,
    -4.689051918232067,
    -6.591399407807699,
    -3.7668106956862024,
    0.054813842342395176,
    -5.9242580986681865,
    -4.1153206459050855,
    -6.751315568960592,
    -2.1525957354722993,
    -5.847328921311623,
    -7.274589275292956,
    -4.830157172471326,
    -5.318913523804811,
    -6.660190141860141,
    -3.3242530674169144,
    -1.2027561896851864,
    -3.3801737141161246,
    -2.1745444235549316,
    -5.838456457845247,
    -5.710066921901968,
    -5.872284166442482,
    -4.077474048944028,
    -3.498532449916716
  ],
  "mood_params": [
    -1.2455419246722996,
    -4.772993049803165,
    -2.1945047915194924,
    -5.825258607810607,
    -3.0700216137568743,
    -5.333305012338582,
    -6.15519690698242,
    -3.704978361923315,
    -4.016027152909942,
    -3.69051618954151,
    -4.266723233828363,
    -3.70532664662234
  ]
}