{
  "cat_params": [
    -3.781533095417941,
    -2.75829204551141,
    -6.691648441352498,
    -4.340691497441086,
    -1.7587069770042303,
    -5.070885732875957,
    -8.054963172369996,
    -5.795074735042683,
    -4.440026645699131,
    -7.03381504407759,
    -3.4296829530251682,
    0.8752461642902624,
    -5.826905716651739,
    -4.25433184227878,
    -6.964454260782858,
    -2.139651858078563,
    -6.123073778564402,
    -7.820751534287532,
    -5.156380116375074,
    -5.272364727449924,
    -6.97882858647394,
    -2.57892232752962,
    -0.8430730113137724,
    -3.6274337106946515,
    -2.397492862868611,
    -5.519687511482948,
    -6.0914610139429275,
    -6.2347596382161505,
    -4.13785035385816,
    -2.8475191289471753
  ],
  "mood_params": [
    -1.1913112260740109,
    -5.072790750233591,
    -2.589677502036472,
    -6.636379037465343,
    -3.8208196031010466,
    -5.813131908205239,
    -6.693265587006739,
    -4.122555856123723,
    -4.432673562874339,
    -3.5949850772033085,
    -4.537362997140401,
    -4.273414473704183
  ]
}