{
  "cat_params": [
    -0.9178718865866349,
    -2.625901461342769,
    2.8615671439121617,
    2.325584242324043,
    -3.145180559189407,
    4.102016325591222,
    -2.7053033363265846,
    1.5232475946073862,
    0.8351763367173093,
    -1.4442878022980699,
    -2.1279759618246485,
    -0.5345717179051339,
    -2.8325518427137886,
    -3.0823142244605304,
    0.34411264056266444,
    -0.16872960390068542,
    -0.5874993050130776,
    -0.53276580108118,
    -2.1475971511420218,
    0.21182289961374992,
    -2.508433998168046,
    -1.9867449014515592,
    0.6185778754442218,
    1.7174142737560845,
    3.02812822550964,
    0.34384255837766786,
    -3.593643460618345,
    -1.3774169398530591,
    -2.8999891703045257,
    -2.587345727947738
  ],
  "mood_params": [
    -1.888210080557272,
    0.22168409904207778,
    1.7613092488606308,
    3.1606028861999365,
    3.826841306121767,
    -0.48347955014108,
    0.034338382131130274,
    0.655328702770217,
    0.5293153979184998,
    0.18514261175256225,
    -0.3079868477334114,
    -2.468172912572592
  ]
}