{
  "cat_params": [
    -0.8591351551068643,
    -2.55627616811928,
    2.7832865582504995,
    2.305975483205124,
    -3.216913741395645,
    4.003366459055746,
    -2.8731318190896604,
    1.4981381747887648,
    0.7307555020146574,
    -1.5358885367464044,
    -1.9679328659243422,
    0.02129082963043873,
    -2.816329357705956,
    -3.157737068523573,
    0.2254332023184282,
    -0.23466024642799116,
    -0.6518229355551594,
    -0.6678164716526991,
    -2.343402977398137,
    0.12347861830729243,
    -2.560879681299418,
    -1.8465979380217692,
    0.743358790956555,
    1.7131689542626591,
    2.8272610084193737,
    0.7250494632469634,
    -3.730774363462115,
    -1.4413728897723952,
    -2.8854902941315546,
    -2.688927270126124
  ],
  "mood_params": [
    -1.8879345808168009,
    0.30454674558070854,
    1.707688821103569,
    3.1133433567045636,
    3.7570129797287812,
    -0.5458577280037659,
    -0.03103073142102441,
    0.6541504155769573,
    0.47911751363908756,
    0.13432159503924462,
    -0.38615445539496146,
    -2.596174884090081
  ]
}