{
  "cat_params": [
    -1.3419456430548375,
    -1.0735623735413171,
    -0.5693051756284796,
    0.24985025310103284,
    -1.885116648142952,
    -1.5177013070399905,
    -2.6483502822874567,
    -1.3496528045580571,
    -2.279854651359981,
    -3.1096559046360954,
    -1.3498147071403397,
    -2.0433810780780983,
    -2.4664269523410742,
    -1.7841173063957927,
    -1.8956571636344721,
    -1.4622531669288172,
    -0.9707210633032253,
    -1.1812781956287683,
    -1.0228342588139416,
    -0.5644102664523832,
    -1.513029216292053,
    -1.9626012944955415,
    -1.7221572526861417,
    -0.7821526398697171,
    -1.099337295992896,
    -1.4347188777539812,
    -1.799814672355976,
    -1.683552043490568,
    -1.689782099236834,
    -2.45274023484686
  ],
  "mood_params": [
    -0.3546619214215003,
    0.4845544026236727,
    -0.5051688202012802,
    0.813082004404836,
    -0.8317830821333341,
    -0.8209968644431498,
    -1.2653780624399955,
    0.4658857041969926,
    -0.49798581620336396,
    1.0930631730018754,
    -0.3646112967984417,
    -1.1458931648383965
  ]
}