{
  "cat_params": [
    -1.2527051356708891,
    -1.0209042905062469,
    -0.5140054249119782,
    0.2488813042093957,
    -1.7907730657362457,
    -1.4685150225954005,
    -2.4421408074428776,
    -1.320693692258256,
    -2.1405358080814905,
    -2.9698352742599763,
    -1.271284266499832,
    -1.9977022773653381,
    -2.3518508427795997,
    -1.698909445852287,
    -1.7674392414623143,
    -1.3740217344860615,
    -0.8980842740226423,
    -1.0937374010472205,
    -0.9086711740213608,
    -0.4747800027965859,
    -1.4044206923492562,
    -1.8419676475813536,
    -1.718613489469,
    -0.7626747964742219,
    -1.0733990456968059,
    -1.3432635636421397,
    -1.68899569404944,
    -1.599075116942927,
    -1.61464329025202,
    -2.356083368933714
  ],
  "mood_params": [
    -0.31910530086900907,
    0.5338613961692779,
    -0.46854056935012744,
    0.8731824066352016,
    -0.7857381798151694,
    -0.7304466781745306,
    -1.1785124890836374,
    0.5130780181840833,
    -0.4458441568826474,
    1.1332775511209217,
    -0.3166738308683735,
    -1.0732687987693037
  ]
}