{
  "cat_params": [
    -1.5144164913002982,
    -0.9469461044028621,
    -1.79978369889287,
    -3.161244093561318,
    -0.30568426189715053,
    -0.7873968844558586,
    -4.208656444778215,
    -3.297394845452429,
    1.126601218137527,
    -5.436515063039958,
    -2.0455627773817833,
    -0.7223477072702662,
    -4.932890794745697,
    -1.8861299103481586,
    -3.8774717583550355,
    -4.941870699793732,
    -5.2871810692901136,
    -2.528236180162596,
    -5.010113771327334,
    -3.5272043899443255,
    -3.6501706132813565,
    -2.3586659589565695,
    -2.813735648494581,
    -2.037608985948215,
    2.2419531128060988,
    -2.3946392140917205,
    -3.3839615765377777,
    -3.60514579218731,
    -2.998171572965314,
    0.23354360204608307
  ],
  "mood_params": [
    -2.1268687090410308,
    -3.594348496554566,
    -3.3797108921189456,
    -5.94067420024812,
    -4.905111780387007,
    -6.492256786564757,
    -5.833271426148394,
    -3.9994969980482824,
    -5.068515025413662,
    -3.685657781867688,
    -3.557935541912291,
    -3.8310710098053886
  ]
}