{
  "cat_params": [
    -1.6336438005848533,
    -1.0188945549642248,
    -1.8785033487017733,
    -3.1581523952099753,
    -0.450536988364706,
    -0.8489663750580617,
    -4.500873991393281,
    -3.3422512623634493,
    0.9497607707731592,
    -5.6350811818484425,
    -2.148265186917717,
    -0.8089389640387954,
    -5.0913837730472284,
    -2.0058501263071085,
    -4.058425216972049,
    -5.028373504587235,
    -5.372886425251687,
    -2.649783351144036,
    -5.157885290893005,
    -3.6696701047901916,
    -3.794104544868205,
    -2.5236546593570424,
    -2.8206636174869986,
    -2.070047253591115,
    2.1516617081867193,
    -2.513656479125018,
    -3.53384388175945,
    -3.7176086931478225,
    -3.094613830045388,
    0.08173628455879517
  ],
  "mood_params": [
    -2.1720131628492196,
    -3.6484319673999677,
    -3.412083797322219,
    -5.984011065524985,
    -4.9417211541325505,
    -6.580889162456854,
    -5.945616460319985,
    -4.042055816301233,
    -5.10764932902583,
    -3.781994614389592,
    -3.6159852690583905,
    -3.9229329001471775
  ]
}