{
  "cat_params": [
    -2.3546968223173503,
    -1.649772909701087,
    4.483877612495751,
    0.9665826128997586,
    0.4037929995338414,
    -0.8750490680719291,
    -2.3147485918756003,
    -1.9434032269888077,
    -1.5418694594650295,
    -3.28194836209231,
    -1.6375745267532877,
    -1.531813388771961,
    -3.4925852173293057,
    -0.02561967523178162,
    -0.44216463185391014,
    1.427551841459228,
    0.8161139848746025,
    3.151128361960457,
    -2.7179545485419223,
    -1.194168441491837,
    1.374370490551164,
    -3.7129757555745035,
    -0.7414047095871389,
    0.7209045077672809,
    1.3627111600360393,
    -2.5083273509407857,
    -0.9673654376853629,
    1.118800454375464,
    0.3791206127575491,
    -0.2553260019670957
  ],
  "mood_params": [
    -2.2034267518295283,
    -0.10714450902217679,
    2.4884058478333655,
    2.896251246562839,
    2.6583687875998425,
    0.3130594293694573,
    1.5477462607037344,
    0.5796133005694819,
    2.62198901293402,
    1.1412467266784765,
    -0.19167923687138907,
    -3.627831705618212
  ]
}