{
  "cat_params": [
    -2.511367693470645,
    -1.7410667702566143,
    4.405203805391243,
    0.9679894699539774,
    0.21317823046408702,
    -0.9528910616641167,
    -2.6465600416380997,
    -1.9923084393169124,
    -1.7763904754311926,
    -3.5129438766654966,
    -1.7809244212841504,
    -1.6345771552704436,
    -3.690148170325184,
    -0.1994792466504381,
    -0.6525873628418493,
    1.23321812697648,
    0.6826667176863095,
    3.011522338896884,
    -2.9134151548164344,
    -1.3520651144388767,
    1.177963547714884,
    -3.918680061933792,
    -0.7376472417773324,
    0.6993049155556504,
    1.2699067375844069,
    -2.6650115839857094,
    -1.1608371713695105,
    0.9658530715012891,
    0.2261780529897257,
    -0.4453719860766069
  ],
  "mood_params": [
    -2.2618749058609047,
    -0.1894465263906206,
    2.403970127948173,
    2.784697877372618,
    2.551357681525071,
    0.14631145465198858,
    1.3923658008810191,
    0.4992969445283801,
    2.5074981447549156,
    1.0650480683925705,
    -0.2755254403407575,
    -3.7484602866292107
  ]
}