{
  "cat_params": [
    -0.6384321880766789,
    0.15461798819436504,
    -0.8709673663681186,
    -2.196461740184951,
    -0.0591031755387441,
    -2.03142732775235,
    0.2279947548563026,
    -1.4950182797016678,
    3.368853934368101,
    -0.3811544280787492,
    -0.5252749455227785,
    1.7497019089409669,
    0.37536999834797385,
    0.9298031176043624,
    -1.2574534088481597,
    -2.4638171297551135,
    -0.34762996407015906,
    -1.1419136971905999,
    -2.458140943835497,
    0.6898952548938976,
    -0.16355053275673587,
    0.46051683246394653,
    -1.133220508938477,
    -0.20249893856712353,
    -1.3188716236608695,
    1.7245212960763072,
    -0.7345536834856048,
    0.8225544677612727,
    -0.1923023813055991,
    -0.550435135525394
  ],
  "mood_params": [
    -0.6170809032888546,
    -1.4893441385809363,
    -1.0321675808787136,
    -3.3618417114998,
    -3.2362888875581404,
    -3.2623896346284234,
    -2.6035739068874535,
    -2.503935862300385,
    -2.9845180503532345,
    -1.6563959894220592,
    -0.8426087041390837,
    -2.6018646578593736
  ]
}