{
  "cat_params": [
    -0.5028065044721313,
    0.24731098785045277,
    -0.7755506305484752,
    -2.1994732514908732,
    0.12938183504148582,
    -1.948854297972243,
    0.5222486938929519,
    -1.4479179269829443,
    3.587302115250015,
    -0.16885283156992004,
    -0.3653990004630147,
    1.8944803904284582,
    0.5667232435542539,
    1.1139273740093294,
    -1.0443504688732228,
    -2.310236532571701,
    -0.2175109568943866,
    -0.9924371987859822,
    -2.261772967632113,
    0.8333283095434842,
    0.02992820194390416,
    0.6935348868147676,
    -1.1352345486203053,
    -0.1755707010867595,
    -1.265117325802685,
    1.9231734663052815,
    -0.540749113836344,
    0.9752571389636807,
    -0.04238575059013896,
    -0.36101439136763963
  ],
  "mood_params": [
    -0.5555003403509333,
    -1.4109595582697605,
    -0.9697320078904693,
    -3.2835862376762197,
    -3.1687977031332077,
    -3.117181761660841,
    -2.453684278707225,
    -2.437512298482277,
    -2.909430548352316,
    -1.5586894175498787,
    -0.7600624550003139,
    -2.4778812157319043
  ]
}