{
  "cat_params": [
    -1.6719946127274556,
    -0.970898659792752,
    3.5493210139913427,
    2.7181197795914143,
    -1.9183616684638,
    0.6438856343344432,
    -1.4793881475156798,
    2.3965644913982658,
    -0.979240507659193,
    -3.115134115171685,
    -2.648125534816784,
    -2.827685197287293,
    -3.227940898648847,
    -1.9716216461510607,
    -1.1878740351639956,
    -1.99107304532927,
    -1.6126023138184444,
    2.9048041688706117,
    -0.3693533315031354,
    -0.052887594845229265,
    -0.323907334567769,
    -2.9942128823671386,
    2.115950734416791,
    1.8120054877267646,
    -0.5536279580248802,
    -1.8735131273872017,
    -0.769977594011432,
    -1.9155717953762348,
    -1.910426263675726,
    -2.1792709871602827
  ],
  "mood_params": [
    -2.3514207964155247,
    -2.354223671530391,
    -0.13903613716528612,
    -1.044990199143989,
    -0.63338988913261,
    -3.22898843364858,
    -1.8199004368226928,
    -1.7127666727729134,
    -0.596327133270063,
    -0.3842236010707307,
    -1.9759119191854313,
    -2.23364862695614
  ]
}