{
  "cat_params": [
    -1.5258302644576633,
    -0.879811097189495,
    3.629935451247237,
    2.7176162727910285,
    -1.7460007725469135,
    0.7141068822623617,
    -1.1653137357818195,
    2.4291920295954568,
    -0.7491257638588309,
    -2.8882707354014423,
    -2.5175849340911234,
    -2.740763255610019,
    -3.0326900335330427,
    -1.8153401682354084,
    -0.9768160990268061,
    -1.8337937937449122,
    -1.4876679391849348,
    3.0434356413553,
    -0.17050663602496893,
    0.09456554991743206,
    -0.13240070566978118,
    -2.7846684666902757,
    2.099675123762569,
    1.8268149407617182,
    -0.4889467491761941,
    -1.7107858605169604,
    -0.5778273064013613,
    -1.7688111489759397,
    -1.774199154650145,
    -2.0011561377917864
  ],
  "mood_params": [
    -2.2936683390178287,
    -2.279139045458172,
    -0.07146000369875212,
    -0.9549908281210406,
    -0.5488749859895523,
    -3.084957161397982,
    -1.670218227772849,
    -1.643335989824769,
    -0.5049127149563561,
    -0.2972792620958141,
    -1.896670539356209,
    -2.1096890534833785
  ]
}