{
  "cat_params": [
    -2.2926779587172645,
    0.6573411794582407,
    -4.227106997617158,
    -2.200826075581256,
    -0.4828898540732889,
    -2.894591959720701,
    -2.8784669659506217,
    -2.694623295121431,
    -3.4856144141356986,
    -1.307175349426575,
    -0.9968023954402138,
    -0.27081859613571235,
    -0.5725804083520335,
    -0.8281439998819174,
    -3.0394698431263936,
    -1.280565238131551,
    -0.08492423597520747,
    -4.5646773025534335,
    -2.0619674909027284,
    -0.4791839443277342,
    -1.175876443357737,
    -0.8074015793835438,
    -2.1341159937850103,
    1.107155558715285,
    -2.423192707598534,
    -0.8925649192842784,
    -2.363028888559195,
    -0.6105632145232196,
    -0.4262288126055432,
    -1.0599238280750605
  ],
  "mood_params": [
    -0.7149690831479926,
    -1.34631359223176,
    -0.09354846341018416,
    -0.7038402013558773,
    0.10058356906599082,
    -1.222073230491649,
    -1.0539213178277766,
    -2.161239787670054,
    -0.27603092020701425,
    -0.14535163980985422,
    -0.840011681831309,
    -0.6913255736137948
  ]
}