{
  "cat_params": [
    -2.1946323922175175,
    0.7099233868850244,
    -4.161554383715159,
    -2.203009989921408,
    -0.38034038062884296,
    -2.840442751549014,
    -2.673596097810023,
    -2.661391991695898,
    -3.345876292539558,
    -1.1811842211983958,
    -0.9160640988351573,
    -0.20493295616970972,
    -0.46370271965580945,
    -0.7368148892414346,
    -2.909217459541907,
    -1.1929732295415505,
    -0.01134458255712348,
    -4.471241495727554,
    -1.9528177084146074,
    -0.3923256175436369,
    -1.0693656471762436,
    -0.6829272306298546,
    -2.128654129385057,
    1.115093550743809,
    -2.4183006571877006,
    -0.7985891469959963,
    -2.2554912411562626,
    -0.5264657405318284,
    -0.3441654946029853,
    -0.9577951878320722
  ],
  "mood_params": [
    -0.6810160614558871,
    -1.3037357007955193,
    -0.055294124709371305,
    -0.6533677282338182,
    0.15168527649840968,
    -1.136481652041247,
    -0.9690086929963194,
    -2.127340780004855,
    -0.22370753292991558,
    -0.09658689958118533,
    -0.7943989679363072,
    -0.6192949585313937
  ]
}