{
  "cat_params": [
    -3.8443474471333987,
    -2.8004220576731744,
    3.1076239828656242,
    1.789254680426269,
    -4.331825191668751,
    -0.8105506014632146,
    -3.6252774964197663,
    0.596698269326868,
    -1.798470489217543,
    -4.873266579658034,
    -4.23721065002629,
    -3.8428688028301323,
    -5.275811631455189,
    -4.016851211793144,
    -1.8393779119859184,
    -4.556380329655095,
    -5.007685515337595,
    2.1846562534663634,
    -3.2440095865326937,
    -3.1661356733374535,
    -4.335023967574205,
    -4.78752626664855,
    0.5414593014697465,
    2.035674888192607,
    -0.42004178409492254,
    -4.478382959242303,
    -3.054045444642133,
    -4.819616423648639,
    -5.039986974318192,
    -3.542683416068035
  ],
  "mood_params": [
    -3.2923094415737455,
    -3.658564279602196,
    -2.7578888381993374,
    -3.7880270367806124,
    -2.9309051252694824,
    -4.791644416400792,
    -4.7772531228091495,
    -2.402522779446718,
    -4.0778816845020245,
    -2.9974130388192815,
    -4.466898734409335,
    -4.0388513012024765
  ]
}