{
  "cat_params": [
    -3.669707259056872,
    -2.718295424023907,
    3.0139769780120105,
    1.6235527051800704,
    -4.272315030865349,
    -0.8562196556747239,
    -3.545228620302713,
    0.6605119597377064,
    -1.6932691622466853,
    -4.769924887807853,
    -4.215124260414848,
    -2.4411167693810505,
    -4.967048323225345,
    -3.986899367355255,
    -1.796012807981501,
    -4.0898482212594365,
    -4.998739282654806,
    2.0707072924981955,
    -2.8327854403413713,
    -2.8909524060140344,
    -4.240691101039487,
    -3.7882018015202497,
    0.7526504947598831,
    2.0316039943527,
    -0.6956335534796909,
    -3.5186020729200282,
    -3.209334615673641,
    -4.759724264659361,
    -4.906163005890542,
    -3.5068629366327895
  ],
  "mood_params": [
    -3.38109659693227,
    -3.791116318952655,
    -2.664007624541882,
    -4.017993677205291,
    -3.0847910732161012,
    -4.98301816694123,
    -4.985951333028977,
    -2.6261915469438235,
    -4.043689999545826,
    -3.08921659059595,
    -4.530256243009135,
    -4.101164593687486
  ]
}