{
  "cat_params": [
    -2.0225392950423733,
    -1.6723391859495302,
    -1.890974995935896,
    -0.9441237591338094,
    -3.4846545706743766,
    0.800419963804568,
    -5.61612576185376,
    -0.7258227369232291,
    -2.934311128705021,
    -3.4513810476666924,
    -3.7144225461766065,
    -1.0071639205686083,
    -2.88623659651888,
    -4.218205475141909,
    -4.844149251956821,
    -2.00770481383361,
    -4.87274411871062,
    -5.500908072695747,
    -0.48312000076308764,
    -3.3354017714968274,
    -4.966166314888672,
    -2.130618354747437,
    -0.9359276995757181,
    -2.2422846633946167,
    -0.9275907042692291,
    -3.590843568013383,
    -5.028062798871965,
    -5.35294638198413,
    -3.9157276100425897,
    -3.6528775159613516
  ],
  "mood_params": [
    -2.4902394892398068,
    -3.1165591597838644,
    -2.1433707739755072,
    -4.088469069689301,
    -2.0579913203853417,
    -4.550929189920057,
    -4.29882752802367,
    -2.6990377665351475,
    -3.1652992173850287,
    -4.72857500274158,
    -4.093590843318808,
    -4.44267433522517
  ]
}