{
  "cat_params": [
    -1.8802308235181409,
    -1.5873872331661258,
    -1.7987192026029557,
    -0.9463691869523596,
    -3.336010824753277,
    0.8654845814667356,
    -5.266039558166062,
    -0.6843917357960259,
    -2.7119836337539516,
    -3.235255472867077,
    -3.6080370201837324,
    -0.9051081578843084,
    -2.7031542033828644,
    -4.093004695385891,
    -4.629483538611695,
    -1.861576602037022,
    -4.766305341023436,
    -5.351206665527536,
    -0.29671339787677947,
    -3.1736982991336657,
    -4.796555040813757,
    -1.9296533388839563,
    -0.9383273329297692,
    -2.205080379998025,
    -0.8730196641624723,
    -3.4555896901377197,
    -4.851032475593374,
    -5.221236868147553,
    -3.8031820081975756,
    -3.49522549308754
  ],
  "mood_params": [
    -2.4365595680698644,
    -3.0488008685150874,
    -2.092817309958962,
    -4.020811143051066,
    -1.9886405613939004,
    -4.425314011354941,
    -4.16186436491475,
    -2.6389031435070875,
    -3.098172176975333,
    -4.6124313967161195,
    -4.024330237368519,
    -4.333163790848574
  ]
}