{
  "cat_params": [
    4.104003925404315,
    1.2365482739672196,
    -0.03645709828092331,
    -2.257659146286788,
    3.4897800458931654,
    1.1251867458061973,
    1.1639160425346955,
    -1.0801707639625107,
    2.1160334181941844,
    2.508054871104408,
    0.33662808252999776,
    -1.272421135768719,
    2.3048290568376943,
    7.2285856867303275,
    0.9898022684838591,
    1.42743733549507,
    -0.520377419489991,
    1.0123777594394316,
    1.8290431393559083,
    -0.6838481846807678,
    3.690913389284028,
    1.2080486343335919,
    -2.066190723409654,
    -2.4052620461537986,
    2.8412701681067105,
    -0.9556721545690429,
    3.8526977180792374,
    0.9868322458206549,
    4.080280599772831,
    3.301875670753853
  ],
  "mood_params": [
    2.5393487657452636,
    0.11328836189744809,
    -0.4311879826966598,
    -2.183647683462865,
    -2.0089624614884207,
    1.952055389246913,
    0.2943029099423437,
    0.47730608532184243,
    0.5901599327745366,
    -1.4901596578502185,
    -2.0899882706483477,
    1.4648770539331875
  ]
}