{
  "cat_params": [
    4.1111872270535414,
    0.8497344098895213,
    0.10544377886902742,
    -2.4347473704343057,
    3.1550665090932775,
    1.5955021349180734,
    0.7114144595792893,
    -1.23326239282879,
    2.3956177240513394,
    2.102805800418627,
    -0.17967921255395042,
    -1.6902591351243104,
    1.6490450315930543,
    6.958131347816602,
    0.5607054910100956,
    0.8291400995545488,
    -1.2834406936669964,
    0.903702608283713,
    1.5713089016695643,
    -1.0847492259923397,
    3.2226951838334648,
    0.8826753475929344,
    -2.507023855090011,
    -2.345406591921929,
    3.508010060917302,
    -1.3334580839351902,
    3.5269232278144615,
    0.3416060730355417,
    3.520442406235811,
    3.167541117855228
  ],
  "mood_params": [
    2.420050501500347,
    -0.27618973081856973,
    -0.8869186428545794,
    -2.7678169236399,
    -2.5024803855215305,
    1.2734803306706073,
    -0.3729103402391261,
    0.2292214565667219,
    -0.010653793667033331,
    -2.0311464551216316,
    -2.6785893267571503,
    0.9943291197809663
  ]
}