{
  "cat_params": [
    -0.9931831398460292,
    -0.3910188789939263,
    -0.880333871598176,
    -0.5434862597678307,
    -0.17158036218819145,
    -0.7564520979010729,
    -2.225509825264432,
    0.41236287956284,
    -3.509196416358178,
    -0.9459834721714564,
    -1.8099304416926427,
    0.02328769077616216,
    -0.1245755829124223,
    -0.5099791599389255,
    -2.216034893676474,
    0.0009281847370501767,
    0.4140275432332597,
    -1.3997969107502581,
    -0.7297514618479557,
    -1.4942372213142352,
    -0.7159006216581529,
    -0.47067506126899655,
    -1.4634533283684008,
    -0.6563335151953141,
    -1.2650963654389067,
    -1.1273164899957748,
    -1.40976726901985,
    -0.3151417735939043,
    0.5398202999992193,
    -0.7580466210254977
  ],
  "mood_params": [
    -1.0149021725778582,
    -0.8355333661987164,
    1.0422601006206604,
    0.08602538519488233,
    1.2195801129599773,
    -0.43846582481505525,
    -1.0272071267044915,
    -0.9336968271704762,
    1.3714457189675076,
    -1.7503730796846064,
    -0.644976898541816,
    -1.8681375019407087
  ]
}