{
  "cat_params": [
    -1.0794743963901576,
    -0.4441415157101786,
    -0.9367997968085124,
    -0.542115714683673,
    -0.2784908145068251,
    -0.8025011323388647,
    -2.428851436795383,
    0.38971661611489006,
    -3.6528041113396563,
    -1.073651015887785,
    -1.881463660861367,
    -0.04717337409111211,
    -0.2357445287503086,
    -0.6058965342876861,
    -2.3462494255738684,
    -0.10229433059528645,
    0.33716576951503774,
    -1.4880667761764992,
    -0.8442704276609517,
    -1.591140019474314,
    -0.8260087488859954,
    -0.5998086627197483,
    -1.4658675342033645,
    -0.6751792664149615,
    -1.2881859502834652,
    -1.2208169020542534,
    -1.520804094739006,
    -0.4018075410080683,
    0.44921492980232003,
    -0.8641572824296653
  ],
  "mood_params": [
    -1.0491362096078665,
    -0.8807258821646795,
    0.9960203657691381,
    0.03016630358239447,
    1.1599351149624635,
    -0.5308494965268635,
    -1.1142803238751946,
    -0.974227256638645,
    1.3063584970047515,
    -1.8135588561135547,
    -0.6921634995959363,
    -1.9384429211260703
  ]
}