{
  "cat_params": [
    -2.764734028434636,
    -2.1488792241102694,
    -2.5317942934671347,
    -1.4337076808166784,
    -0.32838256258547877,
    -2.0114442387476528,
    -6.310485886329059,
    -2.8261887446077867,
    -1.980554930631362,
    -4.286907537712902,
    -3.665179227185831,
    -2.5232709676794376,
    -4.2349971678382365,
    0.3253422196163748,
    -4.206679312316941,
    -0.6672414956322572,
    -1.9074899876056928,
    -3.899868959133155,
    -3.7024525862437745,
    -4.208357736267281,
    -1.697817805471942,
    -4.008679736619114,
    -4.2428915170101735,
    -1.922828938731087,
    -1.5894276033422419,
    -3.8800128061806602,
    -3.9894282108055164,
    -1.1927106136509356,
    -1.4168529834882706,
    -0.5441563898220291
  ],
  "mood_params": [
    -1.8569385766146582,
    -1.7001590373038649,
    1.308556094888851,
    -0.4675044070143077,
    1.9905039862915468,
    -1.387120621312236,
    -2.3392486410725972,
    -1.0026765658277303,
    0.7321300359278899,
    -3.1611087578501396,
    -2.6122598587636,
    -3.5686205740321144
  ]
}