{
  "cat_params": [
    -2.7000269658044753,
    -2.1299692670407717,
    -2.7574982293244767,
    -1.5833577633760365,
    -0.05530330554201453,
    -2.2765097420135816,
    -6.100651253234066,
    -2.9703525914773343,
    -1.4485351545139018,
    -4.1292408290877365,
    -3.425736915082936,
    -2.534336660995957,
    -4.087439351286825,
    0.643489606556334,
    -3.753817540391479,
    -0.12386777227714403,
    -1.6132291801346552,
    -4.200616399076196,
    -3.6292457959700504,
    -3.9552895973848115,
    -1.4998160091896349,
    -3.646886453434255,
    -3.611359572544147,
    -2.051147368298335,
    -1.8121143024033652,
    -3.8194862015818534,
    -3.9131746315522182,
    -0.7217568086682227,
    -1.3599329371701085,
    -0.1303656830618254
  ],
  "mood_params": [
    -1.6154941254824853,
    -1.4755862589255329,
    1.5773597671889688,
    -0.10370308328420944,
    2.589682672242136,
    -0.8889106244523961,
    -1.7469654342752048,
    -0.8789337851677306,
    1.0867826576646726,
    -2.8394709290880025,
    -2.3359737213178096,
    -3.2173712330318236
  ]
}