{
  "cat_params": [
    -3.66083776316459,
    -1.4310183017635187,
    -1.7157701293277323,
    -2.0783822575470348,
    -2.1594416389999083,
    -2.142118822094594,
    -4.974679136233232,
    -3.1041990308534753,
    -1.6897110073987456,
    -3.755986710528264,
    -2.357075413416062,
    -2.819636654847618,
    -3.5041339512712057,
    0.3603278260587436,
    -1.4025991754677838,
    -1.9821710880372767,
    -2.655361436976722,
    -3.5887915517618367,
    -2.9715366592350265,
    -2.3592246892518545,
    -2.4145396104416186,
    -3.175853441305659,
    -3.211084500877284,
    -1.538224925177939,
    -0.6087381772739933,
    -3.6611227047858828,
    -4.660619537489808,
    -2.8195574097932425,
    -2.1029528576303167,
    -1.3230654680577576
  ],
  "mood_params": [
    0.020187689049462915,
    -0.5488044052106751,
    -0.1945063208501139,
    -0.5259334822735582,
    -0.3214123017171565,
    -1.4791362411450524,
    -1.9589250323962417,
    -0.037854797035747394,
    -1.5329684785927096,
    -0.7491773560301975,
    -2.267062434719399,
    -1.253764589956363
  ]
}