{
  "cat_params": [
    -3.7695262456013885,
    -1.4777351655741167,
    -1.7692301904603853,
    -2.0763493917604476,
    -2.2394964880526906,
    -2.1897632405181073,
    -5.196058628268821,
    -3.1371053490365997,
    -1.8136170000667187,
    -3.8876496164319176,
    -2.411466849984955,
    -2.8478279114640945,
    -3.6087564614401892,
    0.2671822373657975,
    -1.5164874316514305,
    -2.0528754438455197,
    -2.7143660471910023,
    -3.67330900111472,
    -3.069353263142675,
    -2.4531931275896195,
    -2.509159048278931,
    -3.2742779961766124,
    -3.2216642975906984,
    -1.560734902008598,
    -0.6371590322124399,
    -3.719628836127111,
    -4.757281539510914,
    -2.8927473987289574,
    -2.1654298291249248,
    -1.4141577018091769
  ],
  "mood_params": [
    -0.012196017189822397,
    -0.5898222907201828,
    -0.22869629884549825,
    -0.572646972030967,
    -0.36518259315742574,
    -1.5549411717556454,
    -2.035378337972204,
    -0.07777745606156886,
    -1.5715259089082338,
    -0.7991888917121673,
    -2.3054017935740245,
    -1.3178646556468274
  ]
}