{
  "cat_params": [
    -1.3579619961148266,
    -0.539300614142327,
    6.724572924724912,
    4.582981512614323,
    -0.13309083922593154,
    2.375032124655326,
    2.0099624183064435,
    5.482585925241494,
    2.1855228805383384,
    0.5471370281296171,
    0.7356322215729962,
    -0.6614175733115704,
    0.3941162861334381,
    -0.7104590293508303,
    3.7568001716128543,
    0.8677107263668521,
    3.4043900379952494,
    8.083655456705955,
    0.9574904259770248,
    1.223244304686558,
    1.8705344047969288,
    -0.49127308516776147,
    2.861293826656704,
    2.131395260999685,
    0.1823530707933705,
    2.6223244918363173,
    0.9914296769427865,
    2.116116809695487,
    -0.036676240532192594,
    0.28913089560745947
  ],
  "mood_params": [
    -0.8601501029288251,
    3.2835089089166596,
    1.037290804744974,
    5.640268121171939,
    1.556826625381876,
    1.5528485840275559,
    1.4803687259012765,
    4.253834950703634,
    1.9113571851716107,
    3.538866995773789,
    4.6021956196853475,
    -0.18206994821669673
  ]
}