{
  "cat_params": [
    -1.500016370119401,
    -0.6290710504948638,
    6.655385666535622,
    4.582507440946931,
    -0.3147916270433275,
    2.31338291964063,
    1.743029273426034,
    5.4617897556109165,
    1.9684979323906715,
    0.3444848227074903,
    0.5656217942841039,
    -0.7717768622426663,
    0.2073661201048071,
    -0.8737417151146578,
    3.5703443870248184,
    0.6840074961887223,
    3.2659209736483246,
    7.95952427995336,
    0.7598052202160345,
    1.0863751364748497,
    1.677944152705234,
    -0.7111558105420542,
    2.8808216777582407,
    2.1188350343910463,
    0.10892615009855619,
    2.421619922948399,
    0.8013476611770655,
    1.9652936283754838,
    -0.18283018050693362,
    0.10071428715145038
  ],
  "mood_params": [
    -0.9195655911834418,
    3.1931114339247704,
    0.9638239718476032,
    5.516359031548254,
    1.4595392679861503,
    1.3824877653065017,
    1.328961266870683,
    4.158566185568046,
    1.8043545802559011,
    3.4839275670260434,
    4.509519435853556,
    -0.3094288090138848
  ]
}