{
  "cat_params": [
    6.335958148776145,
    5.0686383912281885,
    -4.239601555530712,
    -3.0671677177065026,
    2.1318302016171393,
    -2.1196399989103503,
    1.8395283974725,
    -2.482096463358336,
    0.3321585037333704,
    4.050152701214247,
    5.050034184646182,
    0.6570478415873933,
    4.992384166980284,
    5.703187329721302,
    1.271142568937676,
    2.417071750106222,
    1.7085844988570131,
    -2.5049651013834837,
    4.533891697817392,
    2.221249593320823,
    3.304903731813716,
    2.899698015785663,
    0.43308832116993967,
    -2.3788531117234486,
    -1.8573868273022835,
    0.03174520509342164,
    5.022453688473667,
    2.120434756392905,
    3.9473060853185302,
    2.4501468370167316
  ],
  "mood_params": [
    8.496268250863835,
    2.855770655556152,
    -2.0921376889606345,
    -0.9117036981971753,
    -2.6066286076435383,
    5.0255696314320835,
    3.0101409950623887,
    3.406267052476005,
    1.6152814254789638,
    0.32160034242945446,
    0.6076470622771705,
    5.078360723371803
  ]
}