{
  "cat_params": [
    6.3899638137341865,
    5.162614109090752,
    -4.135841121363399,
    -3.070572702138362,
    2.3326682257472804,
    -2.0385451873741336,
    2.1052007325430457,
    -2.4324688376836168,
    0.5542950873416532,
    4.2306854593262155,
    5.279065562595382,
    0.7851455207521749,
    5.171825654851234,
    5.926251436819117,
    1.4677862974786686,
    2.619878874600366,
    1.8420227591580074,
    -2.355965482334517,
    4.739098727780465,
    2.3500802162180032,
    3.501045252092047,
    3.1421022111520345,
    0.42434847708993073,
    -2.3397166129571048,
    -1.8136205248769623,
    0.20960039233249456,
    5.215831482608415,
    2.271522872916785,
    4.123324024402395,
    2.6525451231764934
  ],
  "mood_params": [
    8.573615614929802,
    2.9451515033508557,
    -2.03823689536271,
    -0.8226176105391426,
    -2.537106358904998,
    5.218951639757088,
    3.1638585677391693,
    3.498055722588049,
    1.7209274941996824,
    0.4015320397056814,
    0.6913787820182703,
    5.221483891264173
  ]
}