{
  "cat_params": [
    -1.8045353896242993,
    -2.1657627539495956,
    4.52766412136517,
    3.940310844239002,
    -0.12459475847554122,
    1.3395346373710069,
    1.654724818838004,
    5.071439241114467,
    0.35836961826577407,
    -0.9389955181147043,
    -0.5228107461611038,
    -0.6483889977837742,
    -2.1331512519885267,
    -0.5021856499480791,
    4.877566170058377,
    -0.7124999833995622,
    2.284551946790708,
    8.987006380245644,
    -0.35989059103512766,
    0.7928712105828667,
    0.24265822951961682,
    0.701396385028811,
    1.6268976161833466,
    1.1366872658101792,
    0.19846068993855634,
    3.178369632591574,
    -0.7767683430054791,
    2.7447998853465903,
    -0.6437217478334448,
    0.5487371399111466
  ],
  "mood_params": [
    -1.5200072632570094,
    2.1178622348809055,
    -0.5392689456229505,
    4.002651502636148,
    0.3378228029987938,
    0.12249513046637517,
    0.4591906479629759,
    3.3297729323006307,
    0.01725485749082074,
    1.6692119863745183,
    2.6976388481917697,
    -2.2024681326439572
  ]
}