{
  "cat_params": [
    -1.9516646974573648,
    -2.2543336404148957,
    4.451483196604433,
    3.9401624977845,
    -0.30636148603026253,
    1.2733231747434497,
    1.3830888707440727,
    5.049145424543198,
    0.13561908019966268,
    -1.150571844168492,
    -0.6764735141508439,
    -0.7589080488143246,
    -2.3237674934999886,
    -0.6673443974612014,
    4.696098691266814,
    -0.8789741717035717,
    2.1496887477715636,
    8.865027094873646,
    -0.5549554544374442,
    0.6529318760907779,
    0.05361350727375957,
    0.4741209001697755,
    1.6409609725688643,
    1.1182144986203986,
    0.1247944063865722,
    2.9723991123925573,
    -0.9654708524992159,
    2.592904929377845,
    -0.7855178019104246,
    0.35878473176526693
  ],
  "mood_params": [
    -1.578168482855172,
    2.0309670568437763,
    -0.6027059452554329,
    3.887566138062474,
    0.24880274595016535,
    -0.038883824527843704,
    0.30918446701224267,
    3.238759144692946,
    -0.07625500713107518,
    1.5993787319100918,
    2.6093185931488763,
    -2.3239326915835155
  ]
}