{
  "cat_params": [
    -2.5188454660450774,
    -0.1604344014634857,
    -3.324731821310762,
    -1.9954494676008372,
    -1.38830243055527,
    -2.8130923938907952,
    -0.0750405918410103,
    0.6754058391898422,
    -2.662109845523605,
    1.8127584105861183,
    0.16770938987946968,
    2.2333348291447623,
    0.9550710646384187,
    -3.3243384451265503,
    -2.430461653327852,
    -0.8118604291638598,
    -0.8807247802466092,
    -2.0997565560574576,
    -3.1625258785734593,
    -1.1972675057957223,
    -1.8535411486806446,
    -0.2668148472695101,
    3.853792929446016,
    4.8515044211174905,
    -2.3267993083555747,
    0.15565240820084578,
    -1.1796346511451845,
    -0.23050354547376892,
    -1.5902696429485346,
    -1.431177526607427
  ],
  "mood_params": [
    -2.21636117893009,
    -3.461944116618805,
    -0.6853149889991497,
    -3.671737732461433,
    -0.8525185208466165,
    -2.326411473732193,
    -3.391587697817505,
    -3.7447946999081667,
    -1.0381407207207947,
    -1.4765204050574268,
    -0.6745560677610396,
    5.69329199011646
  ]
}