{
  "cat_params": [
    -2.3792998703333135,
    -0.08037714930271053,
    -3.2339416622859947,
    -1.9981048027789452,
    -1.2355284259017323,
    -2.736959414277955,
    0.1833510119771357,
    0.709045573606113,
    -2.4554984145690155,
    1.983826145158565,
    0.3143604230065999,
    2.3676310090720065,
    1.1198255821857719,
    -3.2024181690861018,
    -2.2399649122818728,
    -0.6642845323164773,
    -0.7699109694726806,
    -1.9676662672327945,
    -2.994526432580582,
    -1.0603383705224367,
    -1.6897203272584107,
    -0.06916695862425488,
    3.830738363195961,
    4.845121796300314,
    -2.298116027690408,
    0.3148993895363771,
    -1.0122193215219764,
    -0.09986927347210268,
    -1.4707326800926503,
    -1.2728145837317502
  ],
  "mood_params": [
    -2.1662340238146274,
    -3.400607132243019,
    -0.6299088210805657,
    -3.6080852937717918,
    -0.7807529137669661,
    -2.1975051365432927,
    -3.2633415885153974,
    -3.6945621893163922,
    -0.9620172209841724,
    -1.3915717890546178,
    -0.6029424626360631,
    5.823915934437661
  ]
}