{
  "cat_params": [
    -2.157768572895531,
    -1.0241008255950308,
    3.293039500050815,
    3.003707065239656,
    0.6320129157158811,
    0.13135115364407624,
    -0.8310249283262078,
    2.550204096136766,
    1.0480578347479965,
    1.6259022758733,
    -1.2865819234820959,
    -0.9809454569768371,
    -0.7621142147175672,
    -1.5739421318164124,
    1.0327480149585202,
    2.7470272332722585,
    2.2183026321959503,
    2.0391421210157,
    -2.940448441416954,
    0.04698713023037697,
    0.9136978403113291,
    -1.9050556992864767,
    0.2166244502466183,
    3.004195936585862,
    -1.8046971536665952,
    0.4885301761680492,
    -1.2303046759528917,
    1.4326845309672542,
    -0.11161293317897013,
    1.2400856636480917
  ],
  "mood_params": [
    -2.8500943995482664,
    -0.26008098736362706,
    5.308416422262939,
    5.1210153813463295,
    9.25884279172608,
    1.694404391332161,
    1.8826644744407695,
    -0.2097579359744072,
    4.848774058858984,
    0.36745589002013695,
    -0.0755694549953789,
    -0.39057245454578204
  ]
}