{
  "cat_params": [
    -2.3100179733323767,
    -1.114301221629641,
    3.2121370240251026,
    3.0040495646843373,
    0.442778050561741,
    0.05918678083278882,
    -1.1381321403105134,
    2.5183703524974654,
    0.82551324769779,
    1.4279293624254985,
    -1.4317243834740754,
    -1.0884212461438416,
    -0.9522694212144241,
    -1.7309288001083112,
    0.8323935164408228,
    2.5413120117302097,
    2.0825391360557397,
    1.8993598652511565,
    -3.1320903427865736,
    -0.09954474159503535,
    0.7215451263440534,
    -2.118122101123157,
    0.22450465517746335,
    2.9966032870879244,
    -1.8492136878358494,
    0.3064974082327998,
    -1.4203067280892212,
    1.2817407098435663,
    -0.25850769162270937,
    1.0444126674859948
  ],
  "mood_params": [
    -2.906260567060569,
    -0.3405347558424319,
    5.207193329145428,
    4.999087332960842,
    9.10856278456288,
    1.5217519450795356,
    1.7294003589989557,
    -0.2851344257357188,
    4.720030984072572,
    0.2865266964225332,
    -0.1582645654781574,
    -0.5184399956456254
  ]
}