{
  "cat_params": [
    3.607061107984028,
    2.2404496648939376,
    -2.060963651610769,
    -1.5357879869126418,
    1.573705552865701,
    -1.1812738542936951,
    3.806472397105975,
    -0.8704395036325734,
    0.762903341494119,
    4.805556908250188,
    4.624982008855666,
    -0.046253142813142224,
    5.005050936047608,
    2.746441620119712,
    4.908831963058835,
    1.6514294499641287,
    1.725575121680766,
    0.09368397016200625,
    2.174090100388312,
    3.0059525387188035,
    1.0122093051666643,
    3.774978815121148,
    0.8041319552918816,
    -1.3737412659578605,
    -0.23725548050582662,
    0.09336554201939658,
    2.6902149986427513,
    1.181204166798596,
    2.1399673527076177,
    0.5200989524303765
  ],
  "mood_params": [
    8.141774027790765,
    5.380017045142527,
    -1.4758525236108488,
    1.7289017829923574,
    -1.4775688676482457,
    4.920374411051187,
    1.9390612574484465,
    4.991581149266166,
    1.260010981714234,
    4.094574779319812,
    0.5716033746697861,
    5.461949912323425
  ]
}