{
  "cat_params": [
    3.694982424622799,
    2.334682144488896,
    -1.9617706882339632,
    -1.5384644786917092,
    1.774962233396288,
    -1.102430051777133,
    4.053971717794451,
    -0.8256059904722189,
    0.9894920519176791,
    4.986898582856041,
    4.852642322330245,
    0.07622914554108491,
    5.189332766347,
    2.94707832952365,
    5.0946116079351285,
    1.8503731867804716,
    1.8623913896619375,
    0.24022411991430606,
    2.379690198797923,
    3.1329804911874772,
    1.208254445671824,
    4.028669696363502,
    0.7935793336068133,
    -1.3398923052427716,
    -0.16718567036401336,
    0.27642237577541673,
    2.886693578010905,
    1.3345193057092704,
    2.3067480520096586,
    0.7158905381726393
  ],
  "mood_params": [
    8.22003529065484,
    5.479103479052411,
    -1.4162576790052297,
    1.8347355456672587,
    -1.398068574415229,
    5.117290417270329,
    2.0951929329879264,
    5.092678568607174,
    1.365551549722762,
    4.146830708186448,
    0.6573914953882596,
    5.609527529479231
  ]
}