{
  "cat_params": [
    -0.5424074100284271,
    -1.6753494089979273,
    3.823392132145953,
    1.3827094747955475,
    -0.5450969477223496,
    6.574106904802692,
    1.6551934369328993,
    3.6815069196994075,
    -0.23710818596688377,
    1.8618195711171486,
    0.653559600909986,
    -1.9195751781467159,
    0.5296100447716686,
    1.3156264575013443,
    8.55243907569289,
    1.6452383141296552,
    0.4932694053977662,
    4.948905601290716,
    3.7617310191701963,
    2.040725304159128,
    0.2241936724081089,
    1.3510076907806683,
    2.6981241592848746,
    -1.8889714956100807,
    5.931102107109696,
    0.3057898106116988,
    -2.395937901052673,
    -0.7018369354703852,
    -0.7378252730528384,
    -0.4261336329385152
  ],
  "mood_params": [
    0.7147025858401878,
    4.031974711521877,
    -0.010023780403951806,
    3.8195480680681198,
    1.0484625897489683,
    2.808176180020665,
    1.92076867006107,
    5.211219964349779,
    1.2336585450800173,
    3.9174263398951488,
    0.9100705488124464,
    2.1411260750513574
  ]
}