{
  "cat_params": [
    -0.5720202329488465,
    -1.7404427585986944,
    3.9663316287179042,
    1.4358307125727903,
    -0.6024416665664231,
    6.616875967841435,
    1.5899317528224928,
    3.809913487104621,
    -0.26705235638689284,
    1.7634075010932981,
    0.5269937094912502,
    -1.9731405437604173,
    0.4039699978437897,
    1.23887459275237,
    8.557980791417934,
    1.513448810277013,
    0.40567574898537423,
    5.044220089303687,
    3.636412890763367,
    1.950846264510911,
    0.17177888798370594,
    1.2769856058837101,
    2.751263805686227,
    -1.8751683853393593,
    5.872046161966533,
    0.27544659585573794,
    -2.522604506094309,
    -0.8008207409819859,
    -0.8116461227183296,
    -0.43327873251164584
  ],
  "mood_params": [
    0.6566492506251267,
    3.9476466912762143,
    -0.016434036439391803,
    3.7507774712053488,
    1.0628645616675276,
    2.688805149635456,
    1.7879089761440652,
    5.098311394941442,
    1.1953410708626406,
    3.8348829034529506,
    0.7885118386797345,
    2.0703493915840374
  ]
}