{
  "cat_params": [
    2.220240955509792,
    1.020556445396642,
    -0.6741383260378947,
    -2.098793943069507,
    3.9096362709515007,
    -1.9535959926432251,
    1.580404418776454,
    -3.512183396702191,
    2.454347017525438,
    1.2357206490715409,
    -0.9333069783148102,
    2.415771499435241,
    0.8797929943173842,
    2.3266418229231847,
    0.0728091508223406,
    3.8678451436989487,
    -0.39946765352491576,
    1.2912186523063172,
    1.1589762068282625,
    -0.30679171119988896,
    2.898859605415513,
    1.448889658653968,
    -1.0427536603694814,
    -0.5114994146656231,
    -1.192878817914254,
    0.9251340527780573,
    4.653740444279121,
    0.5278636134634087,
    3.162824916096019,
    3.1775004079411753
  ],
  "mood_params": [
    -0.5067602099747399,
    0.39554129564747886,
    2.6583274854468084,
    1.9947935934620968,
    3.421358984924524,
    3.0792889662603558,
    2.8481264321738475,
    -1.208002123805721,
    2.3318189948671177,
    -0.9302616126068809,
    1.0044507489936572,
    0.5546355064312741
  ]
}