{
  "cat_params": [
    2.2159468968690152,
    1.0892919519047233,
    -0.6421076273818901,
    -2.0324142634905566,
    4.001935679895505,
    -1.8790329055177157,
    1.634758541627558,
    -3.4152338196455294,
    2.4085047237075954,
    1.3791705285896738,
    -0.9784635628523985,
    2.1536511418675452,
    0.9858743324248432,
    2.5428887086581353,
    0.25724813527308854,
    4.060498688067407,
    -0.25560467463704734,
    1.353655830011053,
    1.3598010315395626,
    -0.23754932068197174,
    3.0589398532235252,
    1.4584013629081216,
    -1.141677765999627,
    -0.5329599549477183,
    -1.128074602899519,
    0.6416527582113148,
    4.749949795001392,
    0.7119094742729531,
    3.3428470662988268,
    3.2120716742059803
  ],
  "mood_params": [
    -0.4014679892913114,
    0.5113277212028118,
    2.829376961151534,
    2.1913023205015554,
    3.619166638228951,
    3.3057949683819348,
    3.041194230571329,
    -1.0598191930022047,
    2.527770162496049,
    -0.8763556143445483,
    1.066349573094681,
    0.6702204492268832
  ]
}