{
  "cat_params": [
    1.6079939502980498,
    2.3699963731296148,
    0.48513608447288425,
    1.0521951193848773,
    -0.18947242902082043,
    -0.24779741081923293,
    3.4412815991322048,
    -0.2939745950678815,
    1.4230441621000087,
    2.8966602878705,
    5.536941075316784,
    4.069589974629416,
    3.7984189930747365,
    -0.3724827097651109,
    1.4119860523784178,
    -0.3138802764741938,
    2.485645073956427,
    0.10145389155740302,
    0.09191155542576979,
    4.623555841421046,
    2.542588648822914,
    2.856721528868493,
    1.8814998622055654,
    0.4420131014540382,
    -1.5023242552119134,
    5.809975166339798,
    1.321957104088067,
    2.8638378411967778,
    1.9237213490649654,
    -1.230158276048585
  ],
  "mood_params": [
    0.2989104247575997,
    1.8170249899591695,
    1.2791205344187186,
    1.127787953511763,
    -0.08538590888479569,
    0.26602744168624143,
    1.1431896181373467,
    -0.5113951846974759,
    0.11622646936104865,
    3.732350678494183,
    1.2473672981859916,
    0.8727847551477508
  ]
}