{
  "cat_params": [
    1.717302798595835,
    2.463549734358194,
    0.5754741315539375,
    1.0508468426981852,
    -0.0035883308067075352,
    -0.1736647647423422,
    3.691064974558994,
    -0.25158204296335884,
    1.6456545927429775,
    3.0876387546109267,
    5.775208256583132,
    4.242139326177624,
    3.9829377350165873,
    -0.20166575520436197,
    1.6115238041416013,
    -0.13811301249712488,
    2.6238183856297974,
    0.24674741434071512,
    0.2916775603608514,
    4.737884791479632,
    2.7403521608811547,
    3.1027591536604624,
    1.8662575575888714,
    0.4649176667619537,
    -1.4519535447670682,
    6.046163587933403,
    1.515740743971884,
    3.0187603069847304,
    2.0876722360778706,
    -1.046395174283118
  ],
  "mood_params": [
    0.3617102747828906,
    1.9046803015441214,
    1.3557765295618052,
    1.2295580027408743,
    0.0028709425795160506,
    0.4321442519762205,
    1.2969434173069534,
    -0.43640702234629863,
    0.21275321974527453,
    3.786761214827771,
    1.3339975678746807,
    1.0058335422046445
  ]
}