{
  "cat_params": [
    3.3861712461441305,
    0.9467898419008103,
    -2.4314377441866375,
    -2.305595321254098,
    -0.2512963329449751,
    0.031550576547643955,
    0.7081068068699659,
    -1.768007071951061,
    -0.41303197899517435,
    0.48586857327648947,
    1.0898677014906213,
    -1.4802462251706623,
    1.5750908916543855,
    2.8344111164793198,
    0.6010403982413866,
    -0.238457012902203,
    -1.4881234848547988,
    0.09136351064550281,
    2.5607152871078003,
    -0.9255319336873681,
    0.6843945066640216,
    0.9867067372773133,
    -2.4604867855368924,
    -1.4976534586596846,
    3.1154917769614636,
    -1.7155068644429756,
    3.6339528182899397,
    -0.7166162314597837,
    1.000215467151839,
    -0.4431252930802657
  ],
  "mood_params": [
    2.831337418580008,
    -0.3069133818289222,
    -1.6928385775202892,
    -2.3590034865976013,
    -1.941459303198505,
    1.5011154956487982,
    -0.07180242860274874,
    -0.06475310386852497,
    -0.04218936769886913,
    -0.39175371277814175,
    -2.1923466887181258,
    4.490001760209567
  ]
}