{
  "cat_params": [
    3.4998866651745626,
    1.168968716092795,
    -2.488999745255168,
    -2.24858420485352,
    0.030606691828947694,
    -0.12026942369646977,
    0.9063564123681332,
    -1.7465130037405319,
    -0.39020264362191304,
    0.7852689994269046,
    1.4669299510710676,
    -1.231404044220351,
    1.9382390578162916,
    3.171745412212505,
    0.8640038307855882,
    0.22067118396539973,
    -1.0224656867185755,
    0.083912547981758,
    2.8811766224652406,
    -0.6455534300322144,
    1.0150367435447696,
    1.2311197951790895,
    -2.195252992467887,
    -1.5506567663111674,
    2.9629213475355654,
    -1.4600308753825244,
    3.864199626562774,
    -0.30177037757635644,
    1.372387590587857,
    -0.22515190452834843
  ],
  "mood_params": [
    3.0613483134362096,
    0.04619961033391496,
    -1.436635809064764,
    -1.969280616546147,
    -1.6381832167796964,
    2.0408533461574767,
    0.37821316124358373,
    0.1862874432629235,
    0.35892109567555736,
    -0.11923987520146713,
    -1.8747818339409208,
    4.799644514437799
  ]
}