{
  "cat_params": [
    2.085894495859227,
    2.3231792941173586,
    -2.1329890475524373,
    -1.7335319836722254,
    2.0558717028276345,
    -1.5702412014689862,
    -2.8093017957205553,
    -1.233953314365125,
    1.7973011842997018,
    -1.9167362607365293,
    -3.433021364138872,
    1.8852002627784388,
    -1.9411808645616173,
    2.9842779623330737,
    -5.940167713265354,
    -3.6277327585957244,
    -3.231241961392564,
    -2.193552616335906,
    -3.8764586364564493,
    -3.696980626524317,
    1.4637754023004714,
    -0.26847471874049816,
    2.6470848804092557,
    -1.0232254385365163,
    -1.284640303746275,
    -0.5031810737163462,
    -0.21060813416421909,
    0.821528695596033,
    1.6805776118819,
    2.6691142683734075
  ],
  "mood_params": [
    -1.8249879199080972,
    -4.3985659294602035,
    -1.4230987976554634,
    -6.319152115604867,
    -4.292120830043008,
    -6.533643100434894,
    -6.733131949779137,
    -4.401486710023785,
    -3.780584745902314,
    -4.064623868062802,
    -1.4684957957092593,
    -5.518621969246903
  ]
}