{
  "cat_params": [
    2.1876558824703363,
    2.4151286839448214,
    -2.035913548711008,
    -1.7362606978414945,
    2.2561155870198952,
    -1.4915563465323027,
    -2.4828901454501646,
    -1.188855686143172,
    2.014860920861654,
    -1.7005866339988123,
    -3.3156385054180864,
    2.028545051581749,
    -1.7511489891927592,
    3.1826283671311213,
    -5.711570102118445,
    -3.4915586549109228,
    -3.1137612666817187,
    -2.0452930566565413,
    -3.6880135903715354,
    -3.526229981974481,
    1.655898174634433,
    -0.04583092094273157,
    2.6285871881704903,
    -0.9920991727647078,
    -1.2322344733334858,
    -0.33044026950630984,
    -0.021316238807492068,
    0.9703986643828726,
    1.8402053951078419,
    2.872815648785876
  ],
  "mood_params": [
    -1.7672967527309218,
    -4.331047116565426,
    -1.3649144289695343,
    -6.259360015075677,
    -4.234107667040018,
    -6.413305519260162,
    -6.592802635008979,
    -4.345816285724739,
    -3.7136521993283074,
    -3.9500272909341327,
    -1.3895233257494104,
    -5.406504854661666
  ]
}