{
  "cat_params": [
    2.909897060718701,
    0.8203055155988075,
    -2.3795812969222694,
    -2.66832386135325,
    0.2784605659695832,
    -1.4945888807206174,
    2.819966228503619,
    2.7950079593825405,
    0.7080729356131316,
    3.5699283314198715,
    7.771204263300789,
    4.1345057892289265,
    6.005807568831952,
    -2.7952046350211486,
    -2.262922089833341,
    2.5512039940956486,
    2.879379924927448,
    -3.0211937847955497,
    2.141111870443482,
    2.4561550613691225,
    -0.6424516172367754,
    4.847619979264108,
    -0.6236765578082742,
    1.3314203124523265,
    -2.0699281083225274,
    3.304524761998055,
    2.378697553883279,
    0.31259796861475875,
    0.3811851067758562,
    -0.10056409528215733
  ],
  "mood_params": [
    7.720707606928645,
    3.5630478198586424,
    2.1531110315091726,
    0.803555639767302,
    0.03891989948700453,
    2.564104049827901,
    0.35068933917425105,
    3.1707544899607423,
    2.449934954220882,
    0.5506516896070498,
    1.2592819747476056,
    3.5728842514513386
  ]
}