{
  "cat_params": [
    2.988442742498258,
    0.901086617840313,
    -2.2917903938616786,
    -2.6713204028528006,
    0.4442718275331119,
    -1.4242395618254022,
    3.0405331055713485,
    2.820954832436637,
    0.9041565106039061,
    3.7305073690142896,
    8.01792760394686,
    4.292404383294535,
    6.162847547540206,
    -2.668474763038836,
    -2.073167729760339,
    2.735851584721651,
    3.002340340028773,
    -2.886913737090395,
    2.319681564631888,
    2.567206265667656,
    -0.47598727364016696,
    5.077167411898759,
    -0.6269973682809022,
    1.3458374207982253,
    -2.037370084065587,
    3.493877834518142,
    2.5488911776870395,
    0.444159697520983,
    0.5149771738462446,
    0.0657174439993376
  ],
  "mood_params": [
    7.7897592977130685,
    3.6455556745251996,
    2.2266904493667465,
    0.8914522646838192,
    0.11677253626114745,
    2.7239143000404917,
    0.484077721551629,
    3.2529779563599663,
    2.5510842219440177,
    0.6195793103917686,
    1.3353286169564116,
    3.697304026408018
  ]
}