{
  "cat_params": [
    -3.251655907561242,
    0.09358657048072003,
    -1.8295791826985919,
    -2.1678627013433167,
    -3.260015562171532,
    -2.5675397164343794,
    -3.798135085451945,
    -3.9165717423336224,
    -0.6831040051921877,
    -3.4372464873758553,
    -2.4612134886065222,
    -2.2307763826752627,
    -3.9662906594207064,
    -1.4293018472554568,
    -2.8184232307282424,
    -5.06181675824862,
    -4.227095538905056,
    -3.1001040943704528,
    -4.737485211681446,
    -1.9280631368312662,
    -1.9208964745797092,
    -4.868651106950441,
    -2.9151255904276425,
    4.127457421300542,
    -1.5085979532205036,
    -3.1213063940068486,
    -3.420930099791925,
    -3.1933774727010253,
    -2.4803589219465056,
    -3.6572652813623696
  ],
  "mood_params": [
    -2.3082099361999293,
    -3.4546319914809263,
    0.6617700078103493,
    -4.168534585858899,
    -2.5128156809147044,
    -4.9816325195006605,
    -3.755341112690526,
    -4.218816326103275,
    -3.9147449307759934,
    -1.8075712883475512,
    -3.6616420655389694,
    -2.338156565271478
  ]
}