{
  "cat_params": [
    -3.410706838930646,
    0.006570705020438938,
    -1.922761270618581,
    -2.1649812853437616,
    -3.4109193532496684,
    -2.648388893629457,
    -4.131471521717619,
    -3.970148935235435,
    -0.901120036969367,
    -3.6564673252130278,
    -2.583963285873276,
    -2.317659064729647,
    -4.1530177824854375,
    -1.5800473704904685,
    -3.026885359581073,
    -5.1746453623905815,
    -4.336436010706001,
    -3.2457536986130955,
    -4.916848362019043,
    -2.082211360131367,
    -2.0984940448527483,
    -5.053436366137528,
    -2.9214142449180325,
    4.127663117402569,
    -1.5543705282105298,
    -3.2613335539463484,
    -3.6008064814719107,
    -3.329889654550458,
    -2.603739155747533,
    -3.815665236055715
  ],
  "mood_params": [
    -2.3626918430530464,
    -3.521907005248808,
    0.5930810907735138,
    -4.236251338132142,
    -2.5794042009493694,
    -5.105222324364415,
    -3.8942274479110885,
    -4.2723677560780065,
    -3.9769086506587095,
    -1.9021309794967305,
    -3.732483054206366,
    -2.454656282268753
  ]
}