{
  "cat_params": [
    -3.5326374712853976,
    -3.6610548335272717,
    2.8164257019847034,
    1.2163944073334065,
    -3.551219329652676,
    -0.9373613740045286,
    -5.54613600057167,
    -1.7239903578648874,
    -1.8478593287385972,
    -5.104662112523243,
    -4.665830319742563,
    -2.0765143709155147,
    -5.196244895571284,
    -3.398511453679722,
    -3.0048167589058017,
    -3.1678332968470855,
    -3.4445430921570455,
    -2.3001162064236076,
    -2.1964306822396664,
    -2.901768856714257,
    -3.552961397409956,
    -4.005405609569726,
    -0.4075797428278193,
    0.8268517001867947,
    -1.6402267479210295,
    -2.6335085393721926,
    -5.072761460093332,
    -4.327527843000176,
    -3.238691081206071,
    -3.5758732254035324
  ],
  "mood_params": [
    -2.7115783512278977,
    -2.384017348992429,
    -0.5417259520206906,
    -1.2329227649881827,
    0.3290758288650607,
    -3.496159969772531,
    -1.8254212027363856,
    -1.992247857816891,
    -1.708839354159311,
    -3.1737226820818374,
    -2.8816131544782877,
    -3.9638353447426318
  ]
}