{
  "cat_params": [
    -3.4191676401680153,
    -3.563397638710193,
    2.829891544591622,
    1.22919086939671,
    -3.4304266032887085,
    -0.8834421223919791,
    -5.277077862713911,
    -1.7312458568777358,
    -1.7280716392356332,
    -4.891896364609655,
    -4.643962725836865,
    -2.1367367998023252,
    -5.025990306411152,
    -3.284862296486154,
    -2.8647573885515873,
    -3.0657477684137384,
    -3.300303759701881,
    -2.2035553278689104,
    -1.983970858080528,
    -2.7052155866206467,
    -3.421168950944383,
    -3.9445190734958784,
    -0.41220881252185304,
    0.7960029209013045,
    -1.6138778433569032,
    -2.659013134692132,
    -4.870742297490824,
    -4.185425962141219,
    -3.1489558213682773,
    -3.4473527175830077
  ],
  "mood_params": [
    -2.6552161109652364,
    -2.335260415009801,
    -0.5119909416852002,
    -1.1407320817440796,
    0.4020079990853231,
    -3.3601728383930856,
    -1.6333624450219217,
    -1.9323915681052661,
    -1.6362164266094943,
    -3.039375814881456,
    -2.769819415621536,
    -3.858140483742574
  ]
}