{
  "cat_params": [
    -0.06722883909666666,
    -0.44797975095978404,
    1.396972003360379,
    -0.12828518897377264,
    -1.2031631046568254,
    0.6017828863357466,
    -0.5628643563627916,
    -0.5207975692631674,
    1.5766468050422744,
    -2.026213124573958,
    -1.2490560892824651,
    -0.8140749442237967,
    -1.9597383432651443,
    -1.1963239364245368,
    -0.7481008765265399,
    0.7420879323701463,
    -1.3443447847872552,
    1.458612852615803,
    -0.39949384388728665,
    -1.442771719041667,
    -0.7063959377754341,
    -1.5002057237377613,
    -1.0887037275716775,
    -1.4408483786138861,
    0.29571533318339277,
    -1.9152511878992151,
    0.22817266868634226,
    -0.7260537932712939,
    -0.9567644216282525,
    -1.816003967269541
  ],
  "mood_params": [
    -0.8063361481739948,
    -1.015338621280178,
    0.6062812719902104,
    -0.7912642677628208,
    -0.9571527724869275,
    -0.607138344145457,
    -0.7378726147927802,
    -0.2491600863102341,
    0.26413393763633763,
    -0.6239842953878519,
    -0.44687243242372066,
    -3.7289514052440813
  ]
}