{
  "cat_params": [
    0.043526261041200456,
    -0.36903057162115577,
    1.4718821689612853,
    -0.12997534479279915,
    -1.0507693192935452,
    0.6622236026792745,
    -0.3009752812241823,
    -0.4832196114937201,
    1.7678014472385382,
    -1.8342625764766114,
    -1.122665559165117,
    -0.718802121792059,
    -1.7923889106412607,
    -1.0567608438954696,
    -0.5670669961851335,
    0.9050443555809318,
    -1.2362986190514036,
    1.580826658574214,
    -0.22793519809426754,
    -1.305538853234988,
    -0.5419468335659495,
    -1.3124777105232692,
    -1.0899071840210215,
    -1.4102992785599089,
    0.3632449633316788,
    -1.7775666569245685,
    0.3948062815029607,
    -0.5977298195401012,
    -0.834110871623836,
    -1.6617957996400496
  ],
  "mood_params": [
    -0.7541309473643165,
    -0.9474303485262968,
    0.6692888786007332,
    -0.7129408007995108,
    -0.8869685616144153,
    -0.4689722590356882,
    -0.6074650637906917,
    -0.18351179571430193,
    0.34866702682166484,
    -0.5465921700969651,
    -0.37555435129717,
    -3.6271697070355624
  ]
}