{
  "cat_params": [
    -1.3467449835555907,
    0.08020243106711067,
    3.0958857436340774,
    4.282473748175599,
    -1.7408149258827474,
    2.33300650014967,
    4.340179631281033,
    3.394730738643652,
    0.08430956119382224,
    2.7754508460416485,
    0.9026827407834602,
    -2.3443989067061866,
    1.664955156455727,
    -1.0349370202460166,
    6.295588492371593,
    -0.9216364551397793,
    1.9530929165278395,
    6.161912483523574,
    2.2941865606984866,
    3.6517889777593724,
    1.4577765442829191,
    -1.282106323091737,
    2.408285174216053,
    -2.1278007950213107,
    0.43103149881764447,
    0.21590814586807608,
    -0.3635247858638885,
    0.8148824270702513,
    -0.37410989677128603,
    -1.7729324802662452
  ],
  "mood_params": [
    -0.842260282161666,
    0.9508265439261008,
    -0.9527751857372098,
    1.5917862635377416,
    0.6382079771482753,
    1.5913318848351996,
    4.0579757361529,
    1.0206014109258932,
    -0.8911144229462173,
    3.270877877900896,
    0.22100782750022982,
    4.792606047020927
  ]
}