{
  "cat_params": [
    -1.2053193731916614,
    0.17128444877367924,
    3.177157121053861,
    4.28277952189593,
    -1.568659911121322,
    2.395196685059135,
    4.575709932165222,
    3.4233838292303345,
    0.3091695376926479,
    2.965380288937479,
    1.0785491654130328,
    -2.2525156684015286,
    1.85111279138291,
    -0.8716240897193724,
    6.471735144591929,
    -0.754093968038101,
    2.0884382509056594,
    6.291564952734768,
    2.4966431323683405,
    3.7717493941158238,
    1.6515362774079554,
    -1.0638255577932754,
    2.390780293660529,
    -2.0899286879202856,
    0.5099441249719984,
    0.3970747978460364,
    -0.17269761371317446,
    0.9650289921992935,
    -0.22805102942880084,
    -1.5940257504259299
  ],
  "mood_params": [
    -0.7821633531890112,
    1.0351720240001834,
    -0.8909917844166455,
    1.6952558032205942,
    0.7306496636158882,
    1.7644240173327708,
    4.214439553366475,
    1.1020181639114248,
    -0.8026294263039946,
    3.328221369952288,
    0.30457236372910884,
    4.936013348965172
  ]
}