{
  "cat_params": [
    -1.1556097178646962,
    -0.3091285513442056,
    3.8342894428864764,
    6.024193926974968,
    -0.07663754592766919,
    2.9843566066926237,
    -0.02723363377418388,
    2.05812952885981,
    -0.08293056757983383,
    0.5868910132957926,
    0.5439265197098415,
    -0.4597840070053841,
    0.059916602319863635,
    -1.0982836360412827,
    2.2424216661026333,
    4.7781562260491075,
    3.8123562214937943,
    1.6681186982416834,
    -0.3433806608196216,
    3.4631460300982737,
    1.3528070840078017,
    -1.2154993620262518,
    3.116876901597865,
    -1.0494707331128832,
    -0.1808776431437204,
    0.3370424475349836,
    -0.641851306182953,
    2.4310113745295996,
    0.3917767513941565,
    -1.4861877650811308
  ],
  "mood_params": [
    1.6807797167040124,
    3.498491386280532,
    2.7681374228286555,
    6.289856311491777,
    3.598008392688678,
    2.959695062747893,
    2.1540653019529072,
    3.3567091235949786,
    6.744967328599172,
    3.307896432353544,
    3.3375509005152164,
    -1.6048154271151063
  ]
}