{
  "cat_params": [
    -1.0163317935807523,
    -0.2183338853178798,
    3.9132176361871105,
    6.025382905555977,
    0.10853450130418262,
    3.0436896221012097,
    0.26535912796361716,
    2.091633665643054,
    0.1424518375531163,
    0.789884156310658,
    0.7150712257774521,
    -0.34450389262383563,
    0.2485257870861341,
    -0.9355464986702473,
    2.436528219073385,
    5.008528603478562,
    3.9537077013054893,
    1.8084504894311055,
    -0.14618080943934525,
    3.5844426426074305,
    1.5463376936133413,
    -0.9968031585109438,
    3.0962490123576667,
    -1.017970342384829,
    -0.11119528891653475,
    0.5193672539002314,
    -0.45124144734284083,
    2.583917810349656,
    0.5433735566414414,
    -1.3055745924696873
  ],
  "mood_params": [
    1.745681620008806,
    3.5905146377185617,
    2.8537442651506857,
    6.418776894419372,
    3.710660553158999,
    3.1414340907376306,
    2.3079129506501648,
    3.448932584268589,
    6.888238639544456,
    3.3649473621279444,
    3.4282596498127913,
    -1.4801265469149514
  ]
}