{
  "cat_params": [
    -1.5940604449791849,
    -3.053986568417902,
    -4.005684991406704,
    -3.956197182053921,
    -3.6332883667290643,
    -0.2938599919378032,
    -8.422009320953693,
    -2.251488823315679,
    -0.5256595569585077,
    -7.393277417318293,
    -5.9037984198874085,
    -4.106677181963488,
    -7.307092723032728,
    -1.7166251899565037,
    -6.950767766187832,
    -6.555724651285514,
    -6.825837278212482,
    -5.003612081619067,
    -6.600345505584847,
    -6.997032282753967,
    -5.175467748521011,
    -5.4306070811848315,
    -6.115491568261258,
    0.28150494857307756,
    -1.3202747437850826,
    -5.299402300598469,
    -5.560422636211062,
    -3.366131957291439,
    -4.461098944908747,
    -1.2945155958298717
  ],
  "mood_params": [
    -3.0182565850776166,
    -4.244690155567266,
    -3.400053971821616,
    -5.04725809430845,
    -3.9588649057504446,
    -6.276044973023051,
    -6.396901835455735,
    -3.862817518610022,
    -5.061910599697446,
    -5.2904328609429205,
    -6.2856746290187235,
    -5.605371837981021
  ]
}