{
  "cat_params": [
    1.6040535174838786,
    1.970801936055439,
    0.7381742567127365,
    1.4017560947491035,
    1.8555494150729712,
    -0.8867418540814794,
    4.377043784286176,
    1.1443980798309819,
    1.4395041767658159,
    3.468676609005925,
    3.972332044024546,
    1.2113469990292676,
    3.5835962094707887,
    2.426151260953815,
    3.3775760442836322,
    2.790200029329717,
    4.490536039192864,
    1.7879223353139784,
    1.9937688236308426,
    2.615642972854694,
    3.7070668039441044,
    2.8630415156249525,
    2.207328707389373,
    1.0610263874214958,
    -0.675754884932173,
    3.593795014651739,
    4.630553909609833,
    4.509262796396366,
    3.8789169542678152,
    1.77311176601864
  ],
  "mood_params": [
    1.584607750988426,
    1.6185700132770433,
    2.398350925027953,
    2.9015106085207463,
    2.6741723795834114,
    3.6703740446696838,
    3.3200434991531784,
    1.1037529367957206,
    3.440107760323139,
    1.6761554603576947,
    1.3123692643610625,
    2.9141240356287064
  ]
}