{
  "cat_params": [
    1.492370539272712,
    1.8768378257340776,
    0.6475763313627027,
    1.4029423925309075,
    1.653667281730942,
    -0.9646353644592147,
    4.133821444285467,
    1.1067405228024498,
    1.2143256298673468,
    3.2782181190295185,
    3.7561073004377277,
    1.0749453983899238,
    3.396858011319248,
    2.2302069003767846,
    3.184154216769046,
    2.581009357769401,
    4.345257176714714,
    1.6450689902825202,
    1.7889363437867103,
    2.4849244732163176,
    3.5055792262745253,
    2.616575778485114,
    2.224139794482277,
    1.0414484783829328,
    -0.7382672417240809,
    3.37932144596415,
    4.432714811658486,
    4.35053537628812,
    3.700849897344072,
    1.5710657851318948
  ],
  "mood_params": [
    1.5189592311322933,
    1.5310829215195423,
    2.314488120860171,
    2.789928901095967,
    2.567054093334883,
    3.4825439085552112,
    3.162231062650895,
    1.0210231038134472,
    3.3197889790335857,
    1.6042179290784808,
    1.2250831381419591,
    2.774409978212423
  ]
}