{
  "cat_params": [
    0.255408684726757,
    -0.5599972673054676,
    2.209026261404701,
    -2.7428242981489994,
    2.5689755814580395,
    0.9123465247427763,
    8.652168823259673,
    8.162077847942184,
    1.5661896109349154,
    10.30185388076169,
    -2.0190381154850625,
    5.157251968643104,
    10.342314081123392,
    -1.7052611081683937,
    -0.8197299986532799,
    -1.21440455140123,
    3.465553384915432,
    6.71689859595634,
    -0.8685852779083416,
    4.014434100499963,
    3.3082821024291404,
    4.611738686570564,
    1.445109590516179,
    8.100544802502387,
    1.7950140928296134,
    4.35182984497733,
    6.266564999144774,
    3.107951732673054,
    2.0246894233418495,
    4.1479226195373435
  ],
  "mood_params": [
    -1.840803034358499,
    -2.6750124799045,
    2.1985840215522154,
    -4.632404101458902,
    -1.6902446994865066,
    -1.9534140052343578,
    -3.305442858198234,
    -3.960006379403493,
    0.39554574913784285,
    -1.992349511436096,
    2.657598921276901,
    3.223114410041962
  ]
}