{
  "cat_params": [
    0.4387353383475967,
    -0.35640591285727613,
    2.35025705288572,
    -2.636301808445281,
    2.8827325370500723,
    1.0180510674281573,
    9.0036482347608,
    8.324989878238513,
    1.816870869714898,
    10.629679763034432,
    -1.741061841828318,
    5.484463836633131,
    10.746345675213014,
    -1.455309827984553,
    -0.4976411800357874,
    -0.8780667505593107,
    3.8430594085212246,
    6.620275175164903,
    -0.5367483535985288,
    4.222277287729758,
    3.679672756280271,
    5.031089004226099,
    1.6016168108595763,
    8.176186613429637,
    1.9011098156779462,
    4.7474685366953535,
    6.625574949403753,
    3.46477277596179,
    2.3555206408396,
    4.454032798527743
  ],
  "mood_params": [
    -1.7369090219713412,
    -2.4560708879722597,
    2.389320376258082,
    -4.38168692194496,
    -1.4870432378739937,
    -1.6429821083266563,
    -2.9736493361241134,
    -3.7975247515818236,
    0.6538817741038854,
    -1.7427123728292229,
    2.8930879233915054,
    3.3896616197815495
  ]
}