{
  "cat_params": [
    -1.5618208506372602,
    0.8335533801788332,
    2.122440515819217,
    2.343188304463907,
    -1.033025898956407,
    0.2487374203700614,
    1.6420339360691802,
    1.8045460553186259,
    -2.086497710837345,
    1.2024551505260688,
    0.9546705044639531,
    -1.0359992902865889,
    0.3799362758233354,
    -0.7085814371365498,
    1.7100252553144175,
    -1.9272126281513324,
    2.072392022398611,
    4.211569928845497,
    -0.6569110080287787,
    1.2062569705980493,
    0.9854084505048619,
    -1.8299399280498645,
    1.490901720376636,
    1.6130385851410116,
    -0.6944267850509181,
    0.886959505572513,
    1.1327921327687822,
    2.236670922541147,
    0.15865346842805964,
    -0.9928927130815935
  ],
  "mood_params": [
    -2.6611721527592525,
    0.14593848055705155,
    0.903103377941158,
    2.6443843830253444,
    2.063706035477023,
    0.7983135784873462,
    1.4994408092677662,
    1.3484701298218054,
    -0.38448598309295806,
    2.0009593482441828,
    1.2457438308042708,
    0.45758138410271715
  ]
}