{
  "cat_params": [
    -1.7061919103470053,
    0.7427704352570691,
    2.0386027725773297,
    2.343849428714823,
    -1.2077421155118198,
    0.17772005722757403,
    1.370229980071927,
    1.7703522216143899,
    -2.3169095152134505,
    1.0037380839925685,
    0.7818146854378258,
    -1.1417652941426168,
    0.19316441799145026,
    -0.8718810356663967,
    1.5144596840329962,
    -2.0804428010261944,
    1.9382119758113405,
    4.078214975091947,
    -0.8513850816975336,
    1.0692666192988602,
    0.7947460111890583,
    -2.0415249294973448,
    1.5043630424657657,
    1.5973972484012164,
    -0.7548245591342794,
    0.702689479233135,
    0.94259982935867,
    2.085642221386185,
    0.011097286654552008,
    -1.1737250222234155
  ],
  "mood_params": [
    -2.7171642250952472,
    0.06496813610253147,
    0.8304902250370592,
    2.536617566317063,
    1.9629810150928235,
    0.6326908408189265,
    1.3480071791971395,
    1.2665795382038165,
    -0.4751340251257574,
    1.9337688205741743,
    1.160744217812778,
    0.32835640697985286
  ]
}