{
  "cat_params": [
    -0.4085498927226602,
    0.29193374079065393,
    -2.2271430198393034,
    -0.6181076182937377,
    2.445756513611607,
    -0.42985633647306004,
    -0.009188363140178768,
    0.15208866561550682,
    -2.522927025326148,
    -0.08788943253909096,
    -1.977971874475327,
    0.30451476561862206,
    -0.2691277777070239,
    1.7461443408134092,
    -0.9876277639912315,
    3.207598878337552,
    1.238831663172102,
    -0.011670633970041804,
    -0.9451773091248612,
    -0.7859103017895387,
    2.0284953636971284,
    -0.29487323496036416,
    -1.4013478226959988,
    -0.2813852357373295,
    -1.077642544838353,
    -0.9912131343705575,
    0.7688730407012283,
    2.207113790493681,
    2.0989121957535586,
    2.504889426917635
  ],
  "mood_params": [
    -1.229686340740338,
    -1.2981556955041682,
    3.37117925053601,
    0.8226746155566177,
    2.1924329993200895,
    -0.14569257367732039,
    -0.38491457188850625,
    -1.2918379145673393,
    3.0167809440264803,
    -0.6914886505784844,
    0.3791822815842776,
    -0.4133731908622815
  ]
}