{
  "cat_params": [
    -0.28209900596632276,
    0.3799772455679146,
    -2.1321773582870227,
    -0.6202213813035049,
    2.6441381385625777,
    -0.35808874883234854,
    0.2729114858653438,
    0.19107243576613425,
    -2.297824043004226,
    0.1118837753205683,
    -1.8457744673068097,
    0.4250368685116737,
    -0.08663916053902296,
    1.9286738372920342,
    -0.7863702524673433,
    3.4144215981692883,
    1.3673406540364839,
    0.1275885046582898,
    -0.7561223320034879,
    -0.6396350968707475,
    2.2168118062200635,
    -0.07837698890250722,
    -1.4018204777611798,
    -0.25531133488803975,
    -1.0240288616104425,
    -0.8278739264216751,
    0.953876621186243,
    2.354416765973322,
    2.2576314528390626,
    2.7026041282720388
  ],
  "mood_params": [
    -1.172492865541252,
    -1.2234477061653015,
    3.458264488354644,
    0.9186486325483445,
    2.292395808271065,
    0.010700672552443396,
    -0.239851708748213,
    -1.223810294585622,
    3.1299736617694296,
    -0.6057500695907463,
    0.4601941831416995,
    -0.28973946021872504
  ]
}