{
  "cat_params": [
    0.9881839557875988,
    0.6224008415784791,
    -0.0788573061232611,
    2.590565871784994,
    0.6506534396914266,
    1.882535240750836,
    -1.9110663054013355,
    0.23644151027302593,
    0.4462871027880723,
    -0.099371417963725,
    -0.3359365253888652,
    2.951658008611697,
    -0.5570389155867953,
    -1.426742995553341,
    -0.4015414405835681,
    2.521633784494407,
    0.7279571901211758,
    -1.6621005771635498,
    1.2537602809013797,
    0.9751373941767922,
    -0.42720650919498543,
    2.1779640436245593,
    1.299795827000885,
    -1.8153994401687812,
    -1.119117881826136,
    2.726271232507735,
    -0.9281348898580631,
    0.2662410850408794,
    0.07505122119746711,
    0.09483797701508367
  ],
  "mood_params": [
    -0.5001998620092442,
    2.849723049543438,
    0.48914180509472865,
    2.209411590063706,
    1.1749381894040187,
    0.49054026191406847,
    2.088465843902968,
    1.4096580937967211,
    0.6279772718115975,
    0.40285795813960856,
    2.8202758166664976,
    0.803248758159838
  ]
}