{
  "cat_params": [
    1.0689615967157478,
    0.6773944753457343,
    0.07430060192092,
    2.683332391982569,
    0.3662371004451658,
    2.0123934327024804,
    -1.7549795971449664,
    0.36767575497041827,
    0.5547884989398433,
    -0.001769945160917346,
    -0.26334159051661166,
    2.9541993153220556,
    -0.48172099380003924,
    -1.334140745217734,
    -0.27030854592628484,
    2.622357887072706,
    0.8117718293316019,
    -1.4967650754275428,
    1.4522405529322022,
    1.0031090234579565,
    -0.3425199392475538,
    1.9867054937505224,
    1.2786569103460472,
    -1.8010663227410757,
    -0.9939364585700246,
    2.7764564994856946,
    -0.8094491198593338,
    0.3136227316163999,
    -0.048242031038420057,
    -0.1399818829832262
  ],
  "mood_params": [
    -0.4194954139773729,
    2.9131484363799047,
    0.513351754395116,
    2.315405831658351,
    1.2695715964944856,
    0.6652108435470362,
    2.2063078972224477,
    1.559125994281922,
    0.6661845802096136,
    0.40352904338230217,
    2.9013280651617084,
    0.9817064937001125
  ]
}