{
  "cat_params": [
    -1.5093861560875967,
    1.527244475242944,
    -3.8800086643469545,
    -1.603667272595723,
    3.149402786868873,
    -0.8897969263545893,
    0.15515731837595398,
    -2.4289894960408773,
    0.3674162639763308,
    1.8539819447350845,
    1.5012909222745057,
    -1.670423119298553,
    0.06936429083686509,
    2.7251127498900782,
    2.3461502630429103,
    -0.2095163668237991,
    1.4142995026363927,
    -2.456148990489699,
    0.15911176448565395,
    1.5662627194738477,
    0.3695091529183433,
    0.5081121862068915,
    -0.3721680465014904,
    -3.7680426959787447,
    -0.5533868645379557,
    -0.6485227043154218,
    -1.6642528048804235,
    2.0198541349542287,
    0.9500517848275818,
    2.1642715658615836
  ],
  "mood_params": [
    1.2342298748208158,
    -0.6093183347330535,
    -0.2532813971633651,
    0.47746366947356567,
    1.3192479832303954,
    1.1527528236833333,
    1.84193359869548,
    -0.6227438390932142,
    0.0980910036952377,
    0.6393969201244339,
    -0.6415104643579517,
    0.7357523493906398
  ]
}