{
  "cat_params": [
    -1.6696073624135823,
    1.3952232711021384,
    -4.028276153339536,
    -1.6547202588134107,
    2.851838693759266,
    -0.7885688148946747,
    -0.07675788049624627,
    -2.4809185633115165,
    0.07903403335960932,
    1.6612711531922628,
    1.3303106035741592,
    -1.851969416856501,
    -0.11649848596201921,
    2.562188671425227,
    2.432128495193779,
    -0.4316092100062191,
    1.227056639585036,
    -2.6034989746002486,
    0.17717875672942682,
    1.5252240215251927,
    0.10933353377036469,
    0.38328773616331857,
    -0.267967896407935,
    -3.886875463789964,
    -0.3746996566468953,
    -0.9030657930366403,
    -1.8342149745366272,
    1.7983223286060381,
    0.7215635800695666,
    1.842790508980561
  ],
  "mood_params": [
    1.303369113019187,
    -0.44714126120056796,
    -0.4142632848965524,
    0.5254376587552861,
    1.1620851971883923,
    1.042446912485519,
    1.7327726157170378,
    -0.41887201496707177,
    -0.03062247741104205,
    0.6782086974176113,
    -0.6927945485199704,
    0.6767153759320892
  ]
}