{
  "cat_params": [
    -2.544855300617252,
    -2.7252072644091,
    -0.034269797340026345,
    0.6883201475926752,
    0.44810550309219244,
    -1.5984711954886528,
    -1.2181497923143265,
    0.6642466714563945,
    -0.33963774216468406,
    -3.6930461885162744,
    -3.214944806328129,
    -2.571705545412731,
    -3.4911478195054486,
    -1.7117077704409949,
    2.099435329462332,
    -1.8047642651561746,
    -0.31578495979595594,
    4.418390611319921,
    -2.319618618805113,
    -0.8330676459407348,
    -2.206856145774208,
    0.638475674639052,
    -1.914082628639211,
    1.0067244229219081,
    -1.541551008132615,
    -0.786572804973159,
    -2.343730774315191,
    -0.5126428562031491,
    -1.8199776723602468,
    1.3624895800785404
  ],
  "mood_params": [
    -1.0152999288773996,
    -0.4525726795774216,
    0.12483550429635389,
    1.8650859768557786,
    2.326469178484255,
    -1.122380329947195,
    0.4758111023714444,
    -0.29583225968609117,
    0.36796950227855385,
    -0.20038515937674362,
    -1.552740686555264,
    -2.185423331230756
  ]
}