{
  "cat_params": [
    -2.472621508058072,
    -2.783579948714976,
    -0.15488210692203885,
    0.6774473003282042,
    0.5637796495159222,
    -1.2716917557081786,
    -0.8007592869500076,
    0.7760967060638447,
    -0.14840967123996054,
    -3.4231530015644056,
    -3.1946877383512318,
    -2.58066743954609,
    -3.248733929645274,
    -1.3392136988890682,
    2.7838659690239997,
    -1.6852199891624535,
    -0.33665175886899457,
    4.679231861942419,
    -1.9109721388869285,
    -0.5394164226386526,
    -2.1652432782298416,
    1.3083221419295556,
    -1.3939182417178009,
    1.0150876085172114,
    -1.3983060790177244,
    -0.5460924337181833,
    -2.267917153414713,
    -0.4865074510976779,
    -1.706982281419356,
    1.4779315005255576
  ],
  "mood_params": [
    -0.7144901311670502,
    -0.057633294930277454,
    -0.017585120380366963,
    2.131917224441671,
    2.385534461646337,
    -0.9925046975534724,
    0.8599581171283432,
    0.13722816498911472,
    0.3104928772102885,
    0.061261065520798276,
    -1.2713957092653194,
    -2.0842567600540822
  ]
}