{
  "cat_params": [
    -4.7810718581419405,
    -1.9273711372951585,
    -2.2569207047226705,
    -3.0973850989883323,
    -2.1660814395297714,
    -2.2892010683533814,
    -1.5482244403814929,
    -0.2873138031676502,
    -3.0011615461036163,
    -0.2780897935468458,
    -2.125520351831399,
    1.4512672138513516,
    -0.44232652003016754,
    -3.939484410300146,
    -3.957047747752055,
    -2.4245599774755093,
    -0.6128808274490092,
    -0.7608452049223198,
    -4.149141400509552,
    -1.374265809714851,
    -1.64863581551578,
    -2.197768864241031,
    -2.0476368417818884,
    4.27580956423951,
    -1.833571936381471,
    -0.7368490449042379,
    -2.13319489237053,
    -1.477381067057715,
    -2.5975610829396025,
    -2.2550232025172776
  ],
  "mood_params": [
    -3.6594493942513133,
    -5.391903865525947,
    0.35672331323525147,
    -4.15862227402271,
    -0.4166338957003627,
    -3.7759046864633734,
    -3.6015664082190506,
    -4.9478720126030105,
    -1.0350638433049584,
    -2.1035182623367135,
    -0.6613977828485991,
    0.20109420889934443
  ]
}