{
  "cat_params": [
    -4.580408687212966,
    -1.765375770762754,
    -2.204419519461544,
    -3.04121048372855,
    -1.9300000639185506,
    -2.285153507072208,
    -1.148742163896856,
    -0.2028773199497349,
    -2.839071759560424,
    0.09113842652574618,
    -1.8793470268213226,
    1.701706498974459,
    -0.09305705663223145,
    -3.7343678532921434,
    -3.6433702308925846,
    -2.109135594527856,
    -0.2775451045229838,
    -0.62832845377276,
    -3.864406202908845,
    -1.1051847446114675,
    -1.3607758926175355,
    -1.882660895312142,
    -1.852952567998892,
    4.3135884164989795,
    -1.986010411925267,
    -0.43508648050522014,
    -1.8580726656611917,
    -1.144336730684715,
    -2.343156548652388,
    -2.0457350719046565
  ],
  "mood_params": [
    -3.5477402564364273,
    -5.2121984704490885,
    0.526355830967449,
    -3.9139722704627196,
    -0.2098112222909832,
    -3.474238421695285,
    -3.287237452234414,
    -4.799169530334691,
    -0.7975564472645951,
    -1.8591543466154958,
    -0.377276953368912,
    0.48160734093670177
  ]
}