{
  "cat_params": [
    -1.1290941312680214,
    -0.7120918064377606,
    0.01382451733612635,
    1.1051146055301917,
    -0.9158332179325802,
    1.1830546073025285,
    3.4120803868376144,
    -0.32182723774687894,
    -0.18348501535163644,
    2.3950107261342986,
    1.0994464713409144,
    -0.6592195851281393,
    1.3823276704870793,
    -0.5434345145625739,
    7.190758467641422,
    2.192227888885014,
    2.5235987939200806,
    5.302186075461012,
    2.302798193984446,
    3.2080907925970408,
    0.3975117379904077,
    0.8159217348570746,
    4.4898587620798045,
    -1.5505281302727214,
    0.7247252473968807,
    1.6437122707256058,
    -0.178457066111543,
    1.3099602638770529,
    -0.17217852158195157,
    -1.6336473102566424
  ],
  "mood_params": [
    1.1513786988893204,
    5.871941360925011,
    0.03251438214608618,
    6.370255494247384,
    2.0295299453810864,
    3.6786111055421338,
    6.072010710851699,
    4.384197338812288,
    0.4424456168649509,
    4.518762905953292,
    5.727343808263936,
    1.8960937245618006
  ]
}