{
  "cat_params": [
    -1.2707499045699087,
    -0.8033030655300932,
    -0.07830149205169853,
    1.1064353776496592,
    -1.0946372059169407,
    1.1148994776944234,
    3.15860368160108,
    -0.3644756656862975,
    -0.4118272603507293,
    2.199873077163044,
    0.9219192382398487,
    -0.7716663269796936,
    1.193830657681846,
    -0.7111729225593084,
    7.01605277596072,
    1.9910529114158493,
    2.3857481881394187,
    5.168935220257399,
    2.0990319609326433,
    3.082848702252399,
    0.20485095473276277,
    0.5840590675368831,
    4.5167153723766695,
    -1.5854124978157558,
    0.6420085986642141,
    1.4492166769020838,
    -0.37091893293678596,
    1.1579509488273734,
    -0.31990628919210573,
    -1.8139362981743363
  ],
  "mood_params": [
    1.087077832563994,
    5.772366033921582,
    -0.03572322054392668,
    6.240786592480434,
    1.927528265254502,
    3.492108199214275,
    5.911704482411572,
    4.287012004822022,
    0.34428264027662436,
    4.470183555350298,
    5.630665477181356,
    1.7604476958883348
  ]
}