{
  "cat_params": [
    -1.6888584717379178,
    -1.3696319854196357,
    -4.066858145435758,
    -3.182874158540486,
    -4.39438095086317,
    -1.8592726732353193,
    -6.17409249407459,
    -2.887226908015244,
    -5.2829966875808605,
    -5.224509395812581,
    -3.289665238048436,
    -4.085054086356711,
    -4.751448788074831,
    -3.113519659372286,
    -3.723813409485546,
    -5.9632365236418154,
    -5.422763960875662,
    -1.4156244077139688,
    -3.7458517813758623,
    -3.038679277498973,
    -5.010593986491227,
    -4.0062984804831885,
    -4.933585067209452,
    -3.1070955726871228,
    -1.5539131501316963,
    -5.457608613189315,
    -2.9435039642551795,
    -4.927226171278224,
    -4.840795525614603,
    -3.476136272926833
  ],
  "mood_params": [
    -1.6617634542789885,
    -3.1047212657611842,
    -4.202564126028223,
    -4.4440504075168805,
    -4.128145948895775,
    -5.20498793702035,
    -3.0616063470406822,
    -3.2276535442258667,
    -4.9675378254965805,
    -1.4574550362937522,
    -4.517009533942596,
    -2.880597575241481
  ]
}