{
  "cat_params": [
    -1.5957198880338423,
    -1.3171924210853252,
    -4.000459573596026,
    -3.185583799721647,
    -4.319664588065875,
    -1.8085880743204257,
    -5.9218174159243215,
    -2.85268734063886,
    -5.134296558820415,
    -5.072065024750441,
    -3.236665862017231,
    -4.064721986644674,
    -4.633382516299327,
    -3.04039548737763,
    -3.5874947833110427,
    -5.924620280116851,
    -5.364509006082558,
    -1.327526698691569,
    -3.637115720904388,
    -2.9315232659988686,
    -4.909619819700633,
    -3.8984116981780064,
    -4.9158874315049506,
    -3.0738799346454906,
    -1.5348318961729657,
    -5.404615793454034,
    -2.833577961961268,
    -4.848288481664959,
    -4.788440919402182,
    -3.3855697259583843
  ],
  "mood_params": [
    -1.6286961281164805,
    -3.0662310945408295,
    -4.189608744764141,
    -4.412429679491763,
    -4.104609677792201,
    -5.142140858563346,
    -2.9772089758654134,
    -3.197547342653749,
    -4.947463696244602,
    -1.3970835929988745,
    -4.478590825513136,
    -2.8130488367336692
  ]
}