{
  "cat_params": [
    -0.9008367007764164,
    -0.17441984083081377,
    -1.0151062947948708,
    -0.8122924198071364,
    -0.696528819601851,
    -0.022938543483986353,
    -2.097076149075841,
    -1.8832556710542467,
    -2.7229559977652693,
    -2.1828842325116478,
    -0.9228134651707166,
    1.0609037967201422,
    -1.3890125391904715,
    -1.3234059569658314,
    -1.0677112132234101,
    0.1493724201678458,
    -1.7853131444168349,
    -2.7587842460301912,
    -0.6808524373952279,
    -2.2488155608438767,
    -0.7182400327872588,
    -1.4999147206650372,
    -1.2710549611839752,
    -2.0246113651955535,
    -0.30079445414218103,
    -0.34232120126427823,
    -1.8879001750799345,
    -2.1839858033149144,
    -0.6663307397474989,
    -1.7100317977201942
  ],
  "mood_params": [
    -1.609756193648285,
    -0.3865893716579878,
    0.5005181236040178,
    -0.13143266082116675,
    0.1016376704718153,
    -0.04994962966811494,
    0.3683554574637698,
    -0.32782533558748306,
    -1.0228118526549637,
    -0.9164659142737733,
    -0.01894900699554171,
    -0.04486419959331739
  ]
}