{
  "cat_params": [
    -0.9860785171291083,
    -0.22770222387343003,
    -1.0720012561988908,
    -0.81078563551367,
    -0.7993650447081653,
    -0.06575581942997145,
    -2.2987174949085443,
    -1.914263977130918,
    -2.86409992010812,
    -2.3179792776460464,
    -1.005870675861112,
    0.9777190287005316,
    -1.5021157514415944,
    -1.4119962360125897,
    -1.1928147855811921,
    0.04453141691335933,
    -1.855093067292633,
    -2.8502913839901995,
    -0.7954686660224111,
    -2.3511013185933654,
    -0.8283430647553349,
    -1.62266858200823,
    -1.272617447083371,
    -2.0515901548079056,
    -0.3382137831023716,
    -0.44325580646090273,
    -1.998563972815057,
    -2.2674655780865476,
    -0.7482773380015001,
    -1.810510627952309
  ],
  "mood_params": [
    -1.6428595211874344,
    -0.4331307828080236,
    0.4577248687865063,
    -0.1861200457213476,
    0.0495745731813476,
    -0.1447729777492779,
    0.27936724537009155,
    -0.3711455881737358,
    -1.0708434514139005,
    -0.9730087175750152,
    -0.06756740202727196,
    -0.12048882926690192
  ]
}