{
  "cat_params": [
    -1.011338233695705,
    -0.9788650515029114,
    4.475039065809127,
    5.360415065524772,
    -0.8359605862223658,
    1.795687823367442,
    2.756762293158393,
    2.8142618685597522,
    2.241138112897742,
    1.4653625005980875,
    2.0328323191839104,
    -0.016233776565714075,
    1.3642500263505783,
    -1.49047081138777,
    1.5602875165869694,
    1.2026461541314395,
    3.065242948725733,
    3.9482435946100725,
    0.33335603038749445,
    2.5469514648161025,
    1.311965414271174,
    -0.5546488221611369,
    2.4076190832354736,
    0.13318089492565782,
    -0.9931805176863218,
    2.1673567091780885,
    0.6286901608912004,
    1.6402343518797025,
    0.2563417297622869,
    -1.2962913939407974
  ],
  "mood_params": [
    -0.1558380628860307,
    1.3500019668854497,
    1.0898499908314845,
    3.754912674827552,
    2.1139499016974006,
    1.1297077870791132,
    3.0395016556848127,
    0.7909414878779875,
    2.818917708775679,
    2.6712818890543732,
    2.625169903252953,
    0.14665814274632327
  ]
}