{
  "cat_params": [
    -1.147212238771961,
    -1.0667152767361925,
    4.400294180273769,
    5.359514243315717,
    -1.0089717841187242,
    1.7327625499517223,
    2.504911481731973,
    2.7844676340235015,
    2.0282501178113157,
    1.2718693775946526,
    1.8488108857455705,
    -0.13240761403887044,
    1.1823001632676446,
    -1.643723930380088,
    1.3676518218710256,
    1.0183753051697184,
    2.9301228728263786,
    3.8167993966792255,
    0.14037768088644534,
    2.422102383161722,
    1.1239285645429071,
    -0.7701927751324894,
    2.4250171326248844,
    0.10918986001080945,
    -1.0478870146234815,
    1.9740738447664274,
    0.44224200407820347,
    1.492828244204135,
    0.11067591930074111,
    -1.472024037866921
  ],
  "mood_params": [
    -0.21551169563737477,
    1.266839353753157,
    1.0172323778568153,
    3.6428174894370606,
    2.014419273498873,
    0.9648469440197823,
    2.888598760905766,
    0.7129577167670534,
    2.7071030443920177,
    2.610902655555339,
    2.538469497947456,
    0.02060397113711764
  ]
}