{
  "cat_params": [
    -1.6920182368177337,
    2.0315043074464985,
    -6.47301485953494,
    -3.625956880370869,
    4.167007084756091,
    -1.9218685710240468,
    1.8274133051658725,
    -1.042714684929387,
    -1.9014884299937742,
    2.5988433903358144,
    3.2738702837812816,
    2.726238597938105,
    1.7486411379027427,
    6.166525612909725,
    -2.290439908146606,
    -2.190216192691294,
    4.023246871342057,
    -3.9260476340205828,
    -3.246056770212154,
    2.303188960442848,
    3.7004989223877685,
    0.6372589082023119,
    -0.43883316978219605,
    -2.6491645421093457,
    -1.429615864011331,
    1.1490234480444703,
    -0.20187335169099607,
    5.533582095645613,
    2.187012228683005,
    4.627578405759687
  ],
  "mood_params": [
    0.09788749749939978,
    -1.5084824697469874,
    0.7527745620638823,
    -0.07762396272157755,
    -0.3346920740188633,
    -1.6081079343281248,
    -2.529454030270904,
    -2.618268715695442,
    1.2670292350462624,
    3.561701834482488,
    5.1875247264965605,
    3.209340723347893
  ]
}