{
  "cat_params": [
    -1.9153452953689525,
    1.8234042455346244,
    -6.606943355909298,
    -3.8185604825673964,
    3.9128657038613706,
    -1.963039129013816,
    1.444094185348139,
    -1.1399382340542468,
    -2.1381245424306936,
    2.1558716559952784,
    2.8043993308122075,
    2.337762709992005,
    1.2571815131335813,
    5.927250130035725,
    -2.6565761071656397,
    -2.663814469098489,
    3.448581198275848,
    -4.178966447227641,
    -3.6506521152486946,
    1.9370449557374974,
    3.2745569446500786,
    0.21122599020981433,
    -0.7417426275939945,
    -2.7982031956284894,
    -1.3402823950368628,
    0.6609032237558887,
    -0.630710781568891,
    5.091683948144358,
    1.7238541750579675,
    4.451356069356823
  ],
  "mood_params": [
    -0.10630354807448791,
    -1.8762887670137645,
    0.46971318738383805,
    -0.522123250472921,
    -0.6619425129239697,
    -2.128053167611405,
    -3.019745409402997,
    -2.8846577593031664,
    0.8639841680947328,
    3.234164011713241,
    4.723906216905616,
    2.796209451686341
  ]
}