{
  "cat_params": [
    -4.405215948563657,
    -2.66929848235793,
    -1.1100104692184058,
    -1.6900315360319402,
    -3.753650564045136,
    1.8181416196200526,
    -6.247969275111195,
    -1.2714374269205202,
    -5.332729231587722,
    -5.35844141322321,
    -3.450467293605602,
    -2.9665709034178525,
    -5.387634477713901,
    -3.5610038884503354,
    -3.4616283916797816,
    -3.955652095593103,
    -5.018429090947965,
    -3.2404989208907375,
    -3.8693669857419324,
    -4.227689222085309,
    -4.465082098118502,
    -5.297314577815402,
    -4.897438780932342,
    -0.08417476061647826,
    6.472028214072835,
    -5.222545890639068,
    -5.056632737551263,
    -5.178566526311398,
    -4.000109725723013,
    -4.359903882892229
  ],
  "mood_params": [
    -1.3041953628834013,
    -2.9099349998985624,
    -2.1337745299863045,
    -2.9583589672101986,
    -2.537876197804909,
    -4.067248310062213,
    -4.754210696776709,
    -1.146183065328281,
    -3.050070369580903,
    -2.1103345070827717,
    -3.4433518777017094,
    -4.255946658929055
  ]
}