{
  "cat_params": [
    -4.59306072406472,
    -2.7881137738789086,
    -1.0790264408784136,
    -1.695453355130003,
    -3.7724874892346114,
    1.8382700273062744,
    -6.365326499018746,
    -1.0679511157775714,
    -5.302788723439154,
    -5.448965997670859,
    -3.5271056868450543,
    -2.990457446555606,
    -5.423046418524384,
    -3.4972341761900565,
    -3.3176860933594305,
    -3.9984649736863993,
    -5.0165293787838365,
    -3.156877708636575,
    -4.008957871158387,
    -4.291577666936616,
    -4.505362105899418,
    -5.3693478384661075,
    -4.852233645456895,
    0.14027250377980766,
    6.334242186248527,
    -5.212152727638057,
    -5.1583073091930185,
    -5.1819163010394,
    -3.95362886719792,
    -4.397965503595046
  ],
  "mood_params": [
    -1.3721297418808396,
    -2.866250991121725,
    -2.095978071315902,
    -2.8593186104657486,
    -2.5323466078723866,
    -4.088477765465056,
    -4.728750877383889,
    -1.1028318642228097,
    -3.068872200922207,
    -2.1003425221776473,
    -3.3334949293315375,
    -4.304668800017835
  ]
}