{
  "cat_params": [
    -3.2936028300038305,
    -3.390558425131976,
    -1.2187091562226,
    0.7015261715684681,
    -4.514180332182975,
    -1.01280366387487,
    -7.3063623889211575,
    -2.461436439471849,
    -3.009403611938642,
    -5.915786077181421,
    -2.962038775409418,
    -1.9317413264253855,
    -5.896458789470378,
    -4.459132472435975,
    -5.0673704671355875,
    -2.2459294265937033,
    -5.168467658051674,
    -3.1908126904299636,
    -4.09897132043805,
    -5.41856251522211,
    -5.704825176074194,
    -4.59792228778215,
    1.042148550417672,
    -2.713345503737173,
    -1.1646396226169695,
    -2.7111926076655357,
    -4.813437940981461,
    -5.408965184370725,
    -4.055003693677659,
    -5.396602871044264
  ],
  "mood_params": [
    -2.307270968486626,
    -3.014393137746557,
    -2.0595902079962,
    -2.587658012659048,
    -1.5157106233478244,
    -3.9505672687846745,
    -2.885451433878385,
    -2.6450039904361957,
    -2.58720911591535,
    -2.807987854639533,
    -1.8726532932859519,
    -3.211546692625247
  ]
}