{
  "cat_params": [
    -3.419943449091023,
    -3.3835373374653743,
    -1.3895157101842366,
    0.602025931888947,
    -4.6787597900386375,
    -1.101923229781947,
    -7.711531140899733,
    -2.5956568785975516,
    -3.3109053882247093,
    -6.1565478607701545,
    -2.8486781409457063,
    -1.7413725425514892,
    -5.988401539080582,
    -4.609057468161356,
    -5.268019639809288,
    -2.3960056914405676,
    -5.259978041787994,
    -3.4344694223064427,
    -4.224949906231077,
    -5.513264193090715,
    -5.861078716082748,
    -4.672795719032521,
    1.070860835964828,
    -2.7024298028176728,
    -1.277981192884504,
    -2.362549283462137,
    -4.984016463254634,
    -5.525961337066431,
    -4.158231772844604,
    -5.607733593614014
  ],
  "mood_params": [
    -2.350361307853932,
    -3.0446600816361706,
    -2.161930755813637,
    -2.6723128267258085,
    -1.6702014586671465,
    -4.127707658246957,
    -2.9766122695036845,
    -2.6999276332767908,
    -2.7111015715766533,
    -2.696477893236398,
    -1.8917301562446533,
    -3.2687166084246284
  ]
}