{
  "cat_params": [
    1.3385700249774422,
    1.7143707326108424,
    1.0713936448207375,
    -0.8500404673698158,
    0.7024744518802416,
    -0.9350257940169435,
    0.8078911476857066,
    -1.7393730951258106,
    1.414455489664063,
    0.36708234459648253,
    1.9274803887716963,
    0.8718013556970896,
    0.1585379170537084,
    -0.6552372402986046,
    -0.3137417007088722,
    3.3801972304844905,
    1.7635697296781836,
    0.7559951719218222,
    -0.28729806645514167,
    2.129351045449776,
    1.3123256040593345,
    -0.02820836594949323,
    0.919637425485724,
    -0.9007634360547233,
    -1.2724818175008619,
    0.7208355906954845,
    1.8422447389700316,
    1.6065365613232685,
    1.132719189030385,
    0.37970051121365206
  ],
  "mood_params": [
    2.641902713715898,
    2.2971163250681808,
    0.9427140885106288,
    2.755601727832986,
    0.27649518847547455,
    0.7484516231770129,
    0.38971246776904933,
    2.3673512610270895,
    3.2412783340234754,
    3.475458055889647,
    2.9509810592745116,
    -0.1965850582241692
  ]
}