{
  "cat_params": [
    1.2504482137971156,
    1.9202786875773632,
    0.8542560319350558,
    -0.9434909925624132,
    0.7631626698810997,
    -1.018167262425398,
    0.6230331177989659,
    -1.64610491622672,
    0.7184219900517953,
    0.4732816059215452,
    1.555370582258372,
    0.7296280077347697,
    0.23028166073526227,
    -0.6091290308752089,
    -0.41860836568934845,
    3.4553754903253053,
    1.7771224619877228,
    0.605813690063666,
    -0.3509402420404022,
    1.9734518473879237,
    1.4097865613143366,
    -0.3039248581822809,
    0.7781707197404626,
    -0.9470663987204985,
    -1.120444122087895,
    0.19065454115984282,
    1.8997482399138104,
    1.6834055587559071,
    1.2443359572055974,
    0.24135640220390636
  ],
  "mood_params": [
    2.7544188229339897,
    2.1277645564605456,
    1.0517754877119654,
    2.744343846763114,
    0.492729530977747,
    0.9533393426613892,
    0.508851842566665,
    2.220140309092397,
    3.320222625578678,
    3.3200802824365345,
    2.8760837522245533,
    -0.06790054021651855
  ]
}