{
  "cat_params": [
    0.43327751744926357,
    1.2818281472675512,
    -1.2244562037417395,
    1.002480574753027,
    -0.03349287849334411,
    0.8757496971027852,
    2.3462471216889758,
    -1.1933534501313927,
    -0.7975689545736169,
    2.5594731424098867,
    4.052146461489507,
    -1.7561429500187886,
    2.929247716547985,
    2.54061686837981,
    2.8288841440044266,
    0.636289430772673,
    2.356980035211681,
    -2.2838887280094213,
    3.451714405057539,
    3.1332894846141395,
    1.4869523272478808,
    1.5688849519012473,
    0.4693491082538595,
    -2.6690056844507377,
    1.1014982125100625,
    0.4573265676389282,
    0.6795663534724552,
    0.9602126062347373,
    1.3182139788329872,
    0.017335315253737774
  ],
  "mood_params": [
    3.7561449117369965,
    2.9014264635109064,
    -1.4331298451191634,
    1.4731026748131044,
    -1.15165326396784,
    3.129981082460741,
    2.100981598077824,
    2.352007596847673,
    0.8214287102582785,
    3.5599390364911176,
    0.4689003180411491,
    3.703840382975104
  ]
}