{
  "cat_params": [
    0.5054511626115791,
    1.4348487836410269,
    -1.20330987976259,
    1.0727251706129997,
    0.15638622347152298,
    0.8380497496866647,
    2.6616025713205724,
    -1.109606239932109,
    -0.7144845626090321,
    2.899843084460353,
    4.434695736224143,
    -1.5967632385519874,
    3.280461493325431,
    2.7491710202499853,
    3.1628616371496876,
    0.9784196976264353,
    2.726936951512645,
    -2.109135909053514,
    3.6946160363049105,
    3.3201121180481334,
    1.760266203841613,
    1.854124331151768,
    0.6557222323684538,
    -2.6044193730523593,
    1.069871637039145,
    0.7298372054517055,
    0.9155198047664437,
    1.2850391506940442,
    1.575044228885848,
    0.16333893379088543
  ],
  "mood_params": [
    3.911859261126696,
    3.160421898098833,
    -1.2665603183220562,
    1.771314369074418,
    -0.9452557889780114,
    3.5290013120800263,
    2.4554986336946087,
    2.561077868971242,
    1.0924284505348465,
    3.7641116632803135,
    0.7487008961167375,
    3.9981286090115575
  ]
}