{
  "cat_params": [
    -2.481026685145379,
    -2.482408791510969,
    -2.5748265050093044,
    -1.7161742882010824,
    -2.4347453261948706,
    -1.2110754828190506,
    -2.256082161437001,
    -1.2262760242520387,
    -4.420787008535427,
    -2.0832762459965264,
    -0.9559091442796654,
    -1.0488419358065622,
    -2.237477808987653,
    -2.7413371760430736,
    -2.2652995332181747,
    -4.028717535269021,
    -2.9639827924585576,
    3.420571743021771,
    -3.07834271114637,
    -1.1462996353934114,
    -2.8588744925723026,
    -2.726068788495776,
    -4.45077060469038,
    1.1111667843852908,
    -0.5835126671319973,
    -2.8729627674600016,
    -1.000937492772964,
    -3.5155617780112136,
    -2.404174417733957,
    -2.2917488265274026
  ],
  "mood_params": [
    -3.2120396811068095,
    -2.441534840595112,
    -0.2400987055810457,
    -2.105542469307868,
    -1.732015845942413,
    -2.840814976496289,
    -3.8307911627146143,
    0.17274145061814045,
    -3.782192029334527,
    -0.9827802906445025,
    -1.4876235269710232,
    0.8693060394267079
  ]
}