{
  "cat_params": [
    -2.564184184478535,
    -2.6995224051071025,
    -2.588276764445533,
    -1.7897026625246746,
    -2.6379354827248642,
    -1.3335050479293558,
    -2.5633862804184377,
    -1.3632430834584148,
    -4.260852640868161,
    -2.60661700613441,
    -1.4085120064734984,
    -1.2019913312186432,
    -2.71351337386575,
    -3.0556227384387027,
    -2.5969889483260182,
    -4.198113689354786,
    -3.455973851163532,
    3.554546593788942,
    -3.462492487070431,
    -1.5645009879671545,
    -3.220180341531629,
    -2.9268735349377026,
    -4.793677875843834,
    1.1530852404297776,
    -0.5381330689807646,
    -3.1636507415847763,
    -1.2159472395862385,
    -3.92173335601622,
    -2.7649185681682114,
    -2.4382336741004846
  ],
  "mood_params": [
    -3.392883995535106,
    -2.820020242693722,
    -0.5016316942712853,
    -2.5191090626427344,
    -2.019215682244968,
    -3.2763141349276848,
    -4.241226102498716,
    -0.1637626865308299,
    -4.102897508492195,
    -1.4141012974822136,
    -1.7909935225518636,
    0.38331064924492547
  ]
}