{
  "cat_params": [
    -1.8536893193260475,
    -1.8342668972166543,
    0.17639576259012732,
    1.1728063458544589,
    -0.5922233451107525,
    -0.8421652824017462,
    0.7049511605639476,
    2.7395464629920148,
    -0.02960166017654914,
    -0.6378631323742192,
    -0.9081577125072045,
    1.0000290507659533,
    -0.20929024329517457,
    -0.8124284937918504,
    -1.6324995661039448,
    -1.5376422441072828,
    0.8531185823469459,
    2.6417844589679054,
    -2.4049546941686164,
    -1.4008905687209796,
    -0.5785442774334681,
    0.3896679984846271,
    2.1103553807353115,
    4.296991024661931,
    -0.24689199318430088,
    1.605931321839031,
    -0.6799746948749031,
    0.4026731018796459,
    -1.3232048726868941,
    0.26916581550798574
  ],
  "mood_params": [
    -0.9123158721926695,
    -0.790703552492996,
    -0.6851693106225443,
    -0.48765956719329373,
    -0.1323057967698846,
    -1.8100750041267173,
    -1.7833679765222552,
    -0.8549742220579496,
    -0.10027445649609729,
    -1.7316596746382853,
    -0.3202880402166825,
    -2.4660929557572335
  ]
}