{
  "cat_params": [
    0.0966986510230355,
    0.9406970502653376,
    1.669670491257168,
    0.21240737480309385,
    1.1447887356568298,
    1.0340606100584941,
    4.8149052598417645,
    3.683140314422768,
    3.013838173356534,
    3.417082967991325,
    1.9199116759763493,
    4.266445221382225,
    4.337563827048969,
    1.5452692339176948,
    -0.4798813624994576,
    -0.765527023126631,
    2.3295964241952443,
    2.706205144379969,
    -0.4413993454356618,
    1.9587143803188083,
    3.80134306338626,
    2.5206575980143215,
    0.43107692344392623,
    3.3857593042471255,
    0.4096250084014318,
    4.980008008084168,
    2.366289062275893,
    2.6201585186090726,
    2.5233769860536337,
    0.8873909664646602
  ],
  "mood_params": [
    -2.1675442567074654,
    -1.9714240047088087,
    1.5434358146018834,
    -1.4218392668440631,
    -1.6847069082047053,
    -2.110387549375962,
    -1.6414762832017569,
    -2.3927416061958318,
    0.10131581211566816,
    0.09017966421278129,
    2.5503730885920253,
    0.9603105209643337
  ]
}