{
  "cat_params": [
    -0.03211415694181603,
    0.8474926638682834,
    1.5820379025050857,
    0.21419647100727632,
    0.9484229543692312,
    0.9646298876376908,
    4.577479536971118,
    3.6547304047367297,
    2.793592978818409,
    3.2263146618565917,
    1.7303486642087371,
    4.092580668250365,
    4.151979007270395,
    1.3572595843503157,
    -0.6904719631286633,
    -0.9359495924958384,
    2.191275761562542,
    2.565539260290088,
    -0.6413881435950751,
    1.8233095282084626,
    3.599650151123864,
    2.276314126948688,
    0.4400247990287781,
    3.3799995989201292,
    0.3309836613446312,
    4.752406494207971,
    2.17021649020179,
    2.4646516306770203,
    2.355041141107052,
    0.6905848045696166
  ],
  "mood_params": [
    -2.2260606168471537,
    -2.0481246159685247,
    1.4650118502948857,
    -1.5101261138213917,
    -1.7622632163960699,
    -2.2619175578920654,
    -1.7924804371292344,
    -2.4593713231571215,
    0.004781095706813724,
    0.005608119182418342,
    2.4602555127782164,
    0.8262965115473576
  ]
}