{
  "cat_params": [
    2.9881704225674377,
    -1.3977730330975189,
    -2.256444949453307,
    0.47078364078342216,
    0.5340781379699336,
    1.5474930124278607,
    -5.05161424852967,
    -0.0498678865197195,
    -2.40028898223892,
    -2.6381280695230034,
    -0.711913025025346,
    -1.528945220720564,
    -1.8463587332591045,
    0.926283672533113,
    -2.1214779709838347,
    1.0776522283809338,
    -0.29673772280168853,
    -3.1732578787410675,
    -1.144117992117102,
    -2.111286919815822,
    -0.8195924145425388,
    0.5858749200343691,
    5.353695915526462,
    -2.1067031425426044,
    -1.7326940510420688,
    -0.3314113005937519,
    -3.532074077135944,
    2.10460799278244,
    0.40284342402470147,
    1.5835058264400017
  ],
  "mood_params": [
    -0.07902724476041417,
    1.1931599988690604,
    -0.7334119491208143,
    1.2053210283256426,
    0.21660909641371548,
    0.21025461241145552,
    0.19173105484915942,
    1.4508834549940184,
    1.7166445423120775,
    -1.9844205972778706,
    0.5285142750838175,
    -1.7595099320701124
  ]
}