{
  "cat_params": [
    1.67955832708039,
    2.806225706398798,
    -0.7917801096363923,
    -0.7854160772890467,
    2.7712924979257343,
    -0.2950128277980865,
    5.2086239324773285,
    1.6703620739356306,
    1.9003172616043453,
    3.718120114373075,
    -0.2471146298099683,
    2.369802550435869,
    4.861783985437475,
    1.5374556518807265,
    2.672383313160565,
    0.9536607816921299,
    2.616116103812783,
    -0.44629469645186476,
    2.4196084659749237,
    3.9923449800461457,
    2.828477255953967,
    4.152786872007661,
    3.1371515247575084,
    -0.4118871657805694,
    -0.16847280732949657,
    1.576845040744962,
    2.057432581469096,
    3.23507501389217,
    2.6464887941005335,
    2.936533975932007
  ],
  "mood_params": [
    1.4541620657393408,
    1.8190000094034515,
    -0.4393421321476686,
    0.688269359347223,
    -1.0809571587810605,
    0.19027223790980244,
    2.01154407445633,
    0.6276924067503424,
    -0.6951140640500746,
    1.508964077373249,
    2.8850721306600007,
    0.8583636978878625
  ]
}