{
  "cat_params": [
    1.789137974936666,
    2.900875765645805,
    -0.6966146595600354,
    -0.7877120647104299,
    2.9819165862445627,
    -0.2200566395603657,
    5.437803434947973,
    1.7059740289088074,
    2.123352891764966,
    3.9059527918571972,
    -0.08357771764008302,
    2.5222793780770276,
    5.046284642922548,
    1.7271032052421607,
    2.8680728377697267,
    1.1449128828027793,
    2.755809166403533,
    -0.29847130890146406,
    2.6256978870312957,
    4.112386115347787,
    3.0284868800731393,
    4.40883420223,
    3.116316479364394,
    -0.3837216796666264,
    -0.09736545299401417,
    1.7740852913057938,
    2.2534170935029234,
    3.391897557309726,
    2.8169320253145798,
    3.14670597693352
  ],
  "mood_params": [
    1.5196871833835996,
    1.9073547826297996,
    -0.37311094674178846,
    0.7884656622682817,
    -0.9987486725938357,
    0.3572980075173408,
    2.1677753488321976,
    0.7086027132420954,
    -0.6036008596481963,
    1.5816544117848113,
    2.9761635356050484,
    0.992471533719199
  ]
}