{
  "cat_params": [
    3.120913713301976,
    3.7593617209780583,
    -1.8057056143980406,
    -1.3286069426315872,
    8.947795161312177,
    -1.5820617751438844,
    2.7599587763584394,
    -0.6785157521693878,
    2.436250489562666,
    3.0387480917991554,
    4.182022121306965,
    1.2355503195608155,
    3.80952778332519,
    3.766211352836901,
    3.1482515989459157,
    1.5503132003874238,
    3.1666346251707878,
    1.2763716113624306,
    1.3304779620941312,
    1.8427009887102321,
    3.0363701943339363,
    4.447290165477128,
    0.1908855108069482,
    -1.908918087475497,
    0.6730238441105617,
    2.450824040539495,
    1.6651221450966502,
    4.308333928948163,
    4.825357008729215,
    5.738745110830446
  ],
  "mood_params": [
    3.2970739869948402,
    3.131672076891871,
    0.48971785656375344,
    1.1681132534643566,
    0.7976707135224606,
    4.39811122185401,
    2.275268017192321,
    1.5805913485412673,
    2.2627034106363557,
    1.7484005481927374,
    -0.8914457697401204,
    3.9418491008352556
  ]
}