{
  "cat_params": [
    3.0308736593332823,
    3.6672153799429927,
    -1.901250062828484,
    -1.326101128527409,
    8.69722586894104,
    -1.660510012832376,
    2.505540761027233,
    -0.721395222727938,
    2.22198371698595,
    2.8528722989166115,
    3.9686554822507953,
    1.102973387325791,
    3.629653046733523,
    3.5640992414195725,
    2.960877422782631,
    1.3607027603099084,
    3.030054561740667,
    1.137288009433697,
    1.133775837635253,
    1.7115336628546627,
    2.8429017089166986,
    4.19875992559586,
    0.19853139458267394,
    -1.9452716331115272,
    0.5929285153525795,
    2.253293191130728,
    1.4761824794418308,
    4.155070550111217,
    4.645589328148181,
    5.519734252428405
  ],
  "mood_params": [
    3.230294270695533,
    3.0424403558111663,
    0.4203237540780573,
    1.0691247753899698,
    0.7062961082589764,
    4.21129874899148,
    2.124085898107271,
    1.4982987302893627,
    2.1540207804343248,
    1.679930556463088,
    -0.9708335906049611,
    3.8035859409150956
  ]
}