{
  "cat_params": [
    2.5725047311773155,
    1.0734302635185398,
    -5.999631427732035,
    -5.293333648188699,
    -1.2985725767580538,
    -4.437048270698999,
    -1.0075223673904965,
    -6.721034130228249,
    0.5750348150244211,
    2.3173821642495707,
    3.0089812559079743,
    0.6834765645696459,
    1.3524048579071406,
    -1.2068186005540054,
    0.7560208756697651,
    0.0314149867924954,
    -2.240715821032402,
    -6.182748162436032,
    2.0601154760369953,
    4.688468175329262,
    -2.9599477236914837,
    1.2249117066552049,
    -0.8423957574464535,
    -4.392574217921735,
    -3.695268709613909,
    -1.9672213448915703,
    0.9231378850151748,
    -1.7652506618045498,
    -0.3500085992278134,
    -2.1278888681182977
  ],
  "mood_params": [
    3.3769446527119404,
    4.945187029713996,
    -2.9873115864369293,
    -0.98342229411573,
    -2.327562096185118,
    1.293118331237776,
    1.2051546541308933,
    -1.0668677509462225,
    -1.3017774202104762,
    5.173692304494903,
    2.4899322256127685,
    5.788839808486828
  ]
}