{
  "cat_params": [
    2.4230370836367308,
    0.90509108747678,
    -6.125137876041317,
    -5.373834330352237,
    -1.503234160753055,
    -4.520329315893386,
    -1.4282186806627857,
    -6.852874660373321,
    0.3915298475096856,
    2.0112881196172037,
    2.68667073717025,
    0.47308569961080005,
    1.0273589583652694,
    -1.3965046441988442,
    0.46277983493510527,
    -0.29817019864636723,
    -2.56453303243774,
    -6.356131094455019,
    1.9007951294973744,
    4.555044524209146,
    -3.2275608397026896,
    0.9181926664761844,
    -1.0275369665333258,
    -4.48802403615245,
    -3.7247373390788034,
    -2.241517704340076,
    0.6700773016622319,
    -2.0713681240872575,
    -0.5950480427346284,
    -2.3168770323092147
  ],
  "mood_params": [
    3.21352185923949,
    4.689371574085029,
    -3.1351300355973906,
    -1.2652451980779178,
    -2.5187835658209545,
    0.9240277197739044,
    0.8471595196771207,
    -1.2503095275423863,
    -1.5381911832063737,
    4.938363487096352,
    2.1952219512642372,
    5.472594559996476
  ]
}