{
  "cat_params": [
    1.1493867040804224,
    1.117141003268146,
    1.3470933836604746,
    0.7555521168245005,
    0.9002938333775816,
    4.087910465650333,
    4.481582856264343,
    1.7199347387456103,
    0.49920090405573225,
    3.0709714443048908,
    2.5073262925619906,
    -0.6337749034159564,
    2.9267105885718414,
    2.406159706447741,
    5.917511804905226,
    0.8687570355113943,
    1.839426514248043,
    3.842952040205537,
    3.28840008410829,
    1.9121437711470122,
    2.1892313101642897,
    1.9810313630940615,
    2.168703047663341,
    -0.33216227208883564,
    4.990610322057922,
    1.0495714796045645,
    0.9986058823246113,
    1.6187302818311378,
    1.6150516274971796,
    0.5285603432079495
  ],
  "mood_params": [
    1.8848127088756281,
    2.6409019401660747,
    -0.4218951795084168,
    1.5278831945774152,
    -0.28338342799279714,
    2.8722617105335084,
    2.7427560768109487,
    2.559551772090023,
    0.568318241295763,
    1.7971961490722874,
    0.5366139208146752,
    2.906825008585991
  ]
}