{
  "cat_params": [
    1.0347203626326062,
    1.0253613965458142,
    1.2599961587752624,
    0.7570340501740077,
    0.7089767877734436,
    4.033178141746546,
    4.244806456668508,
    1.6850766478087327,
    0.27493641218203485,
    2.8816760688147673,
    2.3128995022361427,
    -0.7455078499665404,
    2.7421983442534392,
    2.213321520124686,
    5.738898415202011,
    0.6835205992909025,
    1.7048829946990582,
    3.7074666782794696,
    3.084368664879809,
    1.7789174267930516,
    1.9943004721262696,
    1.7438770578550926,
    2.185224824149844,
    -0.35958622222717873,
    4.845113984599436,
    0.8622254448661923,
    0.806864886891125,
    1.4674692911716298,
    1.4557614109722385,
    0.33709664628439007
  ],
  "mood_params": [
    1.8196463426318896,
    2.5517318909315283,
    -0.48666290205832624,
    1.4253154837248592,
    -0.3689479283710047,
    2.692212942830137,
    2.588311728914962,
    2.4714235943024163,
    0.4700672248535519,
    1.7276563840758914,
    0.45251868026978,
    2.769337652866392
  ]
}