{
  "cat_params": [
    -3.348907564564645,
    -1.8842761024862968,
    -1.6585138393804426,
    -0.745313177208851,
    -2.2250782178054704,
    -1.8534231690394365,
    -2.3487728396094463,
    -1.8905678393520244,
    -3.008383270775792,
    -1.8038787952496564,
    -1.9492700309304718,
    -1.4843791359775302,
    -1.5444057218902332,
    -1.422306904217071,
    -1.0407413257117166,
    -1.876051987576259,
    -0.41233857225863707,
    -2.101405991107323,
    -0.8358775940452987,
    -1.4581616544220959,
    -2.0271845013247662,
    -1.4597362741320714,
    -1.6140417367936135,
    0.9292820673827802,
    -1.2501620483557685,
    -1.4253957923028484,
    -2.6793128083323254,
    -1.1774106591361053,
    -1.2917569775353004,
    -2.8449059607663516
  ],
  "mood_params": [
    -1.6277360572054667,
    -1.5853527349140484,
    -0.2896321717889086,
    -0.017285448209123415,
    1.6938891376067453,
    -1.016653367198541,
    0.8592157798347582,
    -1.498881683887053,
    -0.34207656223091004,
    -0.2607033262096462,
    -2.093597702172022,
    -1.409353105486857
  ]
}