{
  "cat_params": [
    -3.4562256301069456,
    -1.9518433295621964,
    -1.6235633312611446,
    -0.6406505230674702,
    -2.3473426555292387,
    -1.8603751570165377,
    -2.335225858134702,
    -1.8277151846791044,
    -2.9746000456459476,
    -1.8566323083824026,
    -2.002989514271131,
    -1.6224668549168735,
    -1.6045686688115632,
    -1.529281910546535,
    -1.0477449722935808,
    -2.0528869134853642,
    -0.4803450157157946,
    -2.0689694377466354,
    -0.8854690538070202,
    -1.5156991381374827,
    -2.098334673853976,
    -1.4669864898745695,
    -1.5833917996850098,
    1.2394795278418744,
    -1.2922820014615475,
    -1.397583517338865,
    -2.7319138329596235,
    -1.2721030707605454,
    -1.4201202098238843,
    -2.947915829303348
  ],
  "mood_params": [
    -1.723408973758817,
    -1.6780789902483961,
    -0.38367943557981665,
    -0.06901405646229576,
    1.676204628406442,
    -1.1348681023965568,
    0.8673464204680685,
    -1.5725325071917262,
    -0.45693622432980646,
    -0.21182715043375563,
    -2.13675253678119,
    -1.427257639122039
  ]
}