{
  "cat_params": [
    2.4409315385615953,
    0.5603508389082308,
    2.495862149890355,
    -0.20377097883158543,
    -1.4625711196906819,
    -0.806154990935862,
    -1.4068259869970117,
    -0.062925945521721,
    4.191273141561902,
    -3.1213106732054676,
    -0.1149440434079558,
    0.020770238170410956,
    -2.299733884715156,
    -0.4904570913924853,
    -2.0552392497725,
    -4.862297507645473,
    -3.980345102683034,
    0.3472311797918599,
    -3.075187715863074,
    1.0281786652472948,
    -0.15036487415875613,
    -0.6095216861717128,
    -3.436060482404812,
    -0.06994054292290341,
    0.648772959393334,
    1.4663894127609935,
    -1.5932627404995185,
    -1.7194914283640736,
    -1.4974250307543464,
    -0.43002769003797386
  ],
  "mood_params": [
    -1.9952072551823752,
    -1.956217579891139,
    -3.1458900251947126,
    -4.475525911345054,
    -4.117122601217635,
    -5.955981306986378,
    -4.507696590812488,
    -3.4511760535894,
    -5.0864694267884625,
    -2.1882105440273976,
    -3.9250365770011046,
    -4.073134796863662
  ]
}