{
  "cat_params": [
    2.548183488443901,
    0.6587453226282086,
    2.4797886608591173,
    -0.18992029436748073,
    -1.3990299623032898,
    -0.7237000122810131,
    -1.207589566162466,
    -0.04817011224873401,
    4.075149896460635,
    -2.8544403138772125,
    0.11027604337418019,
    0.1900207904159942,
    -2.055249377280967,
    -0.4616959468761172,
    -1.9203738407146214,
    -4.653922031729173,
    -3.8097045976803097,
    0.3562143169821051,
    -2.8532399012447587,
    1.187962881457406,
    -0.05415257357637135,
    -0.35169933341163206,
    -3.3634241892792693,
    -0.0638673654637737,
    0.7758994249082498,
    1.6750140053363038,
    -1.3746394091163023,
    -1.5647774125849279,
    -1.3532820023067627,
    -0.4003185199733903
  ],
  "mood_params": [
    -1.8844025261186297,
    -1.7975150320571143,
    -3.0676673451112886,
    -4.334272229861003,
    -4.032996450923808,
    -5.753605832123967,
    -4.325372147435212,
    -3.3154946947461115,
    -4.973465383581182,
    -1.984143123075731,
    -3.7955468405773685,
    -3.90893493310905
  ]
}