{
  "cat_params": [
    -1.745895598368074,
    -2.4095909145515573,
    -0.4145887030343954,
    0.4425959309283419,
    0.4487059687181175,
    -1.5922701745493155,
    -2.380285647505472,
    -1.9829812938532854,
    2.202117923015036,
    -2.1847086904174913,
    -1.5047748879648533,
    -2.2510697942237208,
    -2.908199911878201,
    2.472768111283001,
    -0.13636973311855954,
    1.0433349268477292,
    1.1620116604661606,
    -0.6002808002217161,
    -0.8203342746203159,
    -1.6531838169636135,
    -0.6925691638811378,
    -1.110320905112221,
    -0.03180193484763795,
    -0.4688258341862413,
    -1.214739171283666,
    -0.8825420252909212,
    -2.8573589246969093,
    2.0498308400905487,
    -0.9789468612096544,
    2.0782564104926076
  ],
  "mood_params": [
    0.3486684597018938,
    1.503262411212902,
    1.2999568936520978,
    2.617578940865832,
    2.5257585368556814,
    1.1075554526221494,
    0.8544531460412291,
    1.3340746488982373,
    1.6663142688123165,
    -0.3265529417220095,
    0.3141851158347876,
    -1.5013230117849943
  ]
}