{
  "cat_params": [
    -2.013121231625729,
    -2.571238456903363,
    -0.5469464132316886,
    0.31089870339875897,
    0.17696369241708482,
    -1.6847356357120276,
    -2.664997286855448,
    -2.073111321509632,
    1.8481454050885617,
    -2.0967770818395346,
    -1.7711031089219917,
    -2.4703415990299704,
    -3.121977164733457,
    2.1483282454952204,
    -0.32538015769764855,
    0.7013094715368139,
    0.8391335458788715,
    -0.8899119426194178,
    -0.8653313667747794,
    -1.6475971829608433,
    -0.983690890955408,
    -1.2983948920814457,
    -0.2320347387546981,
    -0.5307432577783593,
    -1.1709412333594542,
    -1.0862166514374378,
    -3.0496338787876147,
    1.7663514951804267,
    -1.2438998707425517,
    1.7896423288694807
  ],
  "mood_params": [
    0.20636626450239776,
    1.2448328176752443,
    1.0946410367246744,
    2.2826103653775216,
    2.2693139603602672,
    0.7657179786004275,
    0.4686499780277727,
    1.117155563842855,
    1.4499631558409916,
    -0.5954716645407268,
    0.06625446319452036,
    -1.7887808793784068
  ]
}