{
  "cat_params": [
    -0.41941441073590585,
    -0.43524511162656987,
    2.9906736985214435,
    3.7556454283998697,
    -1.0545163032893907,
    3.2766600665870387,
    2.9808723561985238,
    6.506565910172173,
    -1.918441860587157,
    1.5942639536861107,
    -1.5198116971533642,
    -1.460740585168784,
    0.6750118099896418,
    -2.1249663750782055,
    4.775866682443069,
    -0.9931141413351606,
    1.4006692081084542,
    10.008097530351929,
    -0.06590327246468719,
    1.6289555134649352,
    0.4717306534835297,
    -0.493745827057992,
    1.5904708420825862,
    1.8483453982100098,
    1.0760192733669018,
    0.3827056655273408,
    0.5258106998769448,
    1.2033177643937005,
    -0.28036521903074424,
    -0.8397635323994742
  ],
  "mood_params": [
    -1.7882917512758063,
    0.8867591429258508,
    -0.19278016146326077,
    3.1266869799541146,
    0.2390310903410573,
    0.03908621513034021,
    0.7336310245738988,
    1.6315546923526383,
    -0.3817709768550241,
    2.4271499765485416,
    1.8379801683612214,
    1.2573949879601376
  ]
}