{
  "cat_params": [
    -0.5018095697064312,
    -0.48611737902325536,
    2.9927502014678637,
    3.814207653680186,
    -1.093509565868152,
    3.206462035761167,
    2.9253016320919807,
    6.654091177255392,
    -2.04334745028931,
    1.4753915399349844,
    -1.528884388459755,
    -1.3376499456092932,
    0.6308991895270143,
    -2.1466330106922316,
    4.845806376158887,
    -0.9998166571071261,
    1.374488616771941,
    10.291447681187732,
    -0.20784503649084443,
    1.5667734097265316,
    0.4433290554651909,
    -0.43320493097104007,
    1.7164255630625804,
    1.8993775183447157,
    0.9659554710470405,
    0.5303204123836688,
    0.37490674568886756,
    1.136725316303932,
    -0.2828633571355271,
    -0.8912937912605792
  ],
  "mood_params": [
    -1.8587673824445707,
    0.8491652231590999,
    -0.14810367530848728,
    3.122954946869067,
    0.2887841603585062,
    -0.0365306799589878,
    0.7046416912574899,
    1.5528413802367451,
    -0.34867668668778445,
    2.4232679386533427,
    1.7816389029514137,
    1.1840007956833332
  ]
}