{
  "cat_params": [
    3.0136226362762213,
    1.856739006312808,
    3.0928245130694827,
    4.9828349690193905,
    0.73566797754306,
    4.2146452765503355,
    5.428389808859317,
    7.265657369359473,
    2.0821025926916223,
    4.83126585410865,
    0.235529067926816,
    2.14883081549153,
    3.58615865469136,
    -0.8237549496685383,
    1.107883217474141,
    1.8358722658368807,
    4.108273059424232,
    2.3397090937699514,
    3.911278864226147,
    2.4455576202871843,
    2.820310455828754,
    2.1830097992474657,
    3.282662121089309,
    2.364028172241275,
    1.7208684077917098,
    2.6592552116827837,
    6.974523794695641,
    2.9380368166604813,
    1.7431953045990547,
    0.7147512609894775
  ],
  "mood_params": [
    -2.011166809578768,
    -0.32568262337217463,
    2.826790485277726,
    0.6153067032793759,
    3.2318862158824047,
    2.402102423406471,
    1.7901659478338625,
    0.1192205752459214,
    1.0474074981366432,
    0.5966157604231638,
    4.49900274951012,
    3.8242351676110204
  ]
}