{
  "cat_params": [
    3.1183449561382752,
    2.0960666811458712,
    3.0598832846114585,
    5.103165330743528,
    1.0673949145918666,
    4.183050521444698,
    5.641288540044253,
    7.292652941444571,
    1.9416273569274283,
    5.231673069026869,
    0.6232296852145588,
    2.5022205406607076,
    4.051184142273171,
    -0.48210836737745466,
    1.4605730015838931,
    2.3852689901754265,
    4.694045741573537,
    2.509367034798915,
    4.262120995283962,
    2.7431967692523944,
    3.2521305121293747,
    2.5730429825332615,
    3.600428299776646,
    2.370413172738571,
    1.7918152753031076,
    3.067445074308662,
    7.3112499381840435,
    3.4650485008861507,
    2.206579733145818,
    0.9352195228093931
  ],
  "mood_params": [
    -1.8327274676310041,
    0.047548905552291645,
    3.175671917677194,
    1.0857943579707496,
    3.639133885461989,
    2.98811304563693,
    2.3286220447761012,
    0.4271530908513775,
    1.4807208517601702,
    0.9816297275543293,
    4.9679413856325825,
    4.299254853341778
  ]
}