{
  "cat_params": [
    1.4485054630445648,
    4.637659332899094,
    -5.588731458483539,
    -2.83638972482548,
    0.840558726682851,
    -3.7094345823010437,
    1.8095135385036891,
    -2.772272153068677,
    -0.856274292412431,
    3.272360913406028,
    2.811360640456226,
    4.805702128549632,
    3.442400564326289,
    -1.6956737431417659,
    -2.7532599983344315,
    -0.9220062068338917,
    2.7094606794957548,
    -4.9575840747941475,
    0.769939950114309,
    6.1553774340812195,
    -0.6447492891950476,
    4.426248163475707,
    0.03918629357535994,
    2.525898301229254,
    -3.321450226460042,
    3.0016237709097413,
    1.0699988745191735,
    1.027060368739267,
    0.14548602787902126,
    0.8965512072324157
  ],
  "mood_params": [
    2.080450345846361,
    0.8373429567164916,
    -1.1728954706501054,
    -1.4457641312492675,
    -1.5989406965568507,
    -1.1751198643661716,
    -1.0858572183046404,
    -1.0808758810774954,
    -0.6149745972128199,
    2.8218173156636537,
    3.0436948166353557,
    1.9329492093509675
  ]
}