{
  "cat_params": [
    1.6395919181120284,
    4.532294391235947,
    -5.313437858913004,
    -2.632680684740426,
    0.7551882011472609,
    -3.5249319441668536,
    2.137735748424003,
    -2.520652265614973,
    -0.8547273962726291,
    3.4878742481384504,
    3.0840338011508366,
    5.052761174253262,
    3.6211580381450057,
    -1.6240788359595602,
    -2.5282510404876253,
    -0.668397384164288,
    3.0192606011994845,
    -4.603881649129326,
    1.0503636441373212,
    6.287170446272887,
    -0.38815856374589774,
    4.512046030092741,
    0.20564996337528657,
    2.708598804454677,
    -3.221984925976198,
    3.3411844631444234,
    1.3562540909321323,
    1.281224881839768,
    0.17980859227085383,
    0.8507414762690605
  ],
  "mood_params": [
    2.167131754357762,
    0.9416434712071755,
    -1.0135367710164476,
    -1.1753565426143753,
    -1.353782259859081,
    -0.8770530766460379,
    -0.8231103866237328,
    -0.9070450549382788,
    -0.3851888475817426,
    2.9373988192670106,
    3.1997465824164975,
    2.080815561003003
  ]
}