{
  "cat_params": [
    1.290966772408729,
    2.7691863310604012,
    -1.847871014790945,
    -0.6464045911178337,
    5.3912066744207925,
    1.0305906081575382,
    3.737126222545677,
    1.1444724645143252,
    0.12615454093647355,
    1.9853065138603923,
    0.6921902151083283,
    2.514803288766601,
    2.1598642650580517,
    3.2323179950519667,
    2.345712430255156,
    4.001193768244715,
    2.4992485319567117,
    -1.1410710037389804,
    2.4211723285859272,
    1.1040645102557862,
    2.6635533825024287,
    5.268782389445233,
    3.3330815178167534,
    -2.2912198755603566,
    2.718965407908012,
    3.8689642187770397,
    0.4004526136637584,
    2.283873158166348,
    2.118204655573926,
    5.228743601522142
  ],
  "mood_params": [
    1.7016016323034016,
    2.8633054151553203,
    1.5996995320390384,
    3.146724040763811,
    2.793107291380193,
    4.641588909035733,
    4.534866948917597,
    2.5934021715746307,
    1.6421584949847965,
    0.8158760027490982,
    3.8418516250427843,
    4.062088952659175
  ]
}