{
  "cat_params": [
    1.192870053591563,
    2.9818576718315026,
    -1.86045468567685,
    -0.4678204906619207,
    5.65233822688602,
    0.34047699559523736,
    3.635294884116638,
    1.2432347054680062,
    0.04712803829360551,
    2.0654601748626047,
    0.8245078633396643,
    2.9742346897764356,
    2.231555699962002,
    3.2499241842652498,
    2.3930326274898204,
    4.401335668130639,
    2.795179132290945,
    -1.0424401161427197,
    2.2141346938665865,
    1.267041926193603,
    2.951173518936521,
    4.986818722548712,
    3.3236788928152037,
    -2.223333260384856,
    1.297711530584052,
    4.07592562116069,
    0.4884885883476228,
    2.5542373758802,
    2.416092549475259,
    5.297679428876073
  ],
  "mood_params": [
    1.18713978723614,
    2.6889785705357134,
    1.9898342798947115,
    3.332719594970493,
    3.248700039788726,
    4.920751943767242,
    4.994054698103318,
    2.3244146027823334,
    1.942185011473867,
    1.1196980838449577,
    4.084198716067701,
    4.303428999069818
  ]
}