{
  "cat_params": [
    -2.447964635124648,
    -0.31043275635786255,
    1.0112174415910011,
    2.09190353673297,
    -0.06557707728743059,
    0.5024287848613302,
    -2.593274623590651,
    1.6774222491429092,
    -2.2918395384800383,
    0.4683240893470179,
    -2.6074264614661447,
    2.7778451545548277,
    -0.6214946317752574,
    -1.4515106503661033,
    -2.366986525825714,
    5.3896582074539445,
    1.8051096971412792,
    -0.4848519648416488,
    -1.0782750518249233,
    -0.2083562197442946,
    -0.13261636021854223,
    -0.8874099788998935,
    0.685162042663802,
    0.589676872600731,
    1.301188910424171,
    0.09865022696236751,
    -1.152763978347782,
    0.7536349737007757,
    0.6405562192505654,
    -0.5148985374374356
  ],
  "mood_params": [
    -0.11698281533087461,
    -1.1082545761264466,
    4.233658367568122,
    1.9868705235333202,
    3.783021953366769,
    0.1679408807616001,
    -0.22877447295662978,
    0.9129341685291235,
    3.882641851251421,
    0.8123453186584062,
    4.294378190775527,
    -0.5862026383347001
  ]
}