{
  "cat_params": [
    -2.2930811213488775,
    -0.21885772680317025,
    1.099886069243864,
    2.0910824833850614,
    0.1212761182331796,
    0.5732705380934556,
    -2.264646722278655,
    1.7126598345355857,
    -2.057624467061818,
    0.6737975017640744,
    -2.4763502057223783,
    2.9343579176822123,
    -0.43022487534352716,
    -1.2905015899621053,
    -2.1507038495745454,
    5.628296652449254,
    1.9410846141950544,
    -0.33816510953855883,
    -0.8808412504563498,
    -0.05980185926680193,
    0.0593078116598126,
    -0.6647250982106556,
    0.6751924123613253,
    0.6117089113033461,
    1.393848887519407,
    0.2802331739319591,
    -0.9609125647951964,
    0.9049538365365929,
    0.7952288549353673,
    -0.32687886267935157
  ],
  "mood_params": [
    -0.05497500837443391,
    -1.0294150346972248,
    4.329231027830565,
    2.0932945152148097,
    3.897693544190333,
    0.33343786712238294,
    -0.07690589338357845,
    0.9945112012857167,
    4.006191363258961,
    0.8898330234424937,
    4.387993281315169,
    -0.4574227495301608
  ]
}