{
  "cat_params": [
    -0.5620303442213445,
    -1.8943670733466718,
    1.7621986133403273,
    0.15378946822205808,
    -2.6915947291227544,
    3.6985868370342896,
    0.02130173595433759,
    2.679060459373042,
    0.4095971404887607,
    -1.1698773917612042,
    -1.2912629249653362,
    -0.5329405837189702,
    -1.1244897948435422,
    -2.740884702511828,
    -1.4548242481527274,
    -4.5402231618626105,
    -2.1446825137805523,
    0.5189993914131108,
    -3.186722788657778,
    -0.2825959600861655,
    -1.8348100909874132,
    -0.08484349739850083,
    -2.409014688050303,
    3.791136764660211,
    0.09023547178305481,
    2.813217799685422,
    -3.3799080182145316,
    -3.2098997447530024,
    -2.8309601389826677,
    -1.5336998176508831
  ],
  "mood_params": [
    0.02827688466340876,
    -1.6373434076791646,
    -3.515519047134137,
    -3.2019736712674787,
    -4.7721231798879,
    -5.053066593607042,
    -4.325284357729553,
    -1.1882490113320199,
    -4.374803701262576,
    -0.014704859795798449,
    -1.2575639159936962,
    -1.305996137834405
  ]
}