{
  "cat_params": [
    2.7711420484838465,
    2.5155225981721996,
    -1.300708453614558,
    -1.1672111211107443,
    3.5075679557314365,
    -1.5243087778932596,
    3.6578595606268642,
    -1.9963731171422898,
    2.159747142837917,
    2.262575674102041,
    0.24106294007174023,
    1.6734066888864816,
    2.1837420843337547,
    3.5151720565160094,
    2.3089720496706403,
    3.732582509089158,
    2.2421134830569174,
    -1.380597804732957,
    2.2868393429961817,
    -0.01983751092116417,
    3.6082940321594235,
    1.4252880413187254,
    2.9388557223742344,
    -1.3546944636026177,
    -0.9076038428345813,
    1.219155755175544,
    2.5181197557075423,
    2.26829737999045,
    4.10764793774054,
    2.33617792977575
  ],
  "mood_params": [
    1.7793029611123445,
    1.7817694510604332,
    2.4508434520555276,
    2.0397693024028953,
    1.9397643319266238,
    5.078650734777544,
    4.833399149109171,
    1.3637454387469925,
    2.0010348911428513,
    0.7473508897698876,
    2.8797114026131188,
    3.1340963882564568
  ]
}