{
  "cat_params": [
    2.6171718696855444,
    2.220929812768052,
    -1.2337528502760606,
    -1.3905614452813349,
    3.0310076061622597,
    -1.499819200048865,
    3.4211094261304416,
    -2.2582713109706356,
    2.2708815993935114,
    1.9087627138928605,
    -0.25117672003771707,
    1.3083183939717133,
    1.7375925113137112,
    3.080115271438017,
    1.9960587310091136,
    3.1713747499199725,
    1.619147849283309,
    -1.4002346313236214,
    1.9295384973046692,
    -0.38269847848522676,
    3.1532877948559577,
    1.0216140223219707,
    2.684414938530586,
    -1.2844265769201506,
    -0.8118318140748217,
    0.7353701844154558,
    2.1895378000932046,
    1.7395113907056026,
    3.5391907732263523,
    2.0712709799558446
  ],
  "mood_params": [
    1.5522963968616774,
    1.3355706443199198,
    2.046045715108856,
    1.505135371031127,
    1.513647999470987,
    4.41013968561376,
    4.253626829835031,
    1.0543617387005124,
    1.4831919232286146,
    0.350968528425991,
    2.3782859271569827,
    2.688034600269311
  ]
}