{
  "cat_params": [
    1.7310507978067664,
    0.7663190887237199,
    0.7481575537907059,
    1.3046629593206651,
    1.8948302471514031,
    0.55274916284238,
    4.9082056789791135,
    -1.1647818116282216,
    2.328963972915372,
    4.011158653299662,
    0.2145594095220297,
    1.625977165403482,
    2.7379090263035457,
    0.6090826345484678,
    5.303318790796448,
    5.648722692402492,
    3.177672377058888,
    2.019098643592502,
    7.920558682943853,
    2.5076267173885864,
    3.104917156121839,
    3.1820029281872757,
    3.7898583038548717,
    -0.41547301207027476,
    -0.9068950773504699,
    2.977235523609788,
    4.7416821112882825,
    3.012786307790683,
    1.854248911171678,
    0.7434793415776668
  ],
  "mood_params": [
    -0.8098169038758065,
    2.894694706617118,
    1.2899638283194599,
    5.556206762516428,
    3.724861489873887,
    5.505433079426553,
    7.757040409302543,
    1.5699337077957902,
    2.551589560106442,
    4.126200573853947,
    5.8623722147965704,
    5.852215621536082
  ]
}