{
  "cat_params": [
    1.6218981840435143,
    0.6740174706373615,
    0.6583692292451052,
    1.3058825942119716,
    1.6942121526344982,
    0.4818169952909391,
    4.674535387371771,
    -1.2105007941591142,
    2.108494768944011,
    3.8257258581095064,
    0.04852720049097755,
    1.4855083401128941,
    2.551485707622759,
    0.4309627109444369,
    5.120212481775863,
    5.409861542235333,
    3.0377156621238925,
    1.8780270762356286,
    7.705618419311671,
    2.3773877041094336,
    2.906359618024635,
    2.9354741110068203,
    3.813616112670712,
    -0.4436106162609873,
    -0.9653654796808526,
    2.770110975755,
    4.545381668252857,
    2.857874026436089,
    1.6919737341402872,
    0.5491275548838419
  ],
  "mood_params": [
    -0.8703898934398973,
    2.8040648020330305,
    1.2137265235685504,
    5.431124077953681,
    3.6113620483712707,
    5.307458696603309,
    7.594421954198564,
    1.485707058687166,
    2.4384019826544043,
    4.0744940393973375,
    5.765385059040377,
    5.705028018124486
  ]
}