{
  "cat_params": [
    3.2715073094767653,
    6.658487378854215,
    -2.1879332533201734,
    -1.8443558099261117,
    0.4500907913536378,
    1.8307240596961134,
    2.8888319147294816,
    3.719642111638377,
    0.0605794759331684,
    2.615940920605127,
    3.2869014809456467,
    5.520343165557083,
    3.093014576133932,
    0.10719245120651229,
    -1.6931139478616177,
    2.2718325836628037,
    1.7038626734247935,
    -1.407356347245106,
    -0.7234201386352604,
    -0.3374153009870318,
    1.8395105099147697,
    3.169446479303396,
    1.2936115557313952,
    0.7773376360419716,
    0.18098939088988755,
    5.318709903987305,
    2.4561640054769054,
    1.7135495719188825,
    0.6153816226503137,
    0.9413365671928601
  ],
  "mood_params": [
    0.28417283042034747,
    -0.5033504585657491,
    1.3659061170034585,
    -1.8111375049337444,
    -1.018242445142886,
    -0.5597600908754158,
    0.3755111690742288,
    1.441242754019459,
    -0.8601485601403884,
    0.6054446926558655,
    2.2992175075276258,
    1.7629637629425083
  ]
}