{
  "cat_params": [
    3.185440192030229,
    6.565813341377751,
    -2.2830764088761457,
    -1.841621618029528,
    0.2687375951576665,
    1.768600076237411,
    2.641362856545606,
    3.693511543967806,
    -0.15713318413693947,
    2.431204398463416,
    3.0880286344872103,
    5.337340185177212,
    2.9153900191296516,
    -0.05892970812087548,
    -1.898407194621872,
    2.0774675151140087,
    1.5742700856625407,
    -1.5502719105368004,
    -0.912540162194527,
    -0.4815345509000436,
    1.6520158332160657,
    2.9328186055403425,
    1.3060165012390097,
    0.7574017967908859,
    0.10946886436870225,
    5.097160294025813,
    2.2699883759082624,
    1.5673391424905039,
    0.46845182333939706,
    0.7540413154219575
  ],
  "mood_params": [
    0.2242104982091367,
    -0.5802220489799453,
    1.2921321447998126,
    -1.8924030229704403,
    -1.095752460854823,
    -0.7125711450072344,
    0.22960389443462792,
    1.3609435109143408,
    -0.9449174265982124,
    0.5293545888509065,
    2.2139995593130233,
    1.6333414838461282
  ]
}