{
  "cat_params": [
    -0.09904641714662964,
    1.464946824414565,
    -0.4525593967051048,
    0.6203590290439621,
    -1.146314587068095,
    0.23108851734005145,
    1.6365692705827672,
    1.4050792407945933,
    -0.16212262572961894,
    1.7131667517639997,
    0.655373763136703,
    2.1659884515040657,
    1.6615194734393774,
    -2.1427872773749144,
    -0.800070745083158,
    -2.452979371313909,
    0.3996322963736135,
    -0.24758401642833477,
    -1.3626533025912044,
    1.6633417239758916,
    0.2617531120496192,
    -0.2647670951541734,
    1.8852420829047976,
    1.750254591042716,
    -1.608548927126423,
    2.7223660786628194,
    -0.006436247460312988,
    -0.38478545748465437,
    -0.5394278482595602,
    -0.4902245019787721
  ],
  "mood_params": [
    -0.7415370016940185,
    -1.4354998274392436,
    -0.06954592982756579,
    -1.470438150171938,
    -1.8458989688580851,
    -2.655795782670048,
    -1.66316894888661,
    -1.8216428523191757,
    -2.0653102190611774,
    -0.235490935362522,
    0.41932529830217685,
    -1.2133508064527105
  ]
}