{
  "cat_params": [
    -0.2267942665087231,
    1.3736982136059048,
    -0.54459442641704,
    0.6218933360308037,
    -1.320151548051967,
    0.15999339559052173,
    1.364692970761414,
    1.3694303053571402,
    -0.3865041846883845,
    1.5175164722065018,
    0.48640592416371536,
    2.0209582715326326,
    1.4767081114017748,
    -2.293167996280286,
    -1.0068082527418845,
    -2.60047710788899,
    0.27083851619856486,
    -0.39156121530229876,
    -1.5557236165238864,
    1.5296120927735752,
    0.0726668009673743,
    -0.4860538174847625,
    1.9004490931360862,
    1.7354288657257702,
    -1.6553626397940395,
    2.5207140792756486,
    -0.19573975183433337,
    -0.5313451175603972,
    -0.681972612126348,
    -0.6740305365207285
  ],
  "mood_params": [
    -0.8011779519183876,
    -1.5117185891941294,
    -0.13597123582015197,
    -1.5560336831673167,
    -1.9201089954285928,
    -2.7997285390948394,
    -1.8102627915832274,
    -1.8889361991296756,
    -2.1439848188126214,
    -0.32049721009848836,
    0.33621579451156863,
    -1.337701012458337
  ]
}