{
  "cat_params": [
    -0.582397731593098,
    -0.3891955460618709,
    1.4333733400499884,
    0.4302445452767725,
    -0.9012392056920717,
    -0.11830332231586442,
    3.9202145501202206,
    6.3109080429502615,
    -1.8340568986162114,
    2.5158735184468424,
    -0.9540275536152705,
    0.2821442205880289,
    0.9095287210717846,
    -1.9801293959229238,
    4.439455543042281,
    -1.1295594022147581,
    0.4747464648791761,
    3.57446311443749,
    -1.3582152189485772,
    -0.9211651312130189,
    -0.05115693453760877,
    1.2189957776470837,
    1.0880522683616993,
    13.751809284063565,
    0.7404790640599289,
    1.4050684191729117,
    0.7775720427797094,
    0.48210932300213405,
    -0.8729330319778619,
    -0.7298139244535746
  ],
  "mood_params": [
    0.4430780832680071,
    0.49349475121231884,
    -0.08754969202333514,
    2.4028591472850063,
    1.5068510063670466,
    0.3437229561427382,
    0.5715914818590111,
    2.238074158235823,
    -0.08245678572050963,
    0.869901857814648,
    -0.8107541001068238,
    2.2078137485523768
  ]
}