{
  "cat_params": [
    -0.5856128382197768,
    -0.40756958032927204,
    1.5845530512904975,
    0.5575187027808085,
    -1.025534973280352,
    -0.0016513888758725877,
    4.322858756672334,
    6.93868626931007,
    -1.7615632643581371,
    2.66405243845312,
    -0.8829834351174222,
    0.2626093336132747,
    0.9723247811096054,
    -2.1358081896647225,
    4.868729632943047,
    -1.3060954606933128,
    0.4145988125337491,
    3.9118034971197155,
    -1.5009855766988367,
    -1.0077421386223402,
    -0.06625399739090083,
    1.2629346132892298,
    1.3247536313984878,
    14.462652371651387,
    0.8062336678254841,
    1.6210716657234823,
    0.7294717617866016,
    0.43526575301323034,
    -1.0030876651995324,
    -0.8177856435910149
  ],
  "mood_params": [
    0.33208276539698894,
    0.4534719118159869,
    -0.21436716929970284,
    2.288364521507043,
    1.3734830321678722,
    0.17846452967509047,
    0.5387490400853122,
    2.136943883203451,
    -0.2864162269341984,
    0.8811214557719114,
    -0.847656441336539,
    2.3328835033464017
  ]
}