{
  "cat_params": [
    -1.1013466360767714,
    -1.2064239752177983,
    -1.736893890545531,
    -1.882965885411062,
    -2.7516240459797796,
    -1.352881327063292,
    -3.665716715113563,
    -2.6819118491109015,
    -0.1525995755566516,
    -3.101696760608919,
    0.7418777929033437,
    0.5107983570383775,
    -2.0423795344838496,
    -2.689608308078061,
    -3.5947497749103894,
    -3.156643032948425,
    -2.8761100358012732,
    -2.9907723949926455,
    -2.6636467949021494,
    -1.4374667235913021,
    -2.8015490344207685,
    -1.7950483715865453,
    -2.831191816967595,
    -0.7054013006955824,
    0.19384767567643804,
    -0.9045745441960807,
    -2.7313813262315496,
    -2.7841141688315427,
    -1.5944997247269022,
    -3.3093477678011283
  ],
  "mood_params": [
    -0.5135401119843986,
    -1.2806769175922939,
    -0.8217455029241155,
    -2.8127551396418724,
    -2.4123429292136707,
    -2.8841357605349685,
    -3.269821137281721,
    -1.5594381480241277,
    -2.3841531110504497,
    -1.0756548915319317,
    -2.443957507284198,
    -1.0931715752225266
  ]
}