{
  "cat_params": [
    -1.188867080463273,
    -1.2589452336004954,
    -1.7960865994811597,
    -1.8809164509552632,
    -2.8385102768019532,
    -1.4015581455611048,
    -3.88812446603925,
    -2.715829348008307,
    -0.2856889974250867,
    -3.242309209866754,
    0.6371956010075848,
    0.4343592228585855,
    -2.156482231785009,
    -2.765892261755399,
    -3.7311006916046807,
    -3.2254385402913925,
    -2.942377605667126,
    -3.082832156839059,
    -2.7743191379135386,
    -1.5339645362394672,
    -2.907114599500655,
    -1.9159728475454068,
    -2.8396608046306557,
    -0.724538710647642,
    0.1490778529900859,
    -1.0001844041312682,
    -2.8413870599233992,
    -2.8665708488308437,
    -1.6697831412560875,
    -3.400365234815869
  ],
  "mood_params": [
    -0.5487271472630341,
    -1.3245319571692251,
    -0.8561267177265197,
    -2.852995155081011,
    -2.4473561762060925,
    -2.9611619176207515,
    -3.3538169810284733,
    -1.5970872608647442,
    -2.4224871217845223,
    -1.1334658073306023,
    -2.487029643733439,
    -1.1657378770084872
  ]
}