{
  "cat_params": [
    -0.8726186396067431,
    -1.6703120581601716,
    -1.6159694383580123,
    -0.8733071966269054,
    4.9235977490154745,
    -0.48794257094177534,
    0.1133767889250574,
    1.741243242256788,
    -2.2294506663572635,
    -0.8366141688699845,
    -1.418234282658217,
    0.7855401549969184,
    -0.0158443633964757,
    0.12497916413329913,
    1.3501683864126672,
    1.3807839817912082,
    0.7752038011995495,
    1.786798357903658,
    0.08170360128414995,
    -1.5745570334222823,
    -0.33610066035868247,
    2.0406444536791146,
    -1.8786903322851158,
    -1.7277464936394065,
    0.19165131970865718,
    -0.42023452781823023,
    -1.569344502077826,
    0.46732740355956803,
    1.4109223590919422,
    2.692834252450005
  ],
  "mood_params": [
    -1.2609764157187082,
    -2.126035841403397,
    2.1114409224159894,
    -0.9368160271962158,
    1.6970619143678862,
    0.8010514743798689,
    -2.2172939237987204,
    -2.2096986434379526,
    1.7823439159913201,
    -3.317738437633078,
    -2.0775796777158524,
    -0.6743168310803118
  ]
}