{
  "cat_params": [
    -1.0116151643614848,
    -1.7545717574868314,
    -1.6557405897957649,
    -0.8923799003152836,
    4.791739622339564,
    -0.55661579579401,
    -0.09346222513667307,
    1.7936172080369792,
    -2.351574111075104,
    -1.0384120729361914,
    -1.4791185906396385,
    0.7510324616663115,
    -0.18585510390444804,
    0.016857004991855773,
    1.349147795194292,
    1.193967809150952,
    0.5692957541603731,
    1.7083458081514666,
    -0.0015443442740611622,
    -1.7125869525147186,
    -0.538106094074961,
    1.9749576912309394,
    -1.86845697532174,
    -1.7440677318601465,
    0.09938673439939082,
    -0.4653943455026469,
    -1.8281966015670388,
    0.3065164542097807,
    1.213051909511031,
    2.565994886896824
  ],
  "mood_params": [
    -1.3026882507289763,
    -2.2475383563303906,
    1.9347004679297943,
    -1.134581489660672,
    1.5436446339948835,
    0.5994169198308489,
    -2.4205826359738314,
    -2.3122900966448396,
    1.59698441650564,
    -3.5267229191328275,
    -2.273298095484275,
    -0.812117737424054
  ]
}