{
  "cat_params": [
    2.3473626529789695,
    1.2125561684861734,
    1.462943426758036,
    1.3862514854751804,
    0.9060919026064908,
    0.30752068737028226,
    4.030091795298878,
    0.06678502570822512,
    2.1619742715099797,
    3.491025769172276,
    1.5075708295034331,
    3.6098810227961535,
    3.870248090118119,
    -0.5008759359283319,
    3.73413667480509,
    3.772420779204467,
    2.238896941160175,
    -1.1031291415492517,
    3.858408344533825,
    2.0864180065554088,
    2.1930712576691613,
    3.6835464458387968,
    3.432972757123229,
    -0.3674670588289961,
    -0.30411222197879284,
    3.520487999164552,
    2.576564416630216,
    1.356343503469357,
    1.989207140666926,
    -0.2563427240467367
  ],
  "mood_params": [
    1.5791779441053526,
    3.196562780580975,
    0.740459387094216,
    2.7955053880330674,
    2.170200670446699,
    4.786997501428957,
    5.915933585032012,
    2.2064828610178853,
    1.1581564237036643,
    1.2392317235825967,
    2.888436776859135,
    3.7217201057390517
  ]
}