{
  "cat_params": [
    2.2441267625960872,
    1.1191512802965329,
    1.3746527405199818,
    1.3874456414686709,
    0.7115786939266859,
    0.23488893130716249,
    3.782276340911663,
    0.02520214480852272,
    1.939059665779587,
    3.300701484318991,
    1.3233642842949707,
    3.4440675474332347,
    3.683948396316102,
    -0.6704545469363844,
    3.5423018275009044,
    3.552520952007733,
    2.100868329783536,
    -1.2528693215767326,
    3.649866995458102,
    1.951924157880285,
    1.9948811767486014,
    3.431994810420604,
    3.4552095943737116,
    -0.3955359275378333,
    -0.3721472726492314,
    3.306708674785606,
    2.3803277926982873,
    1.2029911588141764,
    1.8247060185017854,
    -0.44638269334925146
  ],
  "mood_params": [
    1.5135397453262545,
    3.1043344585805,
    0.6671438366495265,
    2.6844948527061154,
    2.0665003271195697,
    4.592155560156939,
    5.754559023613758,
    2.1186753482333156,
    1.054093246083545,
    1.163813621848249,
    2.797546012566913,
    3.579649970667899
  ]
}