{
  "cat_params": [
    2.580489230862287,
    2.830212448521424,
    2.0304764327883182,
    1.6145028242683759,
    1.3393785648922636,
    -0.8012072618324698,
    4.217362639320695,
    0.5297644735868299,
    2.2532770519949485,
    2.749503511289828,
    5.232783826223772,
    -0.47754693814525034,
    3.7446689163310585,
    3.1573012144317585,
    5.301478490593329,
    4.300554537228805,
    4.28253594257138,
    1.9626726367379868,
    5.883285896709307,
    2.3198138597537734,
    3.3258112653760943,
    3.344587304683404,
    3.1080206114587074,
    0.5822100085460403,
    -0.7481333327787673,
    0.8777370215695645,
    3.2884959700271943,
    3.018727063993669,
    2.9713925679659066,
    2.43489528581041
  ],
  "mood_params": [
    4.082561194671152,
    2.913838558282606,
    2.2919009384667937,
    3.7282757936702278,
    3.4216923861425124,
    6.346200919213607,
    5.331406861270914,
    3.280888585171443,
    4.128650528158552,
    2.1700688646748065,
    0.8859969714555801,
    4.492740074500069
  ]
}