{
  "cat_params": [
    2.6777865835514283,
    2.9233241531393848,
    2.115128684626927,
    1.6134557027780767,
    1.5356265514531828,
    -0.7252687411508626,
    4.454497606255606,
    0.5688156422252486,
    2.4713615570086205,
    2.9395878360376493,
    5.465640255400465,
    -0.3624873447299256,
    3.92764997838388,
    3.3587197651545813,
    5.482030122359836,
    4.525662221114588,
    4.425406286213342,
    2.1023044322223434,
    6.0928956097842395,
    2.4492089252728015,
    3.523648476738289,
    3.5917254944892574,
    3.087431754950549,
    0.6040690035045202,
    -0.687007680696579,
    1.0652313611263529,
    3.4821745870202463,
    3.1726371445467456,
    3.141641940462709,
    2.6388431651238444
  ],
  "mood_params": [
    4.152037142921023,
    3.0040998704474515,
    2.374458638553711,
    3.8433194237494175,
    3.533140603925395,
    6.549339793893993,
    5.489620503663969,
    3.372761304142924,
    4.25315064738417,
    2.236112188370163,
    0.9710858967339545,
    4.6352699889276305
  ]
}