{
  "cat_params": [
    1.0323198565662932,
    -0.20235213196209595,
    1.7586770960378817,
    2.9568701254374323,
    -0.11309396084726188,
    0.9499217932325318,
    -0.35117476313011436,
    3.0512927578499904,
    -2.5370669071874747,
    -1.6154631615651815,
    -0.2479459513983156,
    2.071616539643575,
    -1.065337208369431,
    -2.3520299292777973,
    0.025611257995077748,
    0.29926802963723675,
    -0.7378295565051735,
    -0.06583160032385768,
    0.39724864467085097,
    -1.6202344042320527,
    -1.37966544559466,
    1.5060936089405716,
    4.139243215220086,
    0.27292391136393535,
    0.2321121405888605,
    2.0052981726478225,
    -1.068086262861683,
    -1.2110703926658604,
    -0.8689883986398124,
    -0.43648374127641415
  ],
  "mood_params": [
    0.0015336931858437259,
    0.09926498588782334,
    -1.178357932050305,
    0.47984219179147564,
    -0.719072494099577,
    -0.14103552529332175,
    -0.7651218316342089,
    1.5596617468242469,
    0.07591708600616906,
    -0.6549636503531125,
    -1.3529147053251365,
    -2.502071152818123
  ]
}