{
  "cat_params": [
    0.9598847049426588,
    -0.36013181668956235,
    1.8102456062418875,
    2.9123444329874015,
    -0.3292835960962718,
    0.8911738284928589,
    -0.5923319111613026,
    3.0127260359030634,
    -2.548021631482407,
    -1.9459738013120182,
    -0.5212082163807751,
    1.8197734823265466,
    -1.4100537267989064,
    -2.575362483884689,
    -0.2620993866822052,
    -0.039948485942085436,
    -1.0761676254779868,
    -0.14819892462126738,
    0.12555936625680325,
    -1.864929420063926,
    -1.6397716759670578,
    1.2332307009752805,
    3.9580199933038758,
    0.3113559051093864,
    0.19702314710995694,
    1.7161053884438868,
    -1.2657766054853563,
    -1.533866345542078,
    -1.1439795118712934,
    -0.6056541517199154
  ],
  "mood_params": [
    -0.1281572414289173,
    -0.14131771422201153,
    -1.3479450793825107,
    0.1913377776547982,
    -0.9302410080541413,
    -0.4977961353074435,
    -1.1079385395363697,
    1.353548819981388,
    -0.18186950408647426,
    -0.8776601824913643,
    -1.6070782452142218,
    -2.759427709891815
  ]
}