{
  "cat_params": [
    -0.990543232989368,
    -0.5132901419424891,
    -2.7966569471393616,
    -2.2209604928257742,
    -0.5422261050287193,
    0.10135510612646485,
    -3.311554459055184,
    -1.9681426865746612,
    0.05558825972589712,
    -2.841981336766863,
    -1.3229383689980507,
    1.0147596077318017,
    -2.30174587541503,
    0.5828644109324868,
    -2.3081732537762663,
    1.129111799356238,
    -1.7105087740564826,
    -4.219222938343794,
    -1.2456032233003929,
    -1.1258772556628123,
    -2.1262770487294125,
    0.7119338400485266,
    -1.5601718052487443,
    -0.8650049482180733,
    -0.5455265592966579,
    -0.33799332762755346,
    -2.3779131868186045,
    -0.47601098939506786,
    -1.5207903446081288,
    -0.3852906893676925
  ],
  "mood_params": [
    -1.0186498026317021,
    -0.9533778316382235,
    -1.0620317810585271,
    -0.6584604568892952,
    -0.8924897865650995,
    -1.433951277295379,
    -0.06428771021341048,
    -0.8448690273666744,
    -0.5806779672029615,
    -0.41572773634496313,
    1.2469736972374976,
    -3.3620469204650845
  ]
}