{
  "cat_params": [
    -1.4859124560892538,
    -0.5206290475208661,
    -3.8044194685290718,
    -3.0990489614067456,
    0.1588881046820599,
    0.47222166969118345,
    -2.655896039744448,
    -3.5140780518203156,
    1.9554998376027792,
    -1.8064028987744372,
    -1.2109282216032695,
    0.9918264877619155,
    -1.5797857412686303,
    2.01037385956817,
    -1.2898799464582615,
    2.593259596238082,
    -1.0872280468822955,
    -5.5938917009941855,
    0.3762116595771475,
    0.3364493588513224,
    -2.10164552709529,
    2.4163735422596546,
    -0.03573313890624048,
    -1.2848750194632703,
    -1.2797823919218538,
    -0.42441226798649284,
    -2.521867392790669,
    0.35332768915449514,
    -1.7678869706979607,
    0.500081951914079
  ],
  "mood_params": [
    -0.5969046559201452,
    -0.9900657116825979,
    -1.2936843457691156,
    -0.2005465945181676,
    -0.05020583830107014,
    -0.9040015173646418,
    1.6535371320963492,
    -0.8471896636204961,
    -0.40201494760014844,
    1.143028714472507,
    3.7046093778790117,
    -3.117292499503353
  ]
}