{
  "cat_params": [
    -4.1373475202685706,
    -2.080176795452477,
    -2.179709798276626,
    -1.2764135737445563,
    -2.1163407954291302,
    -0.17398019319016686,
    -4.571513955063336,
    -1.170061754227512,
    -2.487387023999677,
    -4.023750251240817,
    -2.1961855243333344,
    -1.2625895978819743,
    -4.243935326776752,
    -2.719560781358505,
    -1.0087591939851974,
    -1.6131083703739653,
    -2.945491334066589,
    -3.956445457452401,
    -4.300952464596235,
    -2.1101937258457606,
    -4.6441459101832026,
    -3.007756536184147,
    1.0128353129261765,
    -1.6955896167976208,
    -0.13348867876627768,
    -2.3159369550241258,
    -4.87701436959979,
    -3.190423000962459,
    -3.5611597770211447,
    -2.316781932490813
  ],
  "mood_params": [
    -1.5226212487843527,
    -0.9891915581381899,
    -1.945958985451458,
    -0.4486190201351381,
    -1.1879809795841447,
    -2.5914552192527793,
    -0.3861693994850306,
    -0.9104119795936213,
    -1.9880019090121048,
    -0.4360011377870153,
    0.2824771795399956,
    -1.802730410817596
  ]
}