{
  "cat_params": [
    -0.6305211743952087,
    -0.9619064927631498,
    -3.0719210153183627,
    -2.2859901743520945,
    -3.3360079629647252,
    -0.3947779979284209,
    -6.453134763653864,
    -1.5815178358591022,
    -5.767633456260361,
    -5.671103223970469,
    -2.597323972727237,
    -2.465423549381853,
    -5.225533420977573,
    -3.056215647008191,
    -4.757847433213423,
    -4.201375988932831,
    -4.443039014806542,
    -3.324114964657994,
    -4.385398397001084,
    -3.7359379637904566,
    -4.462217904802965,
    -4.209154464896699,
    -5.381598553618642,
    0.29097293228201165,
    -0.1016379961701656,
    -3.9988269677390584,
    -4.444574310905767,
    -4.341120089971819,
    -3.7621137198673855,
    -2.9156116819961992
  ],
  "mood_params": [
    -2.4403120699094,
    -3.340383880336778,
    -1.9003738568333588,
    -3.0985856315456055,
    -2.115237378578249,
    -3.6929294476302297,
    -4.204865463833564,
    -2.262313523930189,
    -3.435896805051193,
    -1.782496535862214,
    -2.7241163177459278,
    -1.5618299093746189
  ]
}