{
  "cat_params": [
    -0.5511523862259152,
    -0.910519395821691,
    -3.010034165078067,
    -2.2882172743582943,
    -3.2557752999232696,
    -0.35159430912605577,
    -6.201559054708939,
    -1.5523264255333185,
    -5.620766710093281,
    -5.519063438428402,
    -2.5376507113644413,
    -2.42678321037202,
    -5.109548771404931,
    -2.985138737507653,
    -4.619980783477917,
    -4.145980628432628,
    -4.383537771428209,
    -3.2336273048262747,
    -4.280879255311757,
    -3.626011389584105,
    -4.362880415218832,
    -4.1058973902882405,
    -5.36182391100554,
    0.3037336445405314,
    -0.06172672507634754,
    -3.934549893259576,
    -4.338661903980745,
    -4.263393304778433,
    -3.7041713648274612,
    -2.824526401773818
  ],
  "mood_params": [
    -2.40964485770476,
    -3.3038154197727554,
    -1.8736878624309512,
    -3.0610863088623006,
    -2.079266012847888,
    -3.622951586232894,
    -4.124282559940328,
    -2.2288820778918716,
    -3.406244391076281,
    -1.7207932342652184,
    -2.682822634471499,
    -1.4923463309932865
  ]
}