{
  "cat_params": [
    -0.8266630997995121,
    -0.8213082173295895,
    1.1934147335725016,
    0.30550855075411526,
    0.09292395252406108,
    -0.6918451405176329,
    -2.198853409043047,
    -1.7235897575667822,
    -0.0935358044610224,
    -3.994637224915872,
    -1.3515801811970958,
    -0.932242010098211,
    -4.0763717356102145,
    0.7368565058174208,
    -1.0799672925457742,
    1.2899396789838211,
    -2.1167305316866942,
    1.532353785663202,
    -2.141499911177954,
    -1.046354367950447,
    -0.10024918634424311,
    -1.240435571598195,
    -3.313193696057752,
    -0.41583747883353633,
    0.5506543470838432,
    -0.5999835931573633,
    -1.3738490154939083,
    -1.8795533144920302,
    -0.9368663618592087,
    -0.203654334418379
  ],
  "mood_params": [
    -2.6590020973581385,
    -2.249901049184659,
    1.7424469945726768,
    -0.8584082109593132,
    -0.7214451673880394,
    -1.488455805710743,
    -2.8794380518163276,
    -1.1053967981004795,
    1.8204400393302946,
    -0.9049380452516392,
    -1.1137526216591473,
    -5.094626551204396
  ]
}