{
  "cat_params": [
    -0.9659691432622473,
    -0.913213087944306,
    1.1042660263694004,
    0.3072504604258334,
    -0.09527810132973617,
    -0.7688799631379408,
    -2.52913058360756,
    -1.7716942751970763,
    -0.3235183042857865,
    -4.229912385608613,
    -1.498645252531763,
    -1.0423579834458165,
    -4.274827733252727,
    0.5561287863804381,
    -1.293228755895103,
    1.0971063503009058,
    -2.2407340744320514,
    1.388891645373098,
    -2.3381071170198133,
    -1.203196574922336,
    -0.293444393450808,
    -1.4614659136725465,
    -3.320821168681209,
    -0.4441938611369026,
    0.4699172722135423,
    -0.774740541125535,
    -1.567003620305203,
    -2.027389124171548,
    -1.0803616544792758,
    -0.39400600197248237
  ],
  "mood_params": [
    -2.716584285373075,
    -2.3257649495211035,
    1.6627569514174207,
    -0.9497309093474626,
    -0.8055343296836934,
    -1.6438912168775581,
    -3.028743453364038,
    -1.1779542808610581,
    1.7116590485826009,
    -0.9974367798746472,
    -1.1954899428613186,
    -5.210975910599705
  ]
}