{
  "cat_params": [
    5.5011687948317185,
    3.302330189493264,
    0.6796318735336906,
    -0.5411816424895589,
    5.146439737024354,
    1.9113061096286927,
    3.4763920453632458,
    1.009640397645879,
    -0.6677648581143405,
    3.8373772319794703,
    3.7253500589791093,
    1.5279520379536393,
    5.61436031073833,
    5.496219035991681,
    3.0236102045128193,
    5.306091973124216,
    3.44574550690835,
    1.498169977108747,
    5.256228292671296,
    0.06254588171577746,
    4.972702692046649,
    5.292364017755026,
    0.5952934090096003,
    -0.01919629651280558,
    1.544549679748546,
    1.6247573258379,
    4.292824041277694,
    4.291828247954691,
    5.9913098587124445,
    4.617088158993605
  ],
  "mood_params": [
    2.7382745332453235,
    2.438773411116255,
    2.5483463866936544,
    2.1700202712307592,
    2.077581831399604,
    6.050096530237225,
    3.034498358976349,
    3.4295401719915595,
    4.908160712194178,
    0.5648451894569785,
    0.29604125426372263,
    5.127243764997684
  ]
}