{
  "cat_params": [
    5.307215027004297,
    3.0489011837294036,
    0.6561890026572956,
    -0.7890114012195373,
    4.829680208689288,
    2.5811695446329463,
    3.1549670781730335,
    0.9090814551605914,
    -0.9545058763982445,
    3.5867579859080574,
    3.459446240736338,
    1.7805535413644784,
    5.2271215840542515,
    5.271264862288617,
    2.7566621905249837,
    4.909209515153652,
    2.8797200212825524,
    1.22606091733055,
    4.9260797247266295,
    -0.1523482147780112,
    4.538806449713993,
    5.011382368439621,
    0.44888657656475095,
    -0.11952005971052596,
    2.7259997082158174,
    1.459143441766674,
    4.087739606513778,
    3.904688470840562,
    5.530275230349774,
    4.348581265560714
  ],
  "mood_params": [
    2.514462219591128,
    2.0890178110917663,
    2.170879098383713,
    1.6321871209312988,
    1.646022186519114,
    5.454493572018964,
    2.548690644900503,
    3.0924436264550605,
    4.396681984842287,
    0.19456676222528213,
    -0.13827415202479643,
    4.746665583758132
  ]
}