{
  "cat_params": [
    3.6794558679770963,
    2.8518610549830887,
    -2.306078184653921,
    -1.569558840122932,
    9.775653939233498,
    -2.915729933352534,
    5.868230515814665,
    -2.5252415108069455,
    3.028001288067173,
    4.294627399445796,
    1.3158352253951808,
    3.038535677436797,
    4.784988651215542,
    6.849933345730036,
    1.9097619580403493,
    6.298462049255447,
    6.025207395783882,
    -0.8743423455982811,
    3.5345549208434077,
    -0.17955779140207934,
    6.569100739670148,
    6.190024443884666,
    3.2838857848857455,
    -1.6860079763590312,
    -1.3430656951584559,
    3.287968887559072,
    4.85136496050344,
    7.594111220629155,
    7.708019871909901,
    8.701676932598316
  ],
  "mood_params": [
    1.8227328219943955,
    2.2863822852860065,
    4.275874904408573,
    3.3069188905432703,
    5.061629193161669,
    7.602699884540839,
    7.14981781878722,
    0.6169817832259611,
    5.329773745642187,
    -0.25426362122892576,
    2.7808065307952248,
    2.4782999124581373
  ]
}