{
  "cat_params": [
    3.5913581049832444,
    2.757247145111593,
    -2.4063672207599764,
    -1.566866588767468,
    9.51230233222975,
    -3.0025628824297623,
    5.644749210443975,
    -2.5762661329694936,
    2.80780047523937,
    4.109128685438449,
    1.1341193996009804,
    2.879728288939895,
    4.6000882774313165,
    6.614140933614853,
    1.7098071829482118,
    6.051020786889039,
    5.874986909799857,
    -1.023537527750216,
    3.326657733808233,
    -0.3302165039647504,
    6.361379624773951,
    5.922936409274252,
    3.305462635524874,
    -1.7219142473210887,
    -1.3956616626493423,
    3.0763916044010076,
    4.653353590993027,
    7.430124771823691,
    7.502464276803818,
    8.458642383572073
  ],
  "mood_params": [
    1.7566316696128677,
    2.196888687664676,
    4.180067578341369,
    3.1931527822196006,
    4.938319142637133,
    7.390176820440425,
    6.986750100252497,
    0.5364933585890403,
    5.195993826583385,
    -0.34157902982602095,
    2.690161928599299,
    2.339857326655025
  ]
}