{
  "cat_params": [
    -1.0801345328981364,
    0.1263997491934495,
    3.8600522965152013,
    2.9826094148424716,
    0.9957459116326054,
    1.661551805352529,
    1.4077413988357121,
    2.4801261697534622,
    0.15111276615760996,
    0.6864910349327402,
    1.275583614321186,
    2.030998347376036,
    0.6446765344126173,
    -0.706333583099294,
    1.5475905967807042,
    0.9165421679653065,
    1.7140993363090353,
    3.5641392891324943,
    0.37989161329836435,
    1.3707243914746698,
    0.9738292568151226,
    -0.04414906920084492,
    1.7498078865742428,
    0.6696342487096112,
    1.4901242194574678,
    2.8812566919193423,
    0.6891758857885977,
    1.630782245910424,
    0.6456257788631556,
    0.3193366442439616
  ],
  "mood_params": [
    -1.3460783637355755,
    2.3733871474324046,
    1.065241593194972,
    3.0072284162726013,
    -0.4106953836036977,
    0.1556350460250552,
    1.106087031314208,
    2.2892642975804645,
    0.7708521586648335,
    2.0602474369975696,
    3.402665618222419,
    -1.8295441126721008
  ]
}