{
  "cat_params": [
    -1.2201375220534283,
    0.035350834892734856,
    3.7809548560167503,
    2.9829626072236812,
    0.8036880438597254,
    1.5961292833503338,
    1.1302720334460592,
    2.4480371595727783,
    -0.07424249898302224,
    0.4828770235505191,
    1.097157636240618,
    1.8865887840910602,
    0.4566733593657944,
    -0.8711353990412556,
    1.3495275598515417,
    0.7307847303094245,
    1.579959368781641,
    3.427989761442934,
    0.18164537531070024,
    1.2336357064079921,
    0.7815455760488198,
    -0.2687502973104904,
    1.7644752743523915,
    0.6481649733219631,
    1.396645895800425,
    2.6765639267838517,
    0.4976763003194623,
    1.4795007091441925,
    0.4932949207122992,
    0.1291106898594705
  ],
  "mood_params": [
    -1.4051033926590129,
    2.2850208719869585,
    0.9910129327587451,
    2.8966897705000303,
    -0.4953964525836723,
    -0.007354741999866155,
    0.9538885487643204,
    2.2023806976536586,
    0.6711583809167454,
    1.9928031602154237,
    3.312015405262906,
    -1.9532136034158578
  ]
}