{
  "cat_params": [
    6.013783083316445,
    5.905184853997865,
    -2.0179252026672527,
    -2.2344488705903705,
    7.047541948767864,
    -1.530893540338744,
    1.9943800668250709,
    -1.9511082390901293,
    1.7638242589491289,
    3.2327702345679223,
    2.076577463461195,
    0.8118149398374976,
    3.9861830257404347,
    4.348521895637832,
    2.242632392165499,
    2.4961919500979963,
    0.9093148150728747,
    -0.6727652698716867,
    2.1772813028429954,
    0.9354509290227211,
    3.6891231745644193,
    4.6201787079571774,
    -1.433893328201316,
    -2.079683382571205,
    -0.17577569615744476,
    0.7008611809363403,
    3.98778314025307,
    2.4485012229176126,
    5.371642062794908,
    5.730243053641235
  ],
  "mood_params": [
    4.7709162179723155,
    2.448522144095697,
    -0.4679408362235855,
    -0.8875864484685327,
    -1.7642833522261543,
    3.4445159703883883,
    1.4939095175626222,
    1.3982519166535576,
    1.8609500383998756,
    0.2721689643273544,
    -1.0649003149501601,
    3.361942404708937
  ]
}