{
  "cat_params": [
    5.956618074840094,
    5.811455923467323,
    -2.1141452335515583,
    -2.231483948004431,
    6.81172089165584,
    -1.6091163379159434,
    1.7298269587537287,
    -1.998623267512489,
    1.547450363272016,
    3.0480595309041414,
    1.8905613621903445,
    0.6844340364187729,
    3.806578526664705,
    4.141164512171371,
    2.051227485640265,
    2.2962685913154735,
    0.7800032945695177,
    -0.8164919520752446,
    1.9788948405694866,
    0.7978115244538515,
    3.4942329869265096,
    4.370576818768069,
    -1.4334401069638651,
    -2.1170519564788357,
    -0.24325767211064978,
    0.5199031212877441,
    3.7970313894277172,
    2.298408474279615,
    5.187952686221339,
    5.511282492399145
  ],
  "mood_params": [
    4.70133499518643,
    2.36134301234808,
    -0.531242459809521,
    -0.9754985068547367,
    -1.838282750498405,
    3.2636915717168176,
    1.3437995920172694,
    1.3167989067500991,
    1.7551293200568443,
    0.19193919027582454,
    -1.143891426376692,
    3.225371062343643
  ]
}