{
  "cat_params": [
    -2.478943311897829,
    0.6085813005050551,
    -0.22525776012432677,
    -0.6947289522909954,
    -0.15537092190136265,
    -1.7642529950829318,
    0.690908954027039,
    -2.564019602632292,
    0.22371967290408287,
    1.9116975639517397,
    2.293775389428546,
    2.384579224679504,
    1.4393537301840285,
    0.4307103409637711,
    0.7328587046389475,
    -0.47419973367455287,
    2.276446702416368,
    -2.758529929711097,
    -2.371999040618433,
    3.2931091106497474,
    3.2800805629796144,
    -0.28113150135260606,
    0.06087813124746386,
    6.005372359208629,
    -2.410623772171777,
    2.1001035392772383,
    -1.3666555947857844,
    1.1523280852312465,
    2.230380046354431,
    -1.7114574697564602
  ],
  "mood_params": [
    -1.1272721760439528,
    -0.08388276090365002,
    6.201544795293055,
    2.29399276302747,
    3.4525584858365006,
    0.17782366959682921,
    0.6612729594351529,
    -1.8493526560137068,
    2.2108580564396885,
    2.1635574084291607,
    -0.42438029094134416,
    1.8623241507221637
  ]
}