{
  "cat_params": [
    -2.3226367764033897,
    0.7016093547199991,
    -0.13189006129686479,
    -0.6969789533877235,
    0.032361091795632436,
    -1.6828519346432034,
    0.9791146851736506,
    -2.513039427896531,
    0.45199269790925284,
    2.110312931556497,
    2.490753861250937,
    2.5372394998866152,
    1.6290818373898213,
    0.6102980613407984,
    0.93714241521802,
    -0.29868720847513514,
    2.415042500397646,
    -2.6052116072070146,
    -2.1754593820075896,
    3.4181030750399097,
    3.4810759303697396,
    -0.05273922569516144,
    0.05360128608886514,
    5.995619067919104,
    -2.3733378819852358,
    2.302346618247709,
    -1.1733445611417341,
    1.3055939123272207,
    2.3978144975979903,
    -1.5289460706169358
  ],
  "mood_params": [
    -1.0666632409720864,
    -0.0012626112431358043,
    6.310294791151263,
    2.4028878157264213,
    3.565723282319292,
    0.344770774803742,
    0.8156488225920073,
    -1.779901025754354,
    2.3232206319102935,
    2.231074409676635,
    -0.3408753151540849,
    1.9993695068101396
  ]
}