{
  "cat_params": [
    1.7435198350404888,
    0.8861267845117748,
    -0.5331847956372555,
    -0.013357821585186197,
    -1.1392005711022397,
    0.32507210695597544,
    1.4401516616777532,
    0.39395548780542233,
    2.6118772211231858,
    1.0769955272322436,
    3.4793344080651987,
    -1.173472170722772,
    1.616244926460611,
    1.1991523928054266,
    2.461137887958574,
    -0.5707534607862954,
    -0.6419003538325135,
    2.1957987847047624,
    1.3009025776198415,
    1.498048320416329,
    -0.1630457522091115,
    0.8046875642723847,
    -0.6602094917760087,
    -1.9067902041064877,
    1.2841767566203046,
    -0.1465756333365991,
    0.8039240352955691,
    -1.2826977328223401,
    0.1820834653483318,
    -0.6548947283173283
  ],
  "mood_params": [
    3.8717283901154196,
    1.645088486625757,
    -2.39569447875066,
    -1.5828289882979014,
    -2.905360223012199,
    2.068404230346124,
    0.021863155319421793,
    1.7528166986915323,
    -0.8843003496678804,
    0.7051815420293187,
    -1.5916461842049268,
    4.007891521998095
  ]
}