{
  "cat_params": [
    1.9192213869506298,
    0.8818947571633925,
    -0.620057392925382,
    -0.0288223797761303,
    -1.191190496228875,
    0.21205629207865775,
    1.4312089870385696,
    0.3637274891031193,
    2.5516753054963104,
    1.1215116677833223,
    3.7211362089209508,
    -0.7311379301640706,
    1.883170207646259,
    1.1116396172545537,
    2.388335893600375,
    -0.5083858516763009,
    -0.6603843336272969,
    2.1950950391797104,
    1.4131499570090214,
    1.5894126475882453,
    -0.21669655543639357,
    1.187847714169382,
    -0.605403158836577,
    -1.9379968327047412,
    1.12975026904916,
    0.17028092164023492,
    0.730063081321928,
    -1.2832825767414624,
    0.3579415170159058,
    -0.7135372592903939
  ],
  "mood_params": [
    3.976966639953295,
    1.8388512608585634,
    -2.4360797707628943,
    -1.6447582212672132,
    -3.0526509540719062,
    2.0492692234798984,
    -0.05645047193891513,
    1.7800897340655595,
    -0.9321768604590013,
    0.7303446559487737,
    -1.638923498780248,
    4.024883667323976
  ]
}