{
  "cat_params": [
    -1.240149837934495,
    -2.067855401399052,
    -4.3360888714274095,
    -2.856721665735558,
    -2.964088927223161,
    -1.4360043875145438,
    -4.937099884019512,
    -2.315057593194902,
    -4.455193910183939,
    -3.1685457775241166,
    2.776198107893863,
    0.09687869934564167,
    -3.0807162979429563,
    -2.740518234030449,
    -5.175927621223405,
    -1.94832333530025,
    -3.132185307044913,
    -5.31906290160278,
    -2.231269905782103,
    -0.5818252376747814,
    -4.132709142677748,
    -2.601367111991227,
    -5.1564206317851005,
    -2.110467957714947,
    -2.1306166350520153,
    -1.2242809184020238,
    -0.5807294390407636,
    -3.248293573968111,
    -2.1832085144140496,
    -2.179720626712337
  ],
  "mood_params": [
    -0.5484848324265847,
    -1.5929955769360098,
    -0.6819647502116968,
    -3.1024250046015345,
    -2.0998256054887863,
    -1.3574106804562196,
    -3.9097516274900816,
    -1.1874739674668606,
    -2.3017653121777064,
    -0.5608598065349628,
    -2.2434850540304945,
    -0.016617768290357382
  ]
}