{
  "cat_params": [
    -1.0836647044049421,
    -1.8691747387851159,
    -4.251482312894828,
    -2.7518276513890045,
    -2.819170921002155,
    -1.3720561785827097,
    -4.623763734662342,
    -2.190599735178134,
    -4.405361852956336,
    -2.6974386831534,
    3.224785695725858,
    0.35210222086426585,
    -2.690838696690549,
    -2.5613721697539815,
    -4.928205029761366,
    -1.5743860116815456,
    -2.7207098675731287,
    -5.321892600636105,
    -1.9453670032716497,
    -0.2264740897380074,
    -3.819544957569675,
    -2.328911423600497,
    -4.798569616414889,
    -2.012343941188682,
    -2.227963574807663,
    -0.9210786670586472,
    -0.3863244141731531,
    -2.8941868662458834,
    -1.8876036657697206,
    -2.0798578115203994
  ],
  "mood_params": [
    -0.3877245155159907,
    -1.29580673829008,
    -0.4530075924792587,
    -2.778586854650522,
    -1.8596158849696898,
    -0.94616082204704,
    -3.535868369962033,
    -0.9497054064421617,
    -2.0048322453407783,
    -0.2900421025242598,
    -1.9115953698374273,
    0.2878367536550934
  ]
}