{
  "cat_params": [
    -0.05615770409392539,
    -2.0377047039537244,
    1.8114867546826365,
    2.998474392013785,
    -1.8395364530985379,
    1.2779206490892436,
    -1.0580708611291088,
    1.6101943461218922,
    0.4686519451575784,
    -1.3069260154565485,
    -1.1110003579565206,
    -0.28167102520037435,
    -1.566258635427735,
    -1.1360877673802057,
    0.8796415615986101,
    0.42016320119623773,
    1.3924565022438722,
    1.410293688675557,
    3.9397808115113317,
    3.2298810862144234,
    -0.5757749829259965,
    0.7397604839070356,
    0.18129828341483328,
    0.5346188599400152,
    -0.8761132202100586,
    1.4062657521811401,
    -2.1021633247753297,
    0.6104409627547107,
    -0.8700855341077667,
    -1.9553362091103017
  ],
  "mood_params": [
    -1.1994807942300885,
    2.4970479493468374,
    1.3867217125610647,
    3.5609985222025182,
    2.166860719766878,
    0.4659835726797231,
    1.2080850261366032,
    1.7898756034456296,
    2.0777958543646866,
    2.3451790799317727,
    0.11972798247553137,
    -1.281383792207224
  ]
}