{
  "cat_params": [
    -0.10508076688594449,
    -2.2546138779697293,
    1.9884863738880376,
    2.954283714893281,
    -1.958965852134809,
    1.3701790775404665,
    -1.0587586738160952,
    1.729461719548418,
    0.47125945754778786,
    -1.578196254005976,
    -1.2997648359708778,
    -0.42626718390560875,
    -1.7821957186129795,
    -1.2124271578862045,
    0.8509832898845587,
    0.13185892650978479,
    1.0297121397976123,
    1.6436659664642488,
    3.8589447994040693,
    3.020795254754659,
    -0.6989851827996966,
    0.7682783521145372,
    0.12705587657438905,
    0.6268919425365225,
    -0.7788867220870627,
    1.3658829752026074,
    -2.1805715930672758,
    0.2626174277595048,
    -1.0888977681558196,
    -2.027912851316498
  ],
  "mood_params": [
    -1.2641814457633984,
    2.3092988696912435,
    1.1956101378283486,
    3.3061231427235125,
    1.9593874798391075,
    0.15735208269901513,
    0.8813862261545624,
    1.7457397656610312,
    1.8119573102028332,
    2.1316193294583674,
    -0.06435949937079438,
    -1.5236057548781534
  ]
}