{
  "cat_params": [
    -4.456461611892823,
    -2.234395134564167,
    -2.374805425996108,
    -2.6557379323879733,
    -4.986636359658209,
    0.6096196892265258,
    -4.374158177125714,
    1.419183606285224,
    -4.399154862905795,
    -5.295688845266189,
    -3.862413179101834,
    -2.6062166121691344,
    -4.637075707609904,
    -3.98795597900928,
    -3.5980626587987548,
    -6.049250351969326,
    -5.410185890390407,
    -1.84923962774975,
    -4.913521606257466,
    -4.07620057291977,
    -5.109629415943873,
    -5.003442758432316,
    -3.184625839699166,
    2.5750659769905626,
    1.2040531478662826,
    -3.366254232301019,
    -4.949494217946238,
    -5.090259245098437,
    -5.121602006037834,
    -4.0627581061443205
  ],
  "mood_params": [
    -2.5484028301326185,
    -3.8345646985819264,
    -3.4522128473851423,
    -4.189855132028238,
    -3.589628326967717,
    -5.2429293471267915,
    -4.399228065765055,
    -2.969326974014861,
    -5.138710259994847,
    -1.9943933749737675,
    -3.7079219183417025,
    -2.111878718242486
  ]
}