{
  "cat_params": [
    -4.6004855011642825,
    -2.2992434066583787,
    -2.4491758791667095,
    -2.653028547398504,
    -5.08269445749661,
    0.5591243336538194,
    -4.648543284014585,
    1.394288696911169,
    -4.578039763490479,
    -5.4793616468503235,
    -3.930568905752741,
    -2.6616258367574788,
    -4.782336217130614,
    -4.077169033412679,
    -3.763913205817353,
    -6.111793754048547,
    -5.486797517276341,
    -1.9593884354161253,
    -5.048130429630686,
    -4.212651150612413,
    -5.237525343337673,
    -5.136831196538957,
    -3.1936637183192746,
    2.571766397958975,
    1.1340090097589057,
    -3.464073282816473,
    -5.085241796285357,
    -5.19014828870632,
    -5.19281290000138,
    -4.1764131946408565
  ],
  "mood_params": [
    -2.588581577292254,
    -3.8824330832282214,
    -3.479563244967368,
    -4.236246482213584,
    -3.629243271091564,
    -5.328451138261375,
    -4.5033515029232625,
    -3.0114668933683815,
    -5.170974303909475,
    -2.071586872055806,
    -3.760024866634147,
    -2.2000323886419166
  ]
}