{
  "cat_params": [
    9.120170081882494,
    4.964122374193346,
    0.16304010149196912,
    -0.7339412413475243,
    2.7979497752164817,
    0.8418688315785768,
    0.6919770999810899,
    2.9985329500750235,
    1.9603079393639995,
    2.0565671375435843,
    5.567577070539326,
    5.107698232800394,
    3.026034157053057,
    3.013540953503555,
    -3.0186385285280104,
    -1.2527317423484536,
    1.467393015391605,
    0.925867991511194,
    -1.86099564056273,
    1.1293413079794907,
    5.197413737976024,
    4.1792444818536785,
    -0.49310138198416376,
    1.2439956194806705,
    -3.057201809426091,
    8.478549310000856,
    2.776677397835123,
    5.69826814630837,
    4.042620002201483,
    3.7877858380542677
  ],
  "mood_params": [
    -1.2459878054918803,
    -0.044927884457734595,
    0.014437635467302421,
    -1.8347189851574663,
    -1.7155935510778835,
    -3.6307257982026493,
    -3.1162145335429265,
    -2.5850690960145566,
    -0.4212525213219372,
    0.8168822827718333,
    1.162688064706729,
    -1.2681275500690559
  ]
}