{
  "cat_params": [
    8.954484169347335,
    4.951843098336228,
    0.347486594689603,
    -0.6864260667911186,
    3.0605999482902795,
    0.8310083274304843,
    0.5906622427926125,
    2.929483218368583,
    2.02011517283885,
    1.9349660890698421,
    4.1567643670911165,
    4.424811153311893,
    2.8078687278788292,
    3.218709661023829,
    -3.0005332583208233,
    -1.0884541268248007,
    1.4312398817475003,
    1.0386397147785114,
    -1.660408988102553,
    0.9759374972573686,
    5.299041383985269,
    3.9310983287389694,
    -0.8772104513929211,
    1.1708667548355263,
    -2.94517679470496,
    7.425563818466099,
    2.931834576317695,
    5.753981972085862,
    4.091638433608856,
    4.104463622891506
  ],
  "mood_params": [
    -1.167642075384515,
    0.08347709868532084,
    0.23717987604919608,
    -1.6605540652481996,
    -1.4651904100102138,
    -3.416518517366284,
    -2.9425038456969554,
    -2.473058813278596,
    -0.22666113616282368,
    0.5989403261311906,
    0.963302533609216,
    -1.1469722796360282
  ]
}