{
  "cat_params": [
    -2.06150862350413,
    -1.6641378701729594,
    2.6257272694237264,
    1.6066992456079279,
    -1.734334773544953,
    -0.06804447993995272,
    -0.871169351824662,
    2.424790317662318,
    -1.644599306413839,
    -3.749041636847212,
    -2.7397669532899003,
    -0.7822839463054894,
    -2.5724356977018505,
    -3.170327990901472,
    -1.6512184544060984,
    -3.4345134487752143,
    -2.060766364314327,
    3.14571340998745,
    -2.1545404813569573,
    -1.8269412678430443,
    -2.3724397276194757,
    -1.7635238694391535,
    0.12678681084966736,
    1.142292067248279,
    -0.7152115778781551,
    -1.4466696051088268,
    -0.9595149198911868,
    -1.48060819848214,
    -2.6637561869192807,
    -1.4528221001954236
  ],
  "mood_params": [
    -2.7646914568361827,
    -3.3543026137870022,
    -2.2319720342287104,
    -3.1677706097792955,
    -1.9929942826830649,
    -4.335059920752475,
    -3.6416557377369654,
    -2.8707070684135965,
    -2.2551007543464667,
    -2.0867552732293144,
    -2.079429346905304,
    -2.956550430897956
  ]
}