{
  "cat_params": [
    -2.100625691769141,
    -2.1772231811052287,
    2.3793120629464553,
    0.9288892931909419,
    -2.153776868750674,
    0.12791406984535203,
    -0.9135274480089227,
    2.025490789638622,
    -0.06767695948437255,
    -4.07134072007042,
    -3.250476496214443,
    -0.9948155449766573,
    -2.998350545161102,
    -3.3227143438624718,
    -2.0279908296803675,
    -3.151518639418713,
    -2.9442030729078548,
    2.3609687118510343,
    -2.289585457504211,
    -1.8809406515761178,
    -3.0138365608854887,
    -2.0541565434749702,
    -0.12407880780870072,
    1.2147847139366876,
    -1.0051086439615209,
    -2.120902306033805,
    -0.8616935928848547,
    -2.1980575369653392,
    -3.2240907051338588,
    -1.430563093258862
  ],
  "mood_params": [
    -2.7896095198201647,
    -3.8331823451592615,
    -2.7030632061510853,
    -3.8488480860683816,
    -2.4955745729586365,
    -5.0256518850012855,
    -4.023690076803816,
    -3.1195353211862704,
    -2.803027086429212,
    -2.660861903802515,
    -2.226809917664051,
    -3.6612630223653
  ]
}