{
  "cat_params": [
    1.6327351567899075,
    0.28235642403085026,
    1.7364771520797566,
    0.5041251880642075,
    -0.01092227397323999,
    3.367516347657041,
    2.409022889799293,
    2.676482824770688,
    -0.12629658146648595,
    1.0090860784085527,
    0.6689526989293815,
    -2.0140964861732686,
    0.14552575357286998,
    1.335562334697901,
    5.527800359808262,
    0.2695667974848819,
    -0.5722505102952571,
    4.472676506645058,
    1.5119401978751403,
    0.5039585809212173,
    0.4552815265410151,
    0.5756618289607682,
    0.6551280009087861,
    -2.856857589461407,
    2.8468203712261664,
    0.04770119353294101,
    1.2642328351845757,
    0.05939043764258736,
    -0.051122316892562795,
    1.1816565502288658
  ],
  "mood_params": [
    1.6756966436210394,
    1.2904288328622053,
    -2.4619189485785706,
    -0.013632773820382934,
    -2.3029743739197293,
    1.4698354682147063,
    1.2969683372614536,
    2.7040848497853807,
    -1.522438070193039,
    0.894043076796536,
    -0.4256211654209098,
    2.2829032954520305
  ]
}