{
  "cat_params": [
    1.7877743294397088,
    0.31203517045345086,
    1.6924427044988468,
    0.48276635715328176,
    0.17071766121281315,
    3.2526038163814657,
    2.4863196800061025,
    2.675812610463411,
    -0.033721917724162095,
    1.0487300838094702,
    0.9597025074799176,
    -1.3978024923060224,
    0.37365277351248366,
    1.3276104582565849,
    5.499291948180761,
    0.38936493314684767,
    -0.5586485556943067,
    4.382694882449669,
    1.4678196705444828,
    0.4273431647865311,
    0.49702351271661666,
    1.037493475656785,
    0.7167816823429966,
    -2.8602648582825787,
    2.6542221837355147,
    0.49763717733927015,
    1.1526052629962549,
    0.1759979151941054,
    0.13703442070447575,
    1.491433308823021
  ],
  "mood_params": [
    1.7790256852649993,
    1.4164554317455742,
    -2.5023800819155047,
    -0.12101676090501529,
    -2.4194129624471983,
    1.420747394815898,
    1.1925479317051557,
    2.687632157328186,
    -1.5099918905404166,
    0.883339370106392,
    -0.5074705734332632,
    2.2521529408729255
  ]
}