{
  "cat_params": [
    0.40226329666391064,
    -0.6407602785823302,
    -1.4975133883757907,
    -1.9652105830754463,
    -3.33249784370591,
    0.0210350548241157,
    -5.048278954368246,
    -1.0199344229769323,
    -0.6615022117962792,
    -6.03190650245903,
    -2.5623400422625813,
    -2.463325243929631,
    -5.048021642042012,
    -0.47359259937298054,
    -6.106270639507366,
    -4.727771552138562,
    -5.728223657319942,
    -3.046820203093281,
    -4.565639419939501,
    -2.531421421366159,
    -4.128716982759758,
    -3.5006932927209484,
    -5.653661094881653,
    0.055344283080173015,
    -0.986937511974373,
    -2.9620766495235986,
    -2.9891251331544075,
    -3.5889752498828047,
    -3.113016704502826,
    -1.2915601941474142
  ],
  "mood_params": [
    -1.9487373541490136,
    -2.876431180480387,
    -3.912092724715357,
    -5.402323648313316,
    -4.578453598109649,
    -6.506307408912943,
    -4.853889956247058,
    -3.6593987542624924,
    -5.495194071420614,
    -2.5138693923420177,
    -3.3123628747493172,
    -4.17813984415071
  ]
}