{
  "cat_params": [
    0.34291805396983116,
    -0.695923550108998,
    -1.5054665611198415,
    -1.934719231616888,
    -3.4708344893259864,
    -0.001711029317378145,
    -5.255748090903229,
    -1.0099169733760547,
    -0.7002625245668596,
    -6.193699479753428,
    -2.3997159578703555,
    -2.3112188286419695,
    -5.14188975748193,
    -0.6095490774655231,
    -6.253814839550571,
    -4.824558593889874,
    -5.8287891202361015,
    -3.1548205083844816,
    -4.677305017323384,
    -2.628899484204689,
    -4.2694773936544275,
    -3.5391290013147985,
    -5.665008744433091,
    0.024689917255365335,
    -0.9821717411661157,
    -2.7771526353101854,
    -3.174251825706379,
    -3.7392141537816665,
    -3.1897653896558222,
    -1.454292455019905
  ],
  "mood_params": [
    -2.0151277260979548,
    -2.9516304818477166,
    -3.9829942187452314,
    -5.491513324811926,
    -4.669751053384724,
    -6.649336991058998,
    -5.038533458465522,
    -3.741059308325081,
    -5.582269786408504,
    -2.6284549787268126,
    -3.4138333194592874,
    -4.302078599343427
  ]
}