{
  "cat_params": [
    -3.1660404536634377,
    -2.287999043636736,
    -3.2644706982549083,
    -1.8043604561247497,
    -3.817278302814042,
    -1.4373946722970274,
    -7.074330647891575,
    -0.609818815110884,
    -6.032778417337243,
    -7.011869885993215,
    -6.1081629896866145,
    -1.0944830902796896,
    -6.033923517992806,
    -4.0934974927633645,
    -8.545123220725944,
    -3.844177141465378,
    -6.63150475800486,
    -5.249584475970316,
    -5.160777585775531,
    -6.448229155301267,
    -5.648665246108798,
    -5.060128948495976,
    -0.5592636458628275,
    -1.9347424473969512,
    0.21709841795804122,
    -5.31536180279859,
    -5.013267479627283,
    -6.644381378163233,
    -4.358106460031877,
    -4.328888661112444
  ],
  "mood_params": [
    -3.228261879363801,
    -5.644896100670657,
    -1.957404411687001,
    -7.8061831360168386,
    -4.5613852873918885,
    -6.978166609378269,
    -7.775879410568184,
    -5.3907702152803765,
    -5.1915486922153535,
    -5.728767756644041,
    -4.952565345687691,
    -5.640753578968683
  ]
}