{
  "cat_params": [
    -3.0192226695309765,
    -2.2095120730676467,
    -3.1738717664770912,
    -1.8069188924175994,
    -3.6835035095305857,
    -1.3672962377515543,
    -6.72448978324388,
    -0.571514500021386,
    -5.815637612894535,
    -6.788127193211458,
    -6.044110950992025,
    -1.0015006787406657,
    -5.858493949369397,
    -3.9785685375637145,
    -8.327531933716276,
    -3.730027043963604,
    -6.539268208887397,
    -5.110008746526875,
    -4.996760692419509,
    -6.274106396619005,
    -5.493128283514162,
    -4.8923777227691305,
    -0.5628683463043012,
    -1.901025995122083,
    0.284154826525031,
    -5.208422706382474,
    -4.84884539491884,
    -6.524700114257865,
    -4.258583044168021,
    -4.18777024954436
  ],
  "mood_params": [
    -3.1800618268287355,
    -5.590137770579919,
    -1.9101428981847093,
    -7.76492839418673,
    -4.514945021497815,
    -6.8786554219290945,
    -7.653657768456976,
    -5.348151898229378,
    -5.145224495571462,
    -5.610213096701886,
    -4.890758442756564,
    -5.543292283987777
  ]
}