{
  "cat_params": [
    -1.6597760183730619,
    -1.8734745827835966,
    1.902524275312834,
    1.9836236305105033,
    -1.1144320587881436,
    1.278813226568471,
    0.5596022261283826,
    4.0995990435014384,
    -1.7988833426094915,
    -0.20413555360802452,
    -2.734975033442374,
    0.06653459228726918,
    -0.8245961281438416,
    -0.8294656986340441,
    -1.157650981998457,
    -1.5016460265694365,
    0.19505649070875122,
    3.2163153906665123,
    1.0245222130742955,
    -0.3594197873632709,
    -0.3236080666941234,
    -1.6435880485775394,
    -1.4981949485847394,
    5.189539881184289,
    -0.9104508709770025,
    -0.12147244429862963,
    -0.2843323474905954,
    -0.44705811196562895,
    -1.5527652670463714,
    -0.17547706526803053
  ],
  "mood_params": [
    -2.835792852141324,
    -0.5821095938754658,
    1.5315209814405675,
    0.8771173887921779,
    1.7052126911490542,
    -1.3226337259826426,
    -2.0273648710188206,
    0.7018603692575036,
    -0.1818025634523111,
    -2.124355848253287,
    -1.2813312056593742,
    -1.1106122496103739
  ]
}