{
  "cat_params": [
    -1.7867447722607652,
    -2.1830683583446895,
    2.1566098468988355,
    1.777458570752621,
    -1.4850051502685626,
    1.5692049067529068,
    0.516220483221339,
    4.113662978070527,
    -1.438165414363288,
    -0.2768474075604826,
    -3.1758188297759338,
    -0.27911888565180853,
    -1.1278603864611927,
    -0.9901903066136668,
    -1.2133127725457713,
    -1.8991573744191192,
    -0.3881841940232252,
    3.1786531154071476,
    1.105853269956289,
    -0.42570754540418076,
    -0.7643616683075476,
    -1.7747880680082944,
    -1.4875302325963162,
    5.168838546792493,
    -0.8211244004480245,
    -0.49734816669495024,
    -0.589773746791122,
    -0.9259777116423361,
    -2.0619993572294293,
    -0.448404411155522
  ],
  "mood_params": [
    -2.93837567196581,
    -0.9486861165712253,
    1.1047370547431519,
    0.38208090981339066,
    1.2211794255138941,
    -1.8629268676057495,
    -2.469616669876624,
    0.49860906402085187,
    -0.7278450827858807,
    -2.4903967682869315,
    -1.4768615973460222,
    -1.522358084914147
  ]
}