{
  "cat_params": [
    4.403054278765462,
    1.232899914114625,
    1.3650212464567089,
    1.7261438351374843,
    4.333291580340951,
    -0.32458565753051755,
    2.1334531077943524,
    -1.3851422855622402,
    1.913342171331228,
    0.2091000293344284,
    3.902209655259902,
    -0.0536045931861475,
    1.4551247281165756,
    5.9569336918891285,
    -0.27214010788292886,
    1.1205099838657993,
    1.5570354860182443,
    -0.5526639420206372,
    4.215927791024034,
    0.6288334216014185,
    4.387244225379778,
    2.8273191067856525,
    -1.6468305423911462,
    -1.283489471329302,
    -0.9292016660336351,
    0.7562475680772345,
    3.551931377029054,
    1.6767491743118985,
    4.370327652735046,
    5.024705974282241
  ],
  "mood_params": [
    2.2845683047370255,
    0.9898882098870672,
    1.1543337426820865,
    0.047838015938921556,
    1.068555541325414,
    3.059173959575201,
    0.05589522204249062,
    0.7869702091537162,
    2.0638624225730005,
    -1.5810511839867512,
    -2.5393211774647466,
    0.46333184780563186
  ]
}