{
  "cat_params": [
    4.361232344607895,
    1.0769567479449997,
    1.3425993813560526,
    1.6767920758593609,
    4.038209799631088,
    -0.31284224849004744,
    1.8902634493504291,
    -1.444197425359209,
    1.805751705576662,
    -0.0742353560202272,
    3.565082686681792,
    -0.2148999442005661,
    1.1148075067616607,
    5.633532762845777,
    -0.5450856779654968,
    0.7812938550989025,
    1.2352646108575749,
    -0.6838878420441314,
    3.964688432554592,
    0.44048006643653415,
    4.0945557676307605,
    2.5334235142116213,
    -1.7763521530424755,
    -1.2878542082851447,
    -0.8943178283386203,
    0.5277384954659646,
    3.3454005185043476,
    1.3518610882121624,
    4.043323764260322,
    4.77014606492027
  ],
  "mood_params": [
    2.1488326165632254,
    0.7663018610632193,
    0.9629792085181537,
    -0.2235947372566424,
    0.8424025291942409,
    2.681768704593589,
    -0.27924024415660376,
    0.6050886390267383,
    1.7973603909807996,
    -1.8037825472359341,
    -2.7672253120023846,
    0.19636429105568853
  ]
}