{
  "cat_params": [
    -3.1144941180749304,
    -2.8073106479847443,
    -0.7931334940330393,
    -0.12294216625246839,
    -3.8180839651755205,
    -0.8264137601655438,
    -3.9815759583589827,
    0.1337662893559753,
    -3.8601074628111918,
    -4.53304462191077,
    -3.860736656889807,
    -3.641662799482954,
    -4.400883990089317,
    -4.040775057083092,
    -3.469818869450048,
    -4.858288202938775,
    -4.282737861471762,
    -2.216688842978793,
    -3.6763963376275326,
    -2.093235803773282,
    -4.695773789269415,
    -4.72636337773247,
    0.7922006901493562,
    1.1199753471646288,
    -1.0620069188717356,
    -2.9517068991108055,
    -3.7397993884494483,
    -4.738492696566892,
    -4.439696007729643,
    -3.5507092865752
  ],
  "mood_params": [
    -1.7572892009445107,
    -3.115052514908703,
    -2.8606222855243115,
    -3.8342139395785138,
    -2.400933488514325,
    -4.991456804542152,
    -2.1190886616624143,
    -3.3719819116901726,
    -3.974877093401462,
    -2.7930488524479076,
    -3.4788496540668463,
    -4.160517959459914
  ]
}