{
  "cat_params": [
    2.2469652004276375,
    2.0094837684301,
    0.47121463970153965,
    0.306146606492451,
    2.726493554552106,
    -0.7551127161781221,
    2.2925827131682643,
    -0.6612148232941857,
    2.288865492011583,
    0.11723126987570635,
    2.059632316469626,
    2.1913504147529186,
    0.8473958202441297,
    1.734483184789926,
    -0.5103693709493401,
    3.6612447471343548,
    3.5315390756283955,
    -0.43626880094310966,
    1.6264449570216688,
    2.142454061095161,
    2.088485546825491,
    2.3556500104110807,
    2.2567921855412,
    0.2695391244461915,
    -1.285908817636356,
    1.8925082837177634,
    1.8065132132466468,
    3.3908887093904174,
    1.8709472193594543,
    2.3885244651030306
  ],
  "mood_params": [
    4.939662695946345,
    5.555438881046135,
    1.3940858358246568,
    4.560724496672332,
    2.1388727509558447,
    3.4350768240361025,
    1.6348056878268418,
    4.922094177247194,
    5.492126665947191,
    2.1797219710696885,
    4.041255257218787,
    -1.0663403217579495
  ]
}