{
  "cat_params": [
    1.8145980963891777,
    1.5663948100616198,
    0.46141970955548456,
    0.33792887636262375,
    2.1919295243892787,
    -0.7208869979764497,
    1.8257024650866907,
    -0.6630862177029703,
    1.8205110745921906,
    -0.12760544546377633,
    1.6064374876009615,
    1.8235425470329365,
    0.5375715887863355,
    1.1193163460745954,
    -0.5044808681846015,
    3.6192028826109817,
    3.5089371250201222,
    -0.5788153820906088,
    1.5971218365326216,
    2.077800085132324,
    1.5169753899190415,
    1.9676118905486013,
    2.150346092119315,
    0.19586431389200445,
    -1.1922607356006012,
    1.2056463434929914,
    1.4570871567410169,
    3.1301276217633025,
    1.3290137473273247,
    1.9138411372709214
  ],
  "mood_params": [
    5.076215585938998,
    5.578147303667129,
    1.168527081191133,
    4.623584447245624,
    2.1099368858565763,
    3.4883770060904054,
    1.6918742586092097,
    5.145004394793419,
    5.377528747676965,
    2.169572210985434,
    4.21640056492928,
    -1.0831359299080172
  ]
}