{
  "cat_params": [
    7.0529087698012205,
    2.0659778281786996,
    -0.5990950662913407,
    1.2366332609193906,
    0.15828747813408572,
    1.665792068453309,
    6.2552169315921375,
    -1.0571518847445884,
    1.4233487416939028,
    4.837419848047478,
    5.951788868677445,
    0.8157969356522956,
    5.647215974575192,
    3.511953135715904,
    8.073073687101932,
    4.809954278298229,
    4.1960814710299825,
    0.8987901181521863,
    15.474755039427636,
    8.475308673727346,
    1.6522664500511468,
    7.518336705581662,
    4.901056766130129,
    -2.7194633525843446,
    1.7687716938099813,
    2.112040618596336,
    5.18109461697253,
    2.7534126328190016,
    2.8596983349759513,
    0.5066201781844845
  ],
  "mood_params": [
    10.068178005966008,
    8.064311397777587,
    -2.284371929411094,
    3.5940511583703474,
    -0.8970965566563269,
    7.501426261266956,
    7.2426728044833295,
    7.8648122002151215,
    1.9046505081701113,
    3.098397299367909,
    2.3556060863345287,
    4.983228161453252
  ]
}