{
  "cat_params": [
    7.164525962883818,
    2.0541805699298354,
    -0.7836251355733399,
    1.2282518630458958,
    -0.029155671199334512,
    1.507436392910206,
    6.3569618465787565,
    -1.2328155487501335,
    1.3917260364961612,
    4.902360207543929,
    5.990107553026653,
    0.6776865087399454,
    5.926645869088112,
    3.384748750905083,
    8.170481636134921,
    4.65621775721567,
    4.2399308362134684,
    0.7287534378178893,
    15.789877265776987,
    8.600037637853395,
    1.4978119646247838,
    7.866170617468433,
    5.148526279610758,
    -2.792324336657418,
    1.5911920887165336,
    1.9262388939442603,
    5.100885350576166,
    2.670357815275829,
    2.744857036819596,
    0.2821541497167047
  ],
  "mood_params": [
    10.652299952083222,
    8.31638753872735,
    -2.393752719395118,
    3.6885713460580547,
    -0.9489131948354352,
    7.633140961226559,
    7.360410369158041,
    8.149627247603638,
    1.984659160108608,
    3.05523557649527,
    2.312165311610887,
    4.819090245869249
  ]
}