{
  "cat_params": [
    -3.4790608396917597,
    -1.8528214787841473,
    1.8773633098080091,
    3.57004265931738,
    -1.3346963789154305,
    0.624535973183544,
    1.5759840841192503,
    0.6688583005004279,
    -0.1862309391927755,
    1.7112640570754296,
    -1.2610773907107844,
    -1.7244084118654388,
    0.38838008084072706,
    -1.2794313799927557,
    3.1958837656834316,
    -0.14561200062737215,
    4.0565099775444615,
    0.44502779500121015,
    0.6682083479818898,
    2.629224039595322,
    0.3231163019494936,
    -0.9697110823629606,
    2.6784323510284582,
    4.79656629638077,
    -1.2257602914062908,
    1.6723401528700097,
    -1.126540778603969,
    2.278107204776906,
    -0.25319845196109037,
    -1.9317849907344207
  ],
  "mood_params": [
    -2.7007367511405245,
    -0.43316863083804014,
    2.338393921659123,
    4.397907377606683,
    7.320283343465248,
    1.7491585664332194,
    6.0749937446055835,
    -0.7868626330231099,
    3.023382199934609,
    1.8446152958436752,
    -0.20116721789587683,
    -0.6071602513743762
  ]
}