{
  "cat_params": [
    -3.6392644645735834,
    -1.9501602906157662,
    1.8647250235292092,
    3.6206086112948053,
    -1.475333898233363,
    0.6215016514618286,
    1.4797903919632776,
    0.6848508522468667,
    -0.32879918319995555,
    1.591866851051853,
    -1.3839349431224202,
    -1.7721593736537213,
    0.2839019225931648,
    -1.4084028223007437,
    3.203194742226655,
    -0.2484538344267611,
    4.099870848703209,
    0.5514206104593107,
    0.5319089772958386,
    2.620024585976615,
    0.1822235545003133,
    -1.105670394317689,
    2.8620083538393635,
    4.855526043582484,
    -1.2282106391846674,
    1.6099578462240187,
    -1.2298132849017152,
    2.3123542432494117,
    -0.3471513237717719,
    -2.0791712354562635
  ],
  "mood_params": [
    -2.763286044139698,
    -0.3862889927604947,
    2.2549058316672834,
    4.449254355804413,
    7.27773967199058,
    1.7091638346865914,
    6.142992901068653,
    -0.7877617424031238,
    2.978750612093668,
    1.8669090359592648,
    -0.147195479394599,
    -0.7149755076470125
  ]
}