{
  "cat_params": [
    -1.5727762509030059,
    -2.492742967575559,
    -0.1750834434831595,
    -0.9329749988784087,
    -3.3560674399227177,
    -0.4507328230813837,
    -4.511301604761568,
    -1.9476570568629927,
    -2.162423721488699,
    -5.6145309930803355,
    -3.2840284582470582,
    -3.317025812417022,
    -4.9732330804642,
    -3.074890566542146,
    -3.2367427533573045,
    -3.324865498691782,
    -4.5348435837805825,
    -2.15155416329381,
    -2.873677307314475,
    -3.7145361977675484,
    -4.157840030545754,
    -3.8571451367843803,
    -4.236557782795781,
    -1.909098248278079,
    1.2766566531927652,
    -4.027885745702759,
    -2.403203564898063,
    -4.005426014360736,
    -4.15369806134895,
    -3.566619762033212
  ],
  "mood_params": [
    -1.7721951675883758,
    -2.8653185020398335,
    -2.886828465110235,
    -3.3770722707507583,
    -3.3394191689910167,
    -3.5682467611013142,
    -3.4362166218424344,
    -1.5323727816896542,
    -3.347477388139436,
    -2.714194441838172,
    -2.7162905168128244,
    -4.571908500236861
  ]
}