{
  "cat_params": [
    -1.665654099323887,
    -2.5443155387650727,
    -0.2293042657852343,
    -0.9314070489511358,
    -3.438262467848436,
    -0.49543490100206977,
    -4.744903608047623,
    -1.9788999520587207,
    -2.301811153001645,
    -5.7702328338427264,
    -3.33641257589426,
    -3.346526490097838,
    -5.091819237022034,
    -3.1477040176048,
    -3.371500252243358,
    -3.39182687601111,
    -4.59577005136061,
    -2.241614805604089,
    -2.983931888234882,
    -3.827278013615447,
    -4.260451580891944,
    -3.9652877097933295,
    -4.251248123723849,
    -1.9353904283580539,
    1.2157960446310097,
    -4.093916703654907,
    -2.5134653351169183,
    -4.085800610198806,
    -4.210609388460456,
    -3.6561152385041065
  ],
  "mood_params": [
    -1.8049897281308955,
    -2.9044123343665613,
    -2.908071936300921,
    -3.414271660472281,
    -3.368144972434727,
    -3.6409770626656393,
    -3.5199841348502683,
    -1.5701465209333088,
    -3.3789491063249306,
    -2.7850580985807403,
    -2.7587397980055943,
    -4.634325948357557
  ]
}