{
  "cat_params": [
    -1.4523445926223741,
    0.7027794430655548,
    3.1270600601417975,
    3.37021138104321,
    -1.18667443560314,
    0.7113562666287889,
    2.5850838957561004,
    2.74474624672382,
    -0.441182412846953,
    3.608968693200783,
    3.6263290380070026,
    -0.8656924910454126,
    0.1354118759260349,
    -2.0558702914384224,
    3.560276280260633,
    -2.359190208685306,
    1.756448522744899,
    6.171420564601272,
    -1.6311187175626245,
    0.22252498481244998,
    -0.24875890711195708,
    -2.0000089886303525,
    2.3783837323656614,
    1.7987209260284915,
    0.1341214223649483,
    -0.046555868276832946,
    0.6119096868584027,
    0.4960416055224414,
    -1.353658621666137,
    -1.8229448958192078
  ],
  "mood_params": [
    -2.2705879682465704,
    5.468506467963216,
    -0.20660395311083266,
    6.672729813051032,
    -1.1746361463982087,
    1.53398922932082,
    -1.5590006726717298,
    10.515770367442734,
    -2.7587447192143437,
    4.51332015741928,
    7.582121783608473,
    4.323740192985208
  ]
}