{
  "cat_params": [
    -1.594355909591691,
    0.6128873954671838,
    3.0472186387783253,
    3.3703356898537318,
    -1.358588135732698,
    0.6430125092012667,
    2.3283508041162753,
    2.714336383869185,
    -0.6644659445304264,
    3.4265170346233704,
    3.4201810663307612,
    -0.972503063622006,
    -0.050083321980634275,
    -2.205538904289484,
    3.374735943729298,
    -2.506175321946828,
    1.6244092417835965,
    6.04399756252979,
    -1.821930065451326,
    0.07979975767634628,
    -0.4350723499937154,
    -2.2085756567395904,
    2.395713356557622,
    1.7844055727399517,
    0.0620343052639609,
    -0.22043561449048735,
    0.42379171265187054,
    0.34927739681443887,
    -1.4890681038026112,
    -1.9972216947680246
  ],
  "mood_params": [
    -2.326784570047713,
    5.372253504379164,
    -0.2715681621858205,
    6.544081631675054,
    -1.2526345399647274,
    1.3651619288434178,
    -1.7049213424723941,
    10.392334422037372,
    -2.831656792290303,
    4.466875742907581,
    7.483353990771792,
    4.184362905468212
  ]
}