{
  "cat_params": [
    -0.31325915905110446,
    -2.033886504915404,
    -0.47667966370153014,
    -5.497475429952293,
    -1.5035103609165537,
    3.2996174009034607,
    -4.8069733487387705,
    -0.7116802693707593,
    3.4617820124601946,
    -6.263911413788626,
    -4.09515238215662,
    -1.305526164534262,
    -5.8951074927409755,
    -0.6504077414805833,
    -6.841444499724148,
    -5.301202447336049,
    -7.707433971995352,
    -2.780458605582296,
    -6.159821511787322,
    -5.082001790807916,
    -3.0139751802007977,
    -3.7098078562680117,
    -7.478944417254736,
    -0.3433151729045436,
    8.966205560629506,
    -3.8888589458536047,
    -3.5317789408263103,
    -3.3750793334220366,
    -3.439487189573494,
    3.2229961659619835
  ],
  "mood_params": [
    -3.533351435500275,
    -6.409737657338094,
    -4.267916189251891,
    -8.13885448006784,
    -6.12032713121277,
    -8.663451132038146,
    -7.920864618366619,
    -2.1644634429285086,
    -6.958545020812018,
    -5.34885173887458,
    -4.915165814700589,
    -5.817515656501087
  ]
}