{
  "cat_params": [
    -0.3324983248274721,
    -1.927286894137528,
    -0.6791398020979077,
    -5.789643377989074,
    -1.6251382926020739,
    4.492381331875669,
    -4.8200118822367894,
    0.06765802071877597,
    3.4242161430790232,
    -6.286747702260848,
    -3.32292671355303,
    -0.6921030089668871,
    -5.68557638516198,
    -0.48345956005625984,
    -7.080609269641168,
    -4.690787376734586,
    -7.85194653784161,
    -3.1754358420907103,
    -6.460360313020471,
    -5.2310337362856085,
    -3.0053410001240364,
    -3.5347619193246445,
    -7.467619316175404,
    -0.4897431373654267,
    8.89020563485165,
    -3.146231123585654,
    -3.9804937193624808,
    -2.8193180835414005,
    -3.5132953827215028,
    3.79289660494698
  ],
  "mood_params": [
    -3.5057926864035727,
    -6.4773654872850015,
    -4.589346609903542,
    -8.29204574803297,
    -6.394490745344011,
    -8.934139457214425,
    -8.291735044874613,
    -2.5201841577563897,
    -7.1431645042720096,
    -5.442749645417822,
    -5.191074827736898,
    -5.9231809250249166
  ]
}