{
  "cat_params": [
    1.2178611973277549,
    1.876522211229592,
    0.356703893932792,
    1.3159344645814863,
    -0.10039565876952067,
    0.20960382122256951,
    4.349944256767049,
    -0.8899507400807923,
    0.17170384684103865,
    3.7538351040659395,
    1.2841077496232391,
    1.041846821768009,
    3.36712981815094,
    0.27308299164007444,
    5.790508003336729,
    2.48652982162813,
    2.912543252096159,
    1.9510241885407917,
    2.943660957919642,
    4.327117227484263,
    2.004691907492716,
    3.835590484759485,
    4.066570946559234,
    -2.3490564886716725,
    -0.47979969689183327,
    2.670294629238725,
    2.7618921232091367,
    3.5372346963701014,
    1.271190375048856,
    0.04685176795083438
  ],
  "mood_params": [
    -0.37782135594261884,
    3.70012273764974,
    -0.040057093042540445,
    4.031515949211962,
    2.240348474010227,
    3.71293377314702,
    6.954517881105649,
    1.3080611283041894,
    0.6191110486623341,
    4.583095933050075,
    3.669123476170619,
    3.5791478580927873
  ]
}