{
  "cat_params": [
    1.1017894657820877,
    1.7826276341795655,
    0.2648915911265379,
    1.3171642593986028,
    -0.2870973214708453,
    0.1365406570937661,
    4.106363160414839,
    -0.9350186360566262,
    -0.057447494752599484,
    3.5650889706458093,
    1.1028040759707263,
    0.9075237065409351,
    3.1800604815679847,
    0.09653279960855936,
    5.607825654441701,
    2.2806500672082164,
    2.772345507614592,
    1.8085593718906896,
    2.736939091054212,
    4.208607926372214,
    1.806912118594691,
    3.5830964046498517,
    4.091612631984779,
    -2.388903917496413,
    -0.5452239920194983,
    2.4645669477263406,
    2.5655109109840897,
    3.380164383182373,
    1.1118437842979334,
    -0.14498186393490997
  ],
  "mood_params": [
    -0.43973965437005524,
    3.6063814215804255,
    -0.1084071163929087,
    3.9138456027745785,
    2.136172387334224,
    3.5248363844311132,
    6.791718156496352,
    1.2243905286349168,
    0.5188877899028387,
    4.534315328878475,
    3.576447196361327,
    3.437493662746102
  ]
}