{
  "cat_params": [
    0.22557809653958413,
    -0.661966768800711,
    0.9541281792500962,
    1.3421513770528342,
    -2.2463124614962036,
    7.272515481823112,
    2.6230908041042467,
    1.3866767933584654,
    -1.5913630587798968,
    1.421307096170126,
    -0.7242426125380215,
    -0.10970672588511668,
    1.101685985830361,
    -0.957577958094445,
    8.187970345504224,
    3.151843346643989,
    0.8527355948181515,
    2.0545651849685886,
    5.561698804670654,
    4.1516493427782635,
    -0.8439995123811036,
    1.580507642035021,
    5.232276702658491,
    -1.209666968702063,
    3.9692757099996414,
    -0.5263494652422214,
    -0.15524588392569433,
    -0.40271896090588877,
    -1.1521287364503943,
    -3.148994894915991
  ],
  "mood_params": [
    1.5021788850255218,
    6.3395193638205525,
    -0.4605803029248355,
    7.124462659196947,
    2.1955252676610817,
    4.051930217218182,
    6.826591534533609,
    6.508325219879514,
    0.7338699332531116,
    5.816034017946922,
    4.803870228441316,
    2.1843226617488174
  ]
}