{
  "cat_params": [
    0.10263497024302805,
    -0.7508522874891972,
    0.8673694197457832,
    1.3433035688974844,
    -2.4100021045410496,
    7.233079277476392,
    2.3668608658777486,
    1.3513200134044054,
    -1.8182508106712316,
    1.225718684721987,
    -0.8738749812642801,
    -0.22578752702523083,
    0.9176689411423936,
    -1.1171396462969494,
    8.02302695174414,
    2.944771418815515,
    0.7236062587307303,
    1.9173353344445883,
    5.3565805522582615,
    4.036953435505595,
    -1.0290165155437438,
    1.3497471482740955,
    5.262240101098888,
    -1.2418641683188072,
    3.840197334308415,
    -0.6956853902158142,
    -0.3427653415014282,
    -0.5479509686883466,
    -1.2889849704929381,
    -3.315426939657035
  ],
  "mood_params": [
    1.4388109384293755,
    6.2406493586572065,
    -0.5239287531037436,
    6.99338047319172,
    2.094670393978071,
    3.867291578103327,
    6.669164011226725,
    6.403342136627996,
    0.6360780309496508,
    5.779967129288848,
    4.7114565995303845,
    2.0511869026720113
  ]
}