{
  "cat_params": [
    -3.927567202081832,
    -1.9347812559559856,
    1.7436668275498282,
    3.1068513647654554,
    -1.3132592088458102,
    2.4087796567672513,
    -1.136095664600639,
    1.659117471744293,
    -0.5458832340224058,
    -0.49833138784650244,
    -1.8541894565141843,
    -2.701957662690468,
    -1.9997534058447157,
    -2.453079734260627,
    2.4887293794343806,
    0.10248398592474375,
    2.1894856856169422,
    0.024886761156588926,
    0.3697677070697403,
    1.461111675850264,
    -1.367821597641716,
    -2.3079619948157797,
    2.9180239915924067,
    2.375598667537752,
    -1.2115748386306262,
    0.44063232378075123,
    -2.7793321148750803,
    0.5513053633019752,
    -1.8950293436068268,
    -2.038635010387051
  ],
  "mood_params": [
    -1.910769327963538,
    2.032157661775163,
    1.5300228956309978,
    6.495361057010031,
    7.40681998051408,
    1.4284031428935824,
    5.581747356409749,
    2.5995669964185297,
    1.6848109633378243,
    2.0963282540532444,
    1.2279817136244813,
    -0.6265466851687221
  ]
}