{
  "cat_params": [
    -4.099928886553986,
    -2.0243100061029913,
    1.6578320594554543,
    3.107141587514506,
    -1.487396438197184,
    2.346649316538087,
    -1.447241547156554,
    1.6240378472346488,
    -0.7734226143953103,
    -0.7090601739200515,
    -1.991958475831018,
    -2.7883296464118863,
    -2.1918018850011673,
    -2.602147404776419,
    2.294855163411015,
    -0.07439777305128768,
    2.0538149797017997,
    -0.11969369499083403,
    0.17154160608115396,
    1.3246677894396064,
    -1.5550051404988225,
    -2.518530982731698,
    2.9378629042657836,
    2.364269638237485,
    -1.2649053043125813,
    0.2590531660654107,
    -2.9681256524427004,
    0.40186411141296025,
    -2.0291212312091496,
    -2.2149114846824975
  ],
  "mood_params": [
    -1.9687209818906946,
    1.9448166429663196,
    1.4528373672631985,
    6.366027827076879,
    7.269100417008905,
    1.2574210438958215,
    5.423407295968653,
    2.511254562729368,
    1.578606550651762,
    2.029171400029972,
    1.1423052396306843,
    -0.7537257959598105
  ]
}