{
  "cat_params": [
    -3.970697439481326,
    -3.438308366832724,
    0.9318866320525507,
    2.8732229221447976,
    -0.929628199938945,
    -1.699530270674717,
    -5.282659314931347,
    -3.0077754252835827,
    -1.7268346713228857,
    -5.477409830408174,
    -3.8571554982550933,
    -1.062689284090365,
    -4.424351659573396,
    -2.5922543851353077,
    -3.0465987068679374,
    -1.2182243709620546,
    -0.32850535448852863,
    -3.7525251572228937,
    -2.251194668885401,
    -2.6759987532033205,
    -3.2904770262231415,
    -2.5391545269971894,
    4.048559306918167,
    -0.2617858632185172,
    -1.6904991504761993,
    -2.091458789728261,
    -3.896104263965015,
    -1.1620734128695285,
    -2.2704000939447826,
    -1.4577323734403074
  ],
  "mood_params": [
    -2.217070965891023,
    -1.4120893612022996,
    0.35308771487425367,
    0.9335737237863739,
    2.1213910623709396,
    -1.2320597858075408,
    -0.18732505866701984,
    -1.2927499747901476,
    0.5224844873894702,
    -1.1962726563448804,
    -0.9827986876208213,
    -3.4885931012029294
  ]
}