{
  "cat_params": [
    -4.145732808650186,
    -3.5282831450355725,
    0.8419053730665554,
    2.8736634353915353,
    -1.1098940273942373,
    -1.781004813538559,
    -5.653761369367206,
    -3.060557730211662,
    -1.961935296550156,
    -5.721588935526446,
    -3.9716721802850143,
    -1.171205655830208,
    -4.623339977847682,
    -2.742994510288331,
    -3.2686132541769775,
    -1.38371117985707,
    -0.4582669610248636,
    -3.9085765196506492,
    -2.44758368589925,
    -2.844466406350081,
    -3.4767238866476347,
    -2.7521347620507255,
    4.0735212574022,
    -0.28922656329823637,
    -1.7379321783798156,
    -2.2520909208583855,
    -4.087291064890345,
    -1.311132377425205,
    -2.404322153956506,
    -1.6406650643493415
  ],
  "mood_params": [
    -2.2754931847487465,
    -1.4904705469124713,
    0.28223656407125264,
    0.8325955567691145,
    2.0180217464633947,
    -1.389105228470516,
    -0.3403246238550445,
    -1.3644447626874796,
    0.42294955316117133,
    -1.2910921864628027,
    -1.0648355147342015,
    -3.6096278963805126
  ]
}