{
  "cat_params": [
    0.21850909015185663,
    4.8232407287282815,
    -5.491660294590363,
    -1.7047093810482807,
    -0.20338987716311263,
    -3.4952371422829436,
    -0.4601117183876723,
    -1.883898318064635,
    -2.4925100990037077,
    1.3094352477205582,
    3.157591154609279,
    4.323241895769359,
    1.4183265915178214,
    -1.1262199737685499,
    -0.32953012026471407,
    0.3864397205039327,
    2.7590249060059837,
    -3.5366663977956447,
    0.7649238764306541,
    4.73145873510639,
    -1.0342590518046513,
    4.542457779404432,
    2.9066548366481726,
    -1.0737560303696554,
    -2.155182267656698,
    3.5320563465264914,
    -0.6313833043116739,
    1.8258713869298533,
    -0.6691991866778242,
    -0.6619474747999383
  ],
  "mood_params": [
    2.5511946681617297,
    1.254847088605389,
    -0.7050774202363065,
    0.20912761167617452,
    -0.14027504753632522,
    -0.37397599043883184,
    0.5306858108709372,
    -0.31864405764130527,
    0.6064689674879352,
    3.2351779598499246,
    3.1147155970621445,
    2.5371546146376844
  ]
}