{
  "cat_params": [
    2.9078166473310687,
    2.604315970690873,
    1.2054293211826468,
    1.0679980015360724,
    2.1247638645699425,
    1.0988230740259013,
    3.03081009125158,
    0.44170814819026916,
    2.0318580748255917,
    3.0962989498137974,
    1.8663597813696309,
    0.002855492810936656,
    3.6444827016273975,
    3.865896568833202,
    2.068470371164224,
    1.40679817714277,
    1.8755019180863068,
    0.3421880584034077,
    2.2739718243088167,
    1.7721201945564122,
    3.806629632953875,
    2.152176894632558,
    0.0010790753532773764,
    -1.4098986746354256,
    0.8162820559445854,
    1.5374919956445463,
    2.7351543380956316,
    2.1799012753912463,
    3.5997503629088796,
    2.1479446126107695
  ],
  "mood_params": [
    1.5291878026192613,
    1.6679721171008401,
    0.2096645612800549,
    0.32950483633536315,
    -0.6654472442556179,
    2.9536350830729767,
    1.6804572189721012,
    1.0734205456238857,
    1.3028965150969118,
    1.6116249041985828,
    -0.1753698916339479,
    5.051556121581622
  ]
}