{
  "cat_params": [
    2.978659507649294,
    2.452709980882964,
    1.4291888099007337,
    0.9820909446887753,
    1.9807885403152539,
    1.236189119405052,
    2.8468376739698105,
    0.43745420044105393,
    2.2145694047581514,
    2.8769988171259073,
    1.6281278005116155,
    0.13107086785749875,
    3.3700259574793763,
    3.691912636813787,
    1.8301843000038813,
    1.1073922620569756,
    1.4982290153214224,
    0.31768174502812657,
    1.968588357197659,
    1.5383109008157243,
    3.5946241925434217,
    2.1135088153913237,
    -0.21889081376690514,
    -1.3499143549653811,
    1.0073238245377198,
    1.5440735771341523,
    2.5370626177509408,
    1.8959115160268083,
    3.389470016452917,
    2.1001315931567244
  ],
  "mood_params": [
    1.377729154126987,
    1.4118523038665565,
    -0.025753823538683256,
    -0.00869659821192403,
    -0.9626392465104315,
    2.4926066550559547,
    1.2573505307487527,
    0.8360936726798137,
    0.9887859445537576,
    1.438395946557982,
    -0.47133034181635636,
    4.712729082780327
  ]
}