{
  "cat_params": [
    -1.6731805340355892,
    -1.000200170902654,
    2.188803754230511,
    1.7734508778432374,
    -1.8919404553771477,
    0.6380323411127109,
    1.176004961101206,
    -0.5784311357816694,
    1.4938398204699985,
    -0.83130448741854,
    -0.8686331861191484,
    -1.3456549484032185,
    -1.118213347816405,
    -1.2102680527821918,
    1.440856540186057,
    -1.398543537815941,
    0.9555413089789653,
    2.6356762085947256,
    0.5029221476808163,
    4.2206056943877295,
    -1.1941266779859199,
    -0.9810904811027583,
    0.9292546484933588,
    -0.19063479493419078,
    -0.8267882358992595,
    -0.09535849455255142,
    -1.1509750695557852,
    0.1212587807239709,
    -1.5171188249969678,
    -1.43823753114528
  ],
  "mood_params": [
    -1.2993678337559689,
    -0.31244068472262054,
    -0.9675378362252666,
    2.0002692802643582,
    1.112386781539425,
    -0.8243704716333339,
    1.4668120852553876,
    -0.5123000041432585,
    -0.10848068106570638,
    3.266096618908398,
    0.5850080672110879,
    -0.5079377318019638
  ]
}