{
  "cat_params": [
    -1.8210193951146676,
    -1.0911989440430265,
    2.103601600561869,
    1.7744329166342778,
    -2.0631686849936637,
    0.5674759193589095,
    0.8929260326947082,
    -0.6220142715946961,
    1.2707536611908257,
    -1.0458159306279122,
    -1.0205943057461335,
    -1.4496843191812656,
    -1.3105355513380361,
    -1.3719998319059101,
    1.2405591824897546,
    -1.560568324181688,
    0.8227398296401767,
    2.496073403723198,
    0.30273596579385353,
    4.102586613920911,
    -1.3833208575833302,
    -1.2018143715566756,
    0.9403489758218819,
    -0.21743596160812678,
    -0.8864490439796046,
    -0.27338445074184864,
    -1.3426782008377043,
    -0.028724044089358507,
    -1.6551914739857194,
    -1.6196825400938304
  ],
  "mood_params": [
    -1.3590102758864597,
    -0.3934344441824757,
    -1.0294132588557505,
    1.8943465225631708,
    1.0166051787067274,
    -0.9825970335444074,
    1.312825189385027,
    -0.5869387062573076,
    -0.20271910439712829,
    3.2075384255421047,
    0.5000908180935657,
    -0.6365702483923834
  ]
}