{
  "cat_params": [
    -3.952777645236787,
    -2.0173989038834708,
    0.2592983710790023,
    1.0766736420693783,
    -2.291524192344756,
    1.7368164415886145,
    -1.2270798490761072,
    2.525076470601514,
    -1.1617031199890682,
    -1.3977368338534857,
    -3.486156351213902,
    -1.5364852727417362,
    -1.8496717470410622,
    -3.6674220530668786,
    -0.8846612848863109,
    -2.570414047536059,
    -1.4587716049612383,
    -0.39100318262799577,
    -1.6103765571030555,
    -1.9094197276193932,
    -3.613236184847741,
    -2.60216700945514,
    3.2831537237357713,
    4.879807985518552,
    0.21635969677726785,
    -1.9149176328953272,
    -2.5951425949919793,
    -1.7575902601197868,
    -2.874431925002255,
    -1.07927954022041
  ],
  "mood_params": [
    -2.3266423913846315,
    -3.210975629447728,
    -1.5211747450186714,
    -2.1595811938653546,
    -0.09156749471235623,
    -1.775845072356661,
    -1.2140323788555714,
    -2.9385262333743882,
    -1.1063920722173133,
    -2.048450546878258,
    -1.5897612085788988,
    -1.4042716600052652
  ]
}