{
  "cat_params": [
    -4.1089474032509745,
    -2.0951323770591967,
    0.18052805126534063,
    1.0777522311599526,
    -2.4342882374998087,
    1.6811102315285316,
    -1.5012291341256805,
    2.498456561620934,
    -1.3620376937009238,
    -1.587066075798942,
    -3.581844224782049,
    -1.6217313062428171,
    -2.017108807811176,
    -3.78346912233392,
    -1.0671087140268882,
    -2.6954775378683458,
    -1.5661014103298543,
    -0.5179141262421257,
    -1.7791854519852803,
    -2.0509605176975994,
    -3.7709959915384395,
    -2.781900885957574,
    3.303716092680562,
    4.886647259377786,
    0.15101281485277276,
    -2.05130139977911,
    -2.759443520416404,
    -1.8839369116286437,
    -2.982438325429776,
    -1.2369338048147904
  ],
  "mood_params": [
    -2.3758585334483704,
    -3.272082863841603,
    -1.5702469553255798,
    -2.230109944452334,
    -0.16714612633707468,
    -1.905804686899082,
    -1.3436075877804807,
    -2.9914886605890323,
    -1.180559969275179,
    -2.137806599633016,
    -1.6583022663662252,
    -1.512538432388233
  ]
}