{
  "cat_params": [
    1.890592973575941,
    1.5486276323551418,
    -1.1587288757968268,
    -1.728159769442337,
    -1.12253107926543,
    -2.0998671174930115,
    0.04563393522949032,
    -3.0699632508668584,
    1.7906691183444783,
    -1.0575986558577115,
    5.244472887328818,
    4.975470617388642,
    0.9070303496017117,
    -1.0863793515762703,
    -2.113591658557954,
    -2.8446034989375497,
    -0.5873428930526121,
    -0.5257338874451308,
    -2.292384621631341,
    0.6498821486768751,
    0.08672675231579018,
    2.3586238300237494,
    -0.7629881892534812,
    -0.4321496828643761,
    -2.017580503464706,
    5.478765075650745,
    -0.43231542224298247,
    0.5893802400399043,
    0.5665584684954124,
    -1.087155682381284
  ],
  "mood_params": [
    -0.12579700526258727,
    -1.033309864484407,
    -1.381345409929261,
    -1.8182113611405135,
    -2.866574450473136,
    -2.914594552139006,
    -2.098113686000777,
    -2.3598527750330125,
    -2.1876776768517066,
    1.2062809975743134,
    -1.789275940906229,
    -0.3201407029766267
  ]
}