{
  "cat_params": [
    1.9967264058335863,
    1.641574769834717,
    -1.0631743349836464,
    -1.7309179298647326,
    -0.9439452744263748,
    -2.0176103043571825,
    0.33978316296626543,
    -3.0174955550980673,
    2.0121311535325446,
    -0.8430168805574897,
    5.4788907904756865,
    5.159266180108404,
    1.095965423690465,
    -0.9220514066493632,
    -1.8984317948782532,
    -2.6967328746123225,
    -0.45909653072369594,
    -0.37894987788097984,
    -2.097370563106591,
    0.7923574332058314,
    0.27912969836131163,
    2.601554740194413,
    -0.7665753208952676,
    -0.4040797998840355,
    -1.9749821156694312,
    5.711786826744191,
    -0.23990149290618024,
    0.7404186043263914,
    0.7206960446518125,
    -0.9025415597275726
  ],
  "mood_params": [
    -0.06380598438817492,
    -0.9542444658892987,
    -1.3217232610839016,
    -1.732400792121548,
    -2.7973084533993005,
    -2.7685765770300783,
    -1.9488137705348358,
    -2.2934154773291437,
    -2.1076806626313185,
    1.2806553792987767,
    -1.7096067257595189,
    -0.19058233497758456
  ]
}