{
  "cat_params": [
    4.093589072970945,
    4.426888625429636,
    -1.3861869548613295,
    -0.46835963889181426,
    1.0092774767603112,
    0.007594840460193205,
    2.21805951781166,
    -0.17814218785309513,
    -0.5373691683112002,
    1.0931407214344175,
    3.3555461928445163,
    0.8299689409531991,
    2.1496389788207075,
    5.080949868864595,
    1.8430174514312676,
    1.9914121891720324,
    1.5601099727183785,
    0.15134353024354075,
    2.2058915100936987,
    0.9359542023830238,
    2.8365302185653354,
    1.435804965794444,
    1.4395289074995505,
    -2.837320892756515,
    1.8754449948642695,
    1.0779615452859928,
    2.627701985925912,
    1.4789923637531375,
    2.151756993982731,
    1.5995095364486822
  ],
  "mood_params": [
    3.00475283978004,
    2.1032252679575114,
    -1.105668308077501,
    0.3633809388892968,
    -1.1005356362328145,
    3.8149654630448215,
    2.6051970297678095,
    2.193913738063437,
    1.1952946112362322,
    0.9923623139615487,
    0.6206628844567794,
    3.220256846185663
  ]
}