{
  "cat_params": [
    4.174968601024517,
    4.521960107412735,
    -1.2899106189661698,
    -0.4704789701771679,
    1.2045380793275202,
    0.0806071996993495,
    2.483824907738684,
    -0.1361700366537524,
    -0.30863475255750367,
    1.2948845501367203,
    3.565103258153253,
    0.9622994595329084,
    2.3366760816880463,
    5.301336151067028,
    2.040645269189974,
    2.192591127027704,
    1.6952934451326491,
    0.2965184922872274,
    2.409870716204775,
    1.0764031806954086,
    3.0349353355895277,
    1.6729801078397604,
    1.4262345216583414,
    -2.795039156356504,
    1.976767270741679,
    1.2689076015006981,
    2.822505132476749,
    1.631549922674723,
    2.317356750635365,
    1.8001122377869434
  ],
  "mood_params": [
    3.0727058000837415,
    2.191743087146383,
    -1.0442811145072792,
    0.461009935348406,
    -1.019210555257384,
    4.003508553633916,
    2.7609597773061103,
    2.281416512894031,
    1.2995633120472245,
    1.0684273218623694,
    0.7058565271655504,
    3.360174177516242
  ]
}