{
  "cat_params": [
    -1.235470418572534,
    -2.746669188304111,
    3.2797241567780513,
    2.7450626777249814,
    -2.9003526340218433,
    4.820893188768111,
    -0.14085304967908188,
    1.2145066733510563,
    1.013467995612155,
    -2.0631704177620587,
    -0.7110039718448216,
    -2.980039099771207,
    -3.010736688531354,
    -3.4084507063919154,
    0.40645173113765165,
    -0.9160304946202275,
    -2.1417556346963162,
    2.0325316961471653,
    4.599706307297349,
    1.9826512429978358,
    -2.7849214333660437,
    -1.4716304014632988,
    -0.03764313395584128,
    -0.7164923228973531,
    1.9352359202390406,
    -1.8969030609835327,
    -1.5181738597626147,
    -2.640704536601619,
    -4.006068965031434,
    -2.615125638987263
  ],
  "mood_params": [
    -2.2020985702005116,
    -1.0694857561893094,
    -1.631879541883607,
    -0.5870490767823889,
    -2.244412629075121,
    -2.541585117038147,
    0.22049661516717448,
    -0.021550930506708813,
    -2.1115586267647597,
    0.5498201836878814,
    1.3410466846366398,
    -4.780910625987679
  ]
}