{
  "cat_params": [
    -1.2265284086222221,
    -2.580174605752419,
    3.2007655982368126,
    2.7848105729729453,
    -2.728059983637981,
    4.471968052579134,
    -0.27175149793727243,
    1.2205934550468807,
    0.8381770357254713,
    -1.915044476842229,
    -0.456653579340747,
    -2.743595790497976,
    -2.835755747648228,
    -3.317348535612479,
    0.2671216578784198,
    -0.6734914141413846,
    -1.919997161457063,
    2.00016358261703,
    4.4938703581613435,
    1.890993336919538,
    -2.5725847862874818,
    -1.5145211093128483,
    -0.21577354145117478,
    -0.7506074858772557,
    1.7134919593094868,
    -1.6845345291134952,
    -1.4672990932214782,
    -2.421360756762229,
    -3.7730845039041743,
    -2.463529840566842
  ],
  "mood_params": [
    -2.264053815682324,
    -1.1632417449664618,
    -1.4304681900253595,
    -0.5687884343603998,
    -2.04695608466542,
    -2.3940367309168744,
    0.3157538017864115,
    -0.2647421602132678,
    -1.8906571708838102,
    0.46212706352273586,
    1.24797283484043,
    -4.58431402404419
  ]
}