{
  "cat_params": [
    -3.1735619425530084,
    -1.7232200560281599,
    -1.9797962347028781,
    -1.1175012804348228,
    -1.1426666197397644,
    -1.895419990014374,
    -3.192736401640989,
    0.7792114869962047,
    -3.486601078979807,
    -2.4890869021145736,
    0.3158137317762916,
    0.8363167022028392,
    -1.3746198236159126,
    -1.8973765277383932,
    0.03491953014459999,
    -1.6633814166198655,
    -0.9838544829401064,
    -1.728130938806887,
    -1.7398323017664572,
    0.6868803648454136,
    -2.767602137365886,
    0.02948782567889385,
    -0.8830860246812356,
    -1.8499101693634021,
    -2.372351222344571,
    0.8918684190859766,
    -4.339291493143255,
    -3.1302160693719263,
    -2.5792115196239647,
    -1.2961367461818918
  ],
  "mood_params": [
    -1.6515452585966577,
    -1.2337509015096437,
    -0.3874938936206234,
    -0.10263392831894097,
    -0.5967537926656552,
    -2.2130935114463184,
    -1.3608279492280144,
    -1.0237640598872526,
    -1.3569160379990477,
    -0.011196471352530492,
    0.0817715227140141,
    -1.20098268924075
  ]
}