{
  "cat_params": [
    -2.9695753914936946,
    -1.6160904637510816,
    -1.8842195343910957,
    -0.9725445382155978,
    -1.0705715614977585,
    -1.7558121541989873,
    -2.9745052650456874,
    0.7308094337822514,
    -3.377044195105023,
    -2.2225579800947957,
    0.5809329129182595,
    0.8938841767160187,
    -1.2155204202298786,
    -1.882064235429075,
    0.1570912628084278,
    -1.4620284396088916,
    -0.6830120360122129,
    -1.5771577643134587,
    -1.4694733997816412,
    0.8412472290602016,
    -2.551712118711978,
    0.1501119052128733,
    -0.7367489523063772,
    -1.7314617594262058,
    -2.273935832085114,
    1.0166969534622754,
    -4.109511763190623,
    -2.913483827392595,
    -2.4095444082671897,
    -1.3180841617441281
  ],
  "mood_params": [
    -1.509559410342212,
    -1.0321047979232167,
    -0.19380488759563955,
    0.2259480324691702,
    -0.28444337385610025,
    -1.8919642986701841,
    -1.145035235245946,
    -0.7688748028841349,
    -1.0377093482941382,
    0.1374930525738117,
    0.20899795555889222,
    -1.1957082353166864
  ]
}