{
  "cat_params": [
    4.2526593870262825,
    1.509390752381766,
    1.1238133209888574,
    -0.35970994301910364,
    0.9393265132287612,
    1.5211776290644206,
    1.6628253865177074,
    0.47726601167248056,
    1.595840921083706,
    2.1664426867287347,
    1.7471510691956165,
    -0.796831006447979,
    2.3647456991217295,
    2.810725215400567,
    0.16511890806551469,
    -0.20270763906073433,
    -0.7519427983793273,
    -0.4874811199835282,
    3.999904192990206,
    0.9581267316463199,
    2.593595851044102,
    1.2514734505033989,
    -1.9450708892482211,
    -0.8585672436327856,
    1.2611302884543092,
    -0.6742484985261207,
    3.3972872669062624,
    -1.115678147966268,
    1.432059225227414,
    0.7370649364279183
  ],
  "mood_params": [
    2.024601713475437,
    0.3958038063991682,
    -1.521990163080121,
    -1.9956258524175008,
    -1.8493794691906975,
    1.3999152877836873,
    -0.6379462364871407,
    0.24740612155281627,
    -0.12260745898485288,
    0.19553647931592552,
    -3.0909566173001903,
    3.4153559076533724
  ]
}