{
  "cat_params": [
    4.283313587101314,
    1.6714577710543508,
    1.095758032568881,
    -0.3458084831860729,
    1.18052867071967,
    1.4229324284515827,
    1.9272246590971545,
    0.4774837321440442,
    1.639542885853368,
    2.4398065728358747,
    2.0867076610254958,
    -0.6224936433960668,
    2.6992881092131555,
    3.0625650344108974,
    0.4534390556575193,
    0.12574342815950224,
    -0.42314782561126313,
    -0.328638816534158,
    4.261058475557031,
    1.176620597988574,
    2.880201306808595,
    1.537925901470474,
    -1.786505990195516,
    -0.8505555974303417,
    1.167798350759337,
    -0.44742273659874104,
    3.6285881706029897,
    -0.8054664473714042,
    1.7174911682372225,
    0.9178831177413338
  ],
  "mood_params": [
    2.1693522809362773,
    0.633018562247126,
    -1.3561823928215688,
    -1.7325427239792532,
    -1.6500473563018603,
    1.7767156560783073,
    -0.29062473047584086,
    0.4400290424782678,
    0.13539659914952898,
    0.4312099819189357,
    -2.828181775449307,
    3.720108631777599
  ]
}