{
  "cat_params": [
    0.22684683038553644,
    1.0031749188244454,
    0.981055618687358,
    -0.6267621707659526,
    5.2477767803591835,
    -1.77179845106897,
    1.4079727024902342,
    -1.6889603764934007,
    0.9284131377693584,
    0.4290423677365884,
    -1.8798845756850997,
    1.4401491288506352,
    0.518426238103685,
    2.2617188583986807,
    0.5863132182213788,
    1.5169534333423806,
    1.5358117731620518,
    -1.311848893160999,
    1.8346934478527057,
    -1.03378329629138,
    2.3729763394883316,
    1.3360719678837414,
    1.0949129939048015,
    -2.3876960519980264,
    -0.9182207527825064,
    0.10088790362648266,
    -0.21598680397581774,
    2.6312007310715644,
    3.1141780331812767,
    5.462631823423258
  ],
  "mood_params": [
    -0.8233137668908311,
    0.5268296304816014,
    1.762984456779709,
    0.8322250090703949,
    2.2837654544964776,
    1.8737890512042235,
    2.8818056338734843,
    -0.6399111606517399,
    0.5947920012568217,
    -1.3340749372705933,
    -0.7846945026442756,
    -0.9090885113342727
  ]
}