{
  "cat_params": [
    0.10169659338730938,
    0.9114793644759102,
    0.8927931446680595,
    -0.6245796381238942,
    5.022718072926085,
    -1.852347835798813,
    1.1305063992076656,
    -1.736235742183003,
    0.7054936306262624,
    0.2238823953508723,
    -2.017319805498057,
    1.3029848174668606,
    0.33022993226722475,
    2.070181750258722,
    0.383971727514948,
    1.3246497099481844,
    1.402245889466396,
    -1.4596136156413668,
    1.6335535300401982,
    -1.1880250946103386,
    2.1776453030228247,
    1.1029154422520857,
    1.1066812560617136,
    -2.427338087190877,
    -0.9759105264117265,
    -0.07747374989069157,
    -0.4067802029242078,
    2.47821368764855,
    2.9441258198311937,
    5.241978745984454
  ],
  "mood_params": [
    -0.8833324763984115,
    0.4440115137642307,
    1.6843168624040064,
    0.7334056093232757,
    2.180790515809909,
    1.7000101640948673,
    2.7271704797894896,
    -0.713306947529363,
    0.4963523975548122,
    -1.4285586655100544,
    -0.8657677669021383,
    -1.035443335693279
  ]
}