{
  "cat_params": [
    2.5046539846777773,
    0.6899173181605086,
    6.6410655070004525,
    6.207064639800679,
    -0.31452493399379505,
    4.004601762264419,
    4.830003477660136,
    7.692367756919738,
    1.8722735641995714,
    3.597562492677149,
    -0.026929747619111846,
    2.0303361072289183,
    2.703801301265624,
    -1.7901621819043099,
    0.7224364740464309,
    0.13380706943746942,
    1.871546843699536,
    5.177906565225814,
    1.577716546138345,
    -0.10730883563127445,
    1.566493224423521,
    2.432985114450587,
    3.115419008840457,
    1.6999678216122913,
    -0.24927177954208574,
    4.6493921264350675,
    1.7914217664311385,
    1.1154765433917453,
    0.04053767806349896,
    -0.4471348604560054
  ],
  "mood_params": [
    -1.118775442921102,
    -0.5342440018896948,
    -0.13171785311409742,
    -0.5830573613422642,
    0.35180179598406464,
    -0.5274811955506066,
    0.07022951564468001,
    -0.8491097739852359,
    -0.20453677526602798,
    0.02369207241085512,
    1.6699714282120675,
    -0.32759000421181533
  ]
}