{
  "cat_params": [
    2.479111750654983,
    0.7686590036263979,
    6.515167776783662,
    6.174430425277459,
    -0.1906338439317467,
    3.9977960139484576,
    4.847991945804681,
    7.612593802573172,
    1.856106303788009,
    3.7724688921570837,
    0.14350633485592215,
    2.149182158132313,
    2.867661521677826,
    -1.6535497853621477,
    0.8503568571769274,
    0.37000858880218507,
    2.0622820006927496,
    5.107030857250977,
    1.7920276885086843,
    0.04679544078292276,
    1.6884457711722154,
    2.5689255681637664,
    3.125421727405078,
    1.6230119605437048,
    -0.20483002104621376,
    4.751921949058701,
    1.9202382249588739,
    1.2783129132067836,
    0.1862571726355235,
    -0.367277058433714
  ],
  "mood_params": [
    -1.0138227595987854,
    -0.3990289056015798,
    -0.007584875203281715,
    -0.40735960416316713,
    0.49865250005870015,
    -0.29513214703780116,
    0.2678656346260596,
    -0.7151308029630151,
    -0.03202920251409021,
    0.15492745148951226,
    1.8468954054050764,
    -0.18892134768982177
  ]
}