{
  "cat_params": [
    7.265635532587233,
    4.601344740214894,
    -0.981506594110651,
    -0.691612139036855,
    4.370822638865624,
    -0.020249049402399723,
    3.951462499517569,
    0.2709734133052276,
    1.7523663460218257,
    4.988126921931129,
    3.617134056778185,
    0.4571560764154608,
    6.100087443492316,
    6.300353193150765,
    3.127363182685591,
    4.036174337765827,
    2.2235187267117906,
    0.938559679009376,
    4.39265192032868,
    1.1986101878778093,
    5.7197333051586625,
    4.191857081303533,
    0.1912476827093792,
    -2.1817073218302383,
    0.34611730422678344,
    0.761310346732392,
    6.515323759116773,
    3.3372472836414233,
    6.038988636230937,
    3.310510726869001
  ],
  "mood_params": [
    5.860836264603597,
    4.273135819071461,
    0.4879574555033047,
    0.7075179523242497,
    -1.1731619042457915,
    5.677563375491483,
    3.0804904484258633,
    3.68378653900863,
    2.9286926671264757,
    0.7603727148957025,
    0.19462307953512512,
    5.34242883735736
  ]
}