{
  "cat_params": [
    7.219378854196336,
    4.50621471040274,
    -1.076801152830613,
    -0.6893807306768067,
    4.1509878851941835,
    -0.09370576721887756,
    3.7051263895801307,
    0.2304843268265675,
    1.5300903086404245,
    4.808560751965351,
    3.40690109133667,
    0.3310198472452309,
    5.918807401236176,
    6.070968076508128,
    2.934572129491955,
    3.814894806907009,
    2.086634375176634,
    0.7949141368840104,
    4.184728854764602,
    1.0590330015938252,
    5.515480672533641,
    3.93906868504001,
    0.19907495920714507,
    -2.220343416113286,
    0.26902685500924306,
    0.5751714225890631,
    6.317639562819654,
    3.1817818634130606,
    5.84667185932887,
    3.1009726875640635
  ],
  "mood_params": [
    5.787583574506843,
    4.178364256283391,
    0.41682239327434684,
    0.6085607335328811,
    -1.2534428850981887,
    5.478508105382186,
    2.9242892354181627,
    3.589826348086813,
    2.8128187753118765,
    0.6818537186364333,
    0.11059868340682509,
    5.196728483940414
  ]
}