{
  "cat_params": [
    -1.086119579992566,
    -2.043461261583209,
    1.2192720805261474,
    -0.48419248647461977,
    0.15077202079969543,
    -0.5115042284106336,
    -1.7267111369519266,
    -3.2246098219686883,
    0.7613711481355806,
    -0.34513923606845004,
    -0.22907592348121697,
    0.01330880822063056,
    -1.1951336725778117,
    -0.1475430181729163,
    0.7541129337426172,
    2.561596599640225,
    -0.41746718106897823,
    -1.041985307757282,
    0.6027712760567403,
    0.8776084988869373,
    0.2961665296811579,
    -1.9482514797186452,
    0.42598789328742254,
    -2.312490135319814,
    -1.0309774793230237,
    -1.16408894662905,
    -1.344088077914084,
    -0.9400323422710017,
    0.7453198075145184,
    -1.2727357468876954
  ],
  "mood_params": [
    0.21149980227950568,
    2.7075795355214045,
    2.057083601238696,
    3.577798434825627,
    2.9228816916212135,
    1.0186034590506712,
    2.217022015796315,
    1.1539535018369005,
    1.3329750654583077,
    1.2314919436102325,
    2.9139056716965825,
    0.3635454788285774
  ]
}