{
  "cat_params": [
    -1.1249389382180064,
    -1.8480956778148643,
    1.0653923691093075,
    -0.4972529363867506,
    0.2845393003008075,
    -0.5778733945028166,
    -1.8222834981225349,
    -3.066140819120252,
    0.12617091360204852,
    -0.22062385435635903,
    0.06792892914623631,
    0.2916683069409055,
    -0.9516368278457258,
    -0.09126644598692248,
    0.8419129313176051,
    2.9631812230017363,
    -0.14398848110274204,
    -1.1203896254598344,
    0.49899932002996455,
    0.9993743632856105,
    0.4197990584063319,
    -2.0929373375366547,
    0.4396158800234394,
    -2.416972334896692,
    -1.069170132952464,
    -1.1039913546078495,
    -1.346463404313154,
    -0.7285851787116954,
    1.0213032726249347,
    -1.2830545316686934
  ],
  "mood_params": [
    0.3543461736251921,
    2.8807710379040525,
    2.3407533367947915,
    3.8631761905063553,
    3.264216291891513,
    1.4033866172646166,
    2.536641727983504,
    1.2408846173146797,
    1.6886516796322548,
    1.38924576012381,
    3.008454275983855,
    0.6344021353641356
  ]
}