{
  "cat_params": [
    -0.10349200623057477,
    -0.09577516354740011,
    -2.3679732680256915,
    -1.804609159285768,
    -1.2693201824239824,
    -2.115877671109876,
    -1.3579841701832682,
    -0.6824100363157329,
    -2.533490336645141,
    -0.44352851032686275,
    2.021381914501288,
    -0.32119046872530665,
    -1.3742737932716442,
    -1.9476791796172763,
    -3.0048396681963054,
    0.2998434319234388,
    0.07708456201162721,
    -0.8641742627699661,
    -2.4003395391772258,
    1.003753496192363,
    -1.5906249209910865,
    -2.0676922475285604,
    -2.656434474224726,
    1.8902981368933889,
    -1.4629715966216283,
    -2.3479325703408933,
    -0.1053121672807859,
    -1.3527889466097685,
    -1.1248531701098674,
    -0.7517061157134243
  ],
  "mood_params": [
    -3.1473055833397674,
    -1.3500556626410671,
    2.150759066791409,
    0.43278071516937555,
    1.000157572820163,
    -0.23685089265071896,
    -2.678656961149219,
    0.7519348223126626,
    -0.9014768467403677,
    1.449173984717272,
    1.2305963055262445,
    -0.11321236133937793
  ]
}