{
  "cat_params": [
    -0.39691363153247206,
    -0.492478592623412,
    -2.183226428506967,
    -1.786402643509507,
    -1.7363703161472288,
    -2.092704597511515,
    -2.2810971717158743,
    -0.5696255863714565,
    -2.8165038295972056,
    -1.3019172260581655,
    1.338198794090666,
    -0.8178910840665209,
    -2.171728043860971,
    -2.3312324400039794,
    -3.582878556597698,
    -0.4738633403303277,
    -0.779281084764092,
    -0.6395312873011616,
    -2.787746889772704,
    0.5371564836262637,
    -2.295384928412227,
    -2.7439359950535716,
    -3.3456269350630734,
    1.7688764133273023,
    -1.3086724111841226,
    -3.0445203597211337,
    -0.7826371299581834,
    -2.150285132165174,
    -1.7509842235492334,
    -1.1270188940984898
  ],
  "mood_params": [
    -3.3757831876348976,
    -1.9274006288320458,
    1.6416508022073177,
    -0.32631736450135007,
    0.44369365394047655,
    -1.0080403311616624,
    -3.4248235975173245,
    0.25119056831234143,
    -1.5153526562507595,
    0.8233666426980819,
    0.4646660157916271,
    -0.6933792134341629
  ]
}