{
  "cat_params": [
    3.8039212680772843,
    1.0346361648847646,
    1.4298408958840236,
    0.5096022207052631,
    0.7414686988176007,
    3.968242112130094,
    7.455818844937797,
    4.555484062087981,
    2.2044614369908984,
    3.7527379931727576,
    1.3532121829071393,
    2.2889784860722964,
    4.205391421318441,
    0.6329354689782575,
    3.7947203553830224,
    3.344399601375663,
    1.5550203871271828,
    0.3495773786024504,
    4.492328207518036,
    1.081250114072812,
    1.4689963739353102,
    4.141220485274025,
    3.535641067809999,
    -0.35187294960339277,
    4.431602771152658,
    2.9190184330660682,
    3.4166919063786283,
    0.7008118589271698,
    0.3837261787895562,
    -0.16506929459679212
  ],
  "mood_params": [
    4.044065818883385,
    2.19539556364645,
    -0.6874496904553032,
    1.4801415131107047,
    0.013056423514744375,
    4.014995896464966,
    4.184687619205378,
    4.053936692555251,
    -0.26941853883073946,
    0.5696368404281994,
    3.7639835909686874,
    5.458954579009003
  ]
}