{
  "cat_params": [
    3.718325096826167,
    0.9421366573360112,
    1.342222650494471,
    0.5112248167726274,
    0.5498020678958377,
    3.9123581304998227,
    7.2558750603263515,
    4.530601776085251,
    1.983602090342824,
    3.565753400230435,
    1.172388435382412,
    2.1403796482024178,
    4.021212976843994,
    0.4546006864690013,
    3.604899575785747,
    3.130662492440114,
    1.4202885922904631,
    0.20452880925638575,
    4.284206880407672,
    0.9408357124837928,
    1.2740018869145686,
    3.88874595985647,
    3.558273493437446,
    -0.3796325152620764,
    4.293801085502479,
    2.71244522239923,
    3.2214251893610903,
    0.5498410159519466,
    0.23200765723244013,
    -0.35404621553031324
  ],
  "mood_params": [
    3.9742664795465212,
    2.106866770242486,
    -0.7511069912549394,
    1.3770212821769496,
    -0.07526950601849956,
    3.8263806714341118,
    4.026971207894184,
    3.958272091589598,
    -0.3625105126348407,
    0.4895984264913609,
    3.6717956785606813,
    5.312914273843553
  ]
}