{
  "cat_params": [
    -1.8519985411908315,
    -1.4099493000799257,
    -0.4407574311215966,
    0.1777944449314469,
    1.4650330678197485,
    -0.23451765297067534,
    -1.9885799232706707,
    1.2096592344103907,
    -1.389695124308612,
    -0.0041578012986225685,
    -0.10953910321056545,
    -2.4077630319757057,
    -1.647479888323985,
    -1.7129875448137464,
    -0.4311748319699317,
    3.4335213074984603,
    1.6173764307092005,
    0.7760322692273797,
    -2.907089080775037,
    1.639366908599138,
    -1.4851586260055716,
    -2.1465013961168458,
    -0.1290380105130933,
    -0.2706719590965329,
    -1.7919607533080464,
    -1.4984987533527332,
    -1.9049325078367627,
    0.8626630111494108,
    -1.1790439250300133,
    -0.27610778618613296
  ],
  "mood_params": [
    -0.7197853364511689,
    1.5704584816671339,
    3.6100228374266385,
    5.496000860224013,
    6.795866239189972,
    2.0692038739575436,
    1.533051306164954,
    1.7631979822891095,
    4.650062223716606,
    2.7137947218922562,
    3.049846684341007,
    -0.8408079527955439
  ]
}