{
  "cat_params": [
    -1.7027366531197745,
    -1.318411053216318,
    -0.34670588495253346,
    0.17598688970797965,
    1.6654397228160849,
    -0.1598268288846318,
    -1.6653653161855564,
    1.2469432593630525,
    -1.156382076343853,
    0.2058934702227628,
    0.05580848952583889,
    -2.314598114634443,
    -1.453036924617552,
    -1.552885104823477,
    -0.22173319730736113,
    3.6521093791574453,
    1.7538431747299978,
    0.9209508454195218,
    -2.711615866517875,
    1.7760746634879214,
    -1.294564649375767,
    -1.9297437293717723,
    -0.13547782958578264,
    -0.24334089583355684,
    -1.7453427131276493,
    -1.330661593894442,
    -1.712041752999998,
    1.0154341758922196,
    -1.03626217962731,
    -0.0850544960827603
  ],
  "mood_params": [
    -0.6584003677826075,
    1.6580642376002002,
    3.7021804063826145,
    5.622242279775719,
    6.931860221748091,
    2.2481028989669216,
    1.6886250823238866,
    1.8493610760416919,
    4.779925267425484,
    2.776963128666171,
    3.1413158105278978,
    -0.7116717780782491
  ]
}