{
  "cat_params": [
    3.9457204408309354,
    2.5577304867284485,
    -3.907573335664466,
    -4.439539600990824,
    7.2305298091805215,
    -1.2739148699262486,
    0.24590467162898422,
    -4.2493787544405945,
    1.6904467362945272,
    1.9293587258110925,
    1.2470789072067288,
    -3.092306508746137,
    1.487047724764296,
    2.814177542133735,
    1.1965761146978398,
    -0.09198922737139831,
    -2.345197485710533,
    -2.2224900123948625,
    -0.02224062610671768,
    -1.3152143383901864,
    0.550107585385966,
    5.350986964015428,
    -3.16618434255556,
    -3.8174430214733888,
    0.6349188499750169,
    -2.106136712292577,
    1.775055453893741,
    -0.7928211310910819,
    3.221572765427122,
    6.229536751894543
  ],
  "mood_params": [
    5.708247220491288,
    2.4351168414790623,
    -2.3360698954506387,
    -2.4767586144992455,
    -3.5962758854077035,
    1.6797927910067663,
    -0.23534388862778774,
    2.1193938650679107,
    -0.7135816915719656,
    -1.3759858411344157,
    -2.639756515368938,
    2.453740384435442
  ]
}