{
  "cat_params": [
    4.0149793876011595,
    2.639157379253306,
    -3.770170375570751,
    -4.371966845470641,
    6.978343730074234,
    -1.116082916262552,
    0.41933488390015794,
    -4.170538211859789,
    1.8794290222101329,
    1.9410180816890161,
    1.3003473216430608,
    -3.0620227384806364,
    1.4979538576800437,
    2.9604511725791376,
    1.295407347679722,
    -0.03645998430926487,
    -2.290253414395466,
    -2.0590858626691575,
    0.1497141519769459,
    -1.2088975409419962,
    0.6280745399831796,
    5.228082297381482,
    -3.147555472503754,
    -3.7549079226670266,
    0.79807159973948,
    -2.066537633587232,
    1.9125121041941198,
    -0.7341058386914702,
    3.1108135647291895,
    6.102260856599134
  ],
  "mood_params": [
    5.806130779871051,
    2.519255929164082,
    -2.463699989540868,
    -2.3759385147499352,
    -3.5805241684208804,
    1.7800087931485862,
    -0.14201584621792443,
    2.2501671334035973,
    -0.7212334160741132,
    -1.267714838847512,
    -2.546659333263272,
    2.451717764405381
  ]
}