{
  "cat_params": [
    -2.9379292025140082,
    -2.3482793586235577,
    1.073832633462526,
    0.012459546252531446,
    -2.0749486035114755,
    -1.580846508649144,
    -4.3398087570765895,
    -1.5207606677558263,
    -1.5559250523363628,
    -4.399944079391662,
    -2.2456532243358485,
    -1.1098154603649837,
    -3.621451881129829,
    -1.8584584937219715,
    -3.0044825926428618,
    -1.9214692501466226,
    -2.3780890440426785,
    -2.5577471965354888,
    -3.133189753655206,
    -3.425295697985792,
    -2.8416089172770707,
    -2.939879616262695,
    -2.0502314581529433,
    -0.6851807895499806,
    -1.7305187018892656,
    -1.8512448967978041,
    -3.6884249990884297,
    -2.9734569676322327,
    -2.0018205210283013,
    -1.8478632721617294
  ],
  "mood_params": [
    -1.8924211321746403,
    -1.627044086424359,
    -0.592842619317216,
    -1.462591790209869,
    -0.8641530941010909,
    -2.4630920464089656,
    -2.1856935698014115,
    -1.2496082053346147,
    -1.5639600002535627,
    -2.424907277686011,
    -1.8914777388981305,
    -2.9658889023989694
  ]
}