{
  "cat_params": [
    -2.8307554703944486,
    -2.29656209993601,
    1.1239181979232793,
    0.01137021945592375,
    -1.9820898680668309,
    -1.5313832356198405,
    -4.111499522684307,
    -1.4911805383995607,
    -1.4188676373071418,
    -4.252421608960753,
    -2.1789132338860133,
    -1.0525467485936046,
    -3.5051115764522818,
    -1.7739263622021058,
    -2.8713513778508553,
    -1.8382998432474529,
    -2.3099986020969356,
    -2.46693527818723,
    -3.0232326464231036,
    -3.3154012041833707,
    -2.7359003687768757,
    -2.8253414097778897,
    -2.045241758505417,
    -0.6662759405911852,
    -1.714101433732977,
    -1.763771951261479,
    -3.5790806203352115,
    -2.891182817539978,
    -1.9289379850937256,
    -1.7476067307681473
  ],
  "mood_params": [
    -1.8597930793578972,
    -1.584100712669646,
    -0.5567757069871039,
    -1.4148194868725563,
    -0.8183292246883567,
    -2.3829185098893597,
    -2.1000926044918335,
    -1.2103516732125672,
    -1.519466346623003,
    -2.3568899380343953,
    -1.8470403879782638,
    -2.898589720535081
  ]
}