{
  "cat_params": [
    -0.6785502608162411,
    1.8615143900290445,
    -3.116819939564036,
    -2.160863936906001,
    2.3265570307382526,
    -0.05101911876526471,
    1.8031623895443385,
    -0.7992466840207315,
    1.8106074877458938,
    0.5815307287560082,
    2.1519573762808246,
    5.6026958130868145,
    1.341451521242511,
    2.6601650931301566,
    -2.6501360654186152,
    -2.7299578051734494,
    2.0529890920896117,
    -2.6489691998660088,
    -2.3237584099407274,
    0.9792129398442742,
    0.7636978671253888,
    2.5256998493648366,
    -0.9445381839241487,
    -0.9596617207665031,
    -0.8213182240695684,
    4.195694115289105,
    -0.10126669211662884,
    4.451964435372877,
    1.6095771096353069,
    2.479266377720818
  ],
  "mood_params": [
    0.08020989900467965,
    -1.6992020967317034,
    -0.8848876663160066,
    -3.4155677930341795,
    -3.0911545537668914,
    -3.151385324557296,
    -3.995057696195454,
    -2.864521464120476,
    -1.8283345780400346,
    0.9028961212309391,
    3.4285895177823917,
    0.41723160107218
  ]
}