{
  "cat_params": [
    -0.8150859791336478,
    1.768405042473903,
    -3.2189120811153047,
    -2.1578878666558103,
    2.1225882205746287,
    -0.12461140521896644,
    1.528386067546281,
    -0.8436341647136871,
    1.5885139555219847,
    0.37550326090513536,
    1.9607576207661446,
    5.413462721991532,
    1.1528919783426033,
    2.4635696574072448,
    -2.868641614794677,
    -2.877466177986037,
    1.9166538439486622,
    -2.801160670567883,
    -2.5183221707483496,
    0.8380706324080875,
    0.5702395269836905,
    2.2832391255933895,
    -0.9417388683145385,
    -0.9910339805943741,
    -0.8810603177606864,
    3.977030317923641,
    -0.2937887810458789,
    4.2945986528952105,
    1.4490583936610701,
    2.2746458812009243
  ],
  "mood_params": [
    0.01794513008382442,
    -1.776029198851525,
    -0.9472888967525768,
    -3.4923092046806574,
    -3.1584276826290303,
    -3.294999463051455,
    -4.141549720637273,
    -2.9283290215131395,
    -1.9103215291906512,
    0.8255124781592007,
    3.337168688152321,
    0.28589999904433794
  ]
}