{
  "cat_params": [
    4.308851012383133,
    1.3259269510166152,
    1.9368523494491388,
    1.531044144580988,
    0.7572247703516429,
    1.5110209648792814,
    4.499341106979248,
    0.026007856715596165,
    6.281168610163842,
    3.4293322811833575,
    3.739265390689304,
    -0.25634542354341294,
    3.234236999230498,
    1.4869472918232802,
    3.053371661789096,
    0.3312576240911926,
    0.020946632374043546,
    1.59020752625465,
    2.185839570081604,
    1.2276543028919034,
    2.362119539826875,
    3.4903239639251455,
    -0.819497964858314,
    -0.4435568822860573,
    2.161837649232786,
    1.809441478208933,
    4.456463853071595,
    -0.6885860409024774,
    1.3072866190157602,
    1.6316072617455706
  ],
  "mood_params": [
    3.889354383685796,
    2.7642399575451937,
    -2.56974321866295,
    -0.5872724019208221,
    -2.6626620441001214,
    2.3518702434800707,
    0.8872067955251262,
    2.093881162681764,
    -0.3555784127930545,
    1.088112757229905,
    -1.156067711039151,
    3.6827832356969408
  ]
}