{
  "cat_params": [
    4.227905799801504,
    1.2324384495008025,
    1.8500703107186507,
    1.5321649152123733,
    0.5638669484773172,
    1.4436916633083923,
    4.257737796729405,
    -0.015723559499480465,
    6.071161962438118,
    3.2386375313063467,
    3.526068272779938,
    -0.37474953686854556,
    3.046964370490569,
    1.299462988149945,
    2.8585068652669903,
    0.1488768085861899,
    -0.10994020540156504,
    1.4468832005861625,
    1.9806250510959567,
    1.087034264169292,
    2.1635612701344167,
    3.2399700177004216,
    -0.8160862046723365,
    -0.4720780286192601,
    2.0571580267301517,
    1.6118663915976952,
    4.258760576064606,
    -0.8384522035225344,
    1.1476808989069003,
    1.4303984046898053
  ],
  "mood_params": [
    3.8193249589365177,
    2.6733105908287835,
    -2.621999763763254,
    -0.6800560208950773,
    -2.7335858473838077,
    2.1723196143896244,
    0.7327327392900262,
    2.0065921407414056,
    -0.4488584184989313,
    1.0114908293693325,
    -1.2377082530227679,
    3.5408266949000233
  ]
}