{
  "cat_params": [
    0.7462755302653686,
    0.41981157921054035,
    -0.7571075351542303,
    -0.19629635797309655,
    1.5472663136128717,
    -1.2705715297537525,
    3.035429269761105,
    -0.6465078384598965,
    2.2684432069532097,
    3.600511664452972,
    3.7460514735296115,
    0.15925873129692147,
    3.7872089570935294,
    3.025795849278729,
    4.0541972077888175,
    3.610240862943755,
    2.6118481710170434,
    0.8794163452824374,
    2.3825117203437447,
    1.0906139334920357,
    2.346104634374176,
    3.0328799710082524,
    1.6279286680502791,
    -2.3677256404000615,
    0.021583651732826805,
    0.5832859046399981,
    1.8405861345597718,
    2.4407519020047266,
    3.2017189255527825,
    2.700374515511914
  ],
  "mood_params": [
    4.29812282541975,
    3.7620802797660127,
    1.1919044320879144,
    2.8758588711112205,
    1.464929652063377,
    4.410969467437141,
    3.7786784698256604,
    3.5704940972774346,
    2.4943516453206183,
    1.9981563672473455,
    1.1886591413924157,
    1.0432946184098173
  ]
}