{
  "cat_params": [
    0.9158943734097766,
    0.6087207013167941,
    -0.6857647340271358,
    -0.130621778987,
    1.6924278941448672,
    -1.3674422531542019,
    3.2171820382144958,
    -0.5301635791531786,
    2.02568261103972,
    3.795867867407653,
    4.037136269303643,
    0.4250421949951047,
    4.043523949014333,
    3.125165012953912,
    4.029342520867875,
    3.789664913996752,
    2.700027655502316,
    0.964483517746821,
    2.5636144455361745,
    1.1740402433522548,
    2.552351273695798,
    3.2492225402801305,
    1.5296831845534928,
    -2.2438826119388855,
    0.08647223416316066,
    0.8232408709165776,
    2.0873196346926384,
    2.535409115726753,
    3.3915604313909786,
    2.4313000235685274
  ],
  "mood_params": [
    4.2609086701419105,
    3.4888592568172814,
    1.1946949816263763,
    2.8223723538676717,
    1.5593306347318607,
    4.579699266309758,
    3.931206576840623,
    3.378154149831388,
    2.5913394967084744,
    2.0973238968775507,
    1.2265451975564037,
    1.2295949924273233
  ]
}