{
  "cat_params": [
    -0.7485739257488677,
    0.20453637737802147,
    -1.063475808069049,
    -0.5387575883848648,
    -1.777536590703617,
    -1.1659816116493598,
    -2.463143984947529,
    -2.122374928762708,
    -3.05981268950152,
    -1.8153408935289144,
    0.5282728784298877,
    -0.5420321618275646,
    -1.1561059529684619,
    -1.3186801053688042,
    -1.2480322203331828,
    -1.2593915769919628,
    -1.5483926972084197,
    -2.7985019784735634,
    0.007640025946784472,
    -0.3002907943187482,
    -1.5854190408809927,
    -1.3438019519178763,
    -2.054517325677175,
    -2.670017125527121,
    -0.23379604603915624,
    -1.4230805049365356,
    -1.9590266654514932,
    -2.3706375975927867,
    -1.1378945507467007,
    -2.579739457688273
  ],
  "mood_params": [
    0.35277839259721205,
    -0.08015492164812182,
    -1.7387878964389336,
    -1.1099425892504553,
    -1.4060698146867365,
    0.026703538203168377,
    -0.45489153234003876,
    -0.18558371661559792,
    -1.3428916179894972,
    0.8028072856449459,
    -1.5959067519502754,
    0.46231465130287813
  ]
}