{
  "cat_params": [
    -0.8320854027686794,
    0.1509745061888973,
    -1.120524749577999,
    -0.5373894399364474,
    -1.87198290397087,
    -1.213834976049061,
    -2.6696315097812175,
    -2.154254252990791,
    -3.2020121901135767,
    -1.9482288669571346,
    0.4263654967209774,
    -0.6055610270600724,
    -1.2688528774782988,
    -1.407312953415208,
    -1.3739383655083413,
    -1.348872822368713,
    -1.6189355011049125,
    -2.8901037288858036,
    -0.10834565156574402,
    -0.38867629873773846,
    -1.6936333486932795,
    -1.4675234779667443,
    -2.059548086928236,
    -2.700832204550756,
    -0.2722109864702193,
    -1.5137799233560125,
    -2.0696349719811837,
    -2.4537991696498933,
    -1.2164558652663995,
    -2.675073200759485
  ],
  "mood_params": [
    0.31594464313233983,
    -0.12761704442116342,
    -1.7673350270579495,
    -1.1593576152423066,
    -1.4479076194994456,
    -0.06860115125996981,
    -0.5427500707890854,
    -0.22955894135762053,
    -1.3886431112420692,
    0.7599603541864867,
    -1.6409184728502915,
    0.3852103800091269
  ]
}