{
  "cat_params": [
    0.7577032774265943,
    1.7189587325253157,
    -1.3913137527711392,
    -3.2203554761876276,
    2.2955676526468904,
    0.06399485043538916,
    6.447277138082255,
    4.447426246340265,
    3.1906063926026507,
    7.736422817187673,
    -2.916979875204055,
    4.585757484040931,
    8.500380095670218,
    0.33944811724914875,
    -2.491250645093929,
    -2.128224492243395,
    2.432057215741591,
    3.7797577083083738,
    1.4165366524048673,
    3.46670549643977,
    4.281301432883358,
    2.9613696172249035,
    0.1275566526365338,
    10.579827572039529,
    0.5904890184264208,
    3.873064381094727,
    6.190893725499501,
    3.973519817075509,
    2.47764231344083,
    2.8167617943861747
  ],
  "mood_params": [
    -2.0994295005384713,
    -3.59955558731233,
    2.186435564638997,
    -5.722683188435169,
    -3.795942813508278,
    -4.261539083292614,
    -3.4524977271941983,
    -4.487823959825368,
    -2.146058004123709,
    -1.402251210026178,
    5.4681710952016545,
    2.3984139157882374
  ]
}