{
  "cat_params": [
    0.6135607433248981,
    1.5307242510974346,
    -1.4291620534568126,
    -3.253225791534974,
    2.028806488688122,
    0.12611780534132846,
    6.164192555510778,
    4.3777470870666475,
    3.138698776677084,
    7.401758106035211,
    -3.1773539380082028,
    4.276558326688174,
    8.12425940570432,
    0.07677946810675722,
    -2.817543102831653,
    -2.445377292661837,
    2.0571994676181538,
    3.631326074513997,
    1.135470866909258,
    3.2162869178459035,
    3.9592274124665887,
    2.6108101115186853,
    -0.07404280411548239,
    10.573288479984994,
    0.7790403876192561,
    3.520319646648013,
    5.915403327111461,
    3.597291046593941,
    2.15376695077072,
    2.587330299474253
  ],
  "mood_params": [
    -2.219003572225571,
    -3.80926323160792,
    1.9774261273151268,
    -5.947706582666425,
    -3.9718219674644435,
    -4.5747911725940815,
    -3.7853838076813493,
    -4.635641158887886,
    -2.378197758659206,
    -1.6364787710711755,
    5.150864809741718,
    2.0857149681027836
  ]
}