{
  "cat_params": [
    -2.8157597621107833,
    -2.59426877640477,
    2.01926000395777,
    2.807415739507232,
    -0.5990107474829749,
    0.8902339749584124,
    -3.263638690085825,
    0.2698885833254842,
    -0.6660596691247245,
    -0.30979240842953043,
    -2.345170467834935,
    -0.22755422293490488,
    -1.4667751538560823,
    -2.047253690360364,
    -1.938777588538563,
    3.4708500980521593,
    0.7136152701046592,
    -1.35425686063527,
    -2.2060892385376527,
    -1.6846592031437815,
    -0.5481949551302717,
    -2.8839064325744967,
    -0.6667547357990017,
    1.360087666926062,
    -0.43382750490107974,
    -1.5442484457958774,
    -1.0376813326907892,
    -0.27084792452720746,
    0.3602922553482273,
    -1.06574025996031
  ],
  "mood_params": [
    -0.9460044797930367,
    -0.8870884781051869,
    4.868521439452677,
    2.7633520721016738,
    3.651639126765016,
    0.33868262881762484,
    0.6838129988542021,
    0.10430433505456514,
    3.2551876663572976,
    -1.0147093421270383,
    1.8182842738808793,
    -1.4357161382044772
  ]
}