{
  "cat_params": [
    -2.660024174831571,
    -2.506743819421895,
    2.102363457121314,
    2.8070059809198913,
    -0.42115570741829855,
    0.9574932869781138,
    -2.9338434304666436,
    0.30917029899509196,
    -0.44277115892700913,
    -0.1050384004323516,
    -2.2149023436875734,
    -0.11149535474526831,
    -1.2791160885310746,
    -1.896146333834203,
    -1.7296926559503838,
    3.6837210904377176,
    0.8427123314031582,
    -1.2092522015414704,
    -2.0160435269910773,
    -1.529435956313416,
    -0.3621284321560328,
    -2.6795519099948817,
    -0.6705870044907708,
    1.376910261219304,
    -0.36922015731530206,
    -1.383025557445168,
    -0.8507044554428745,
    -0.12514270662672453,
    0.5090740072025601,
    -0.8859201338752194
  ],
  "mood_params": [
    -0.8871782673257974,
    -0.8096989834638766,
    4.966395483895742,
    2.871518755642328,
    3.7631254862508565,
    0.5010234501384236,
    0.8330160350232447,
    0.18014841077291002,
    3.3717707980305294,
    -0.924943273442002,
    1.9040657340540033,
    -1.3127828211527508
  ]
}