{
  "cat_params": [
    -0.7589131726061531,
    -2.2107586149598166,
    -5.120913757343037,
    -2.5382852308495334,
    -3.424145478476587,
    -2.1208859703825125,
    -4.967547114484485,
    -2.8523316826918856,
    -5.372601326789773,
    -5.511861159867304,
    -1.9934087112780414,
    0.9641953139243408,
    -3.893266645979697,
    -3.957234847884749,
    -6.363276873339697,
    -3.488364132518219,
    -4.873026650681724,
    -6.284947925223342,
    -2.17573219807109,
    -3.913869663524606,
    -5.370640208405694,
    -2.0457714082752707,
    -1.447586609074696,
    -2.8699887987541426,
    -1.9981530318043377,
    -2.651552494591583,
    -3.0461290343356957,
    -5.470411456714513,
    -4.2026686067738135,
    -4.09667245134725
  ],
  "mood_params": [
    -0.9929896320286823,
    -3.736396374184913,
    -3.6939329170479223,
    -5.391921067387619,
    -3.797033664892926,
    -3.773214955932242,
    -4.355958869205628,
    -2.816756789370249,
    -3.7785605950352625,
    -3.6774329250526447,
    -3.5295880523746077,
    -2.6059760866778054
  ]
}