{
  "cat_params": [
    1.0405906284740682,
    -0.2879237682825042,
    -5.030769071451371,
    -3.1901421050330647,
    3.9334622686110636,
    -2.040414445303402,
    -1.4562219531469882,
    -2.6305712057426707,
    -1.9386431628418435,
    -2.8809682086527713,
    -0.32204470387556355,
    2.2213960499936647,
    -1.496220511660958,
    -0.3561194675552669,
    -4.226324456893952,
    -2.222004755700608,
    -3.2110097400247075,
    -4.611155310947674,
    -1.09838510291201,
    -2.7175216457350095,
    -2.2578289366505286,
    1.8879131335341888,
    -1.82857429028346,
    -3.2629388509244333,
    -1.703541114855573,
    -0.5211923865135113,
    -1.643484092357783,
    -2.3565455335296837,
    -0.4897795255818628,
    2.4947693688572143
  ],
  "mood_params": [
    -0.27609864754997515,
    -2.994236525681792,
    -2.5486978937082427,
    -5.041568484427011,
    -3.4600077360293704,
    -2.3557158777105447,
    -3.5197423818014792,
    -2.8385164354030694,
    -2.6070137273497527,
    -2.5583686448514773,
    -3.781506055564386,
    -0.9848315240516965
  ]
}