{
  "cat_params": [
    -2.914208503567067,
    -2.0424128532365775,
    4.079257303619882,
    4.634985888654365,
    -0.8813082131625507,
    0.13646475365668811,
    1.0726527780413635,
    1.0011166677618357,
    -1.5845503436917312,
    0.9609039676271118,
    1.2996580987285506,
    -1.4104721767878556,
    -0.15136415603239894,
    -1.3833146679565174,
    2.394187175260931,
    0.6934762601764496,
    3.167391679455387,
    2.5959660858406686,
    2.4878919532308994,
    1.8970385504128484,
    0.672067060578115,
    -1.590521020821632,
    2.4023702286685147,
    2.945688642450441,
    -1.4173798008661762,
    -0.19943225174877907,
    -0.49983651812494256,
    0.9043556646913209,
    0.1830708148004705,
    0.1963874653436863
  ],
  "mood_params": [
    -2.7471478604936994,
    1.3773610845225723,
    3.0465800870712547,
    5.941548480997718,
    6.755766703962726,
    3.0849423707880907,
    4.220397375186382,
    1.8761399093187923,
    2.595401013838717,
    1.152871848182101,
    0.5253783257488123,
    0.6214796443602202
  ]
}