{
  "cat_params": [
    -3.077237757910852,
    -2.133417133611622,
    3.9992954232353286,
    4.634533486375983,
    -1.0619490614455898,
    0.06307934898949843,
    0.7856853483706748,
    0.9629371924575939,
    -1.8192051050012574,
    0.7553864806419934,
    1.1181524200462714,
    -1.5147238823734308,
    -0.3438158920190163,
    -1.5449445456410784,
    2.1963884801376454,
    0.5071461738494425,
    3.0263733260703805,
    2.455037598953033,
    2.282076635657841,
    1.7611937194658012,
    0.4771897413149412,
    -1.809381358892451,
    2.420044736560502,
    2.937313158765345,
    -1.4688714439680945,
    -0.37798256774924427,
    -0.693673006813672,
    0.7517738658419744,
    0.03153566623905648,
    0.0036691980428864503
  ],
  "mood_params": [
    -2.8045624994168845,
    1.2905987280690492,
    2.9585933475999027,
    5.813586591529878,
    6.620966990014747,
    2.900788436176882,
    4.061349457647188,
    1.7898535085461749,
    2.4810995467080574,
    1.0767657965710848,
    0.43989213352874523,
    0.48845413883360744
  ]
}