{
  "cat_params": [
    -1.8337969154867566,
    -2.2000967926552013,
    2.327347170073877,
    -1.730305911293288,
    -0.13623872497442943,
    0.7940271344096878,
    -3.0267436210581358,
    -1.3160990550789364,
    2.8752539505506016,
    -4.844897028445611,
    -4.287419940392963,
    -3.6439780038983134,
    -5.147894497832879,
    0.8906201044178906,
    -3.7754334508392,
    -7.385266771317378,
    -6.889494869398773,
    0.061629451041229445,
    -5.764074912585857,
    -4.250542470792522,
    -1.8699197558748168,
    -4.509781786894638,
    -4.277009864932043,
    0.03270806760002759,
    4.379008945107799,
    -3.780635086062383,
    -3.7822907060362905,
    -3.877823280383855,
    -3.6378218525143304,
    2.285661123739615
  ],
  "mood_params": [
    -3.7240274634820607,
    -5.911374765925566,
    -3.559366316192114,
    -6.784342422197514,
    -5.307945882211927,
    -8.474025264643037,
    -6.275280275259826,
    -5.582445443861405,
    -6.871105892064733,
    -4.351858662168757,
    -6.274206838496414,
    -5.334499944741176
  ]
}