{
  "cat_params": [
    -2.0651184660550976,
    -2.257501350226126,
    1.8923454297039979,
    -1.4890160841180649,
    -0.7457292154168024,
    0.18845106020323632,
    -3.6459703365693796,
    -1.8061917343490865,
    1.35674787441392,
    -5.570342135521132,
    -4.818659879680532,
    -4.104969486286108,
    -5.951413741040418,
    0.05930003280496078,
    -3.8225124125462515,
    -7.206671366626916,
    -7.217091139485773,
    -0.125117141385246,
    -5.6789133622015076,
    -4.554195264511056,
    -2.639148649483271,
    -5.009342448674801,
    -4.263295639729524,
    -0.4573332001968162,
    4.24709219607545,
    -4.930150864895415,
    -3.863864894859686,
    -4.359356480611203,
    -4.146932736564561,
    1.4527689607744747
  ],
  "mood_params": [
    -3.6870223774121724,
    -5.48950211900246,
    -3.841812956344521,
    -6.517056040981787,
    -5.078402494511476,
    -8.072193149872426,
    -5.903367697440193,
    -5.187606318963122,
    -6.689260250201829,
    -4.07504387053908,
    -6.258117715629564,
    -4.879764481996585
  ]
}