{
  "cat_params": [
    -4.351624612356427,
    -3.847179927787948,
    -2.488866675223571,
    -4.527132269899267,
    -3.1586221766985787,
    -2.081535634589677,
    -5.378248867258586,
    -0.32498447579654194,
    -3.9726840589281105,
    -3.1566524961774824,
    -5.714463573683799,
    -1.4977893466652785,
    -3.245444926916494,
    -3.299224895574185,
    -5.06551950499339,
    -6.308848781422564,
    -5.878442513035862,
    -3.264337071581046,
    -4.390518982172686,
    -4.307106742235524,
    -4.618170311940498,
    -3.8698676068155287,
    -4.42431818437935,
    12.784725226103111,
    -0.01786723023716124,
    -2.9514433995424207,
    -3.5855389898270564,
    -4.473964081001208,
    -3.7978550626121854,
    -2.709294805399669
  ],
  "mood_params": [
    -3.4210317155920316,
    -6.144857603932256,
    -2.3131578619539437,
    -7.456109926248104,
    -5.161555656781873,
    -7.584877506451065,
    -6.7355726566775225,
    -4.832238488750036,
    -5.84694375370248,
    -5.023562315805368,
    -2.568348834292993,
    -2.5328624604685697
  ]
}