{
  "cat_params": [
    -4.191485044904327,
    -3.769843734493478,
    -2.4007289757382733,
    -4.531071390259355,
    -3.019695439707822,
    -2.008611653700936,
    -5.050568167985275,
    -0.28771393542478785,
    -3.7619786255277674,
    -2.955921924481333,
    -5.645229916577657,
    -1.409813850068499,
    -3.0742745047314313,
    -3.1770763483030833,
    -4.863346615514341,
    -6.221867224514129,
    -5.783773279235191,
    -3.129479203537331,
    -4.224966949163445,
    -4.148149986662729,
    -4.460384022489067,
    -3.6946925316672736,
    -4.410888253418724,
    12.731466199821192,
    0.04564486647425931,
    -2.8219030875147983,
    -3.420002155419579,
    -4.350576385690645,
    -3.694280606744667,
    -2.5585380497544783
  ],
  "mood_params": [
    -3.373198781341061,
    -6.091605983063624,
    -2.2681740884109276,
    -7.412958718782165,
    -5.119213548177078,
    -7.489200217637594,
    -6.6119215262206685,
    -4.787036434198238,
    -5.805321795850622,
    -4.910580982876341,
    -2.50107646839208,
    -2.4263076866656133
  ]
}