{
  "cat_params": [
    5.555535017594202,
    2.7057784158051055,
    -2.0436080764167546,
    -3.244767607034671,
    1.4169421216478086,
    1.048126756309867,
    0.5889835532601027,
    -1.7670025327513885,
    -0.4017315472633219,
    2.4227730707916524,
    2.259020596111751,
    0.08085357809921734,
    2.9599265065717595,
    5.050902121037912,
    1.6924183824233252,
    2.035239328515074,
    -0.2910866970844342,
    -1.6387672917105285,
    4.609059308413651,
    1.1553031818392077,
    2.156341476518444,
    2.8011596690522427,
    -0.1952386430346075,
    -2.9978163295563727,
    3.28727154980354,
    -0.07570575729913559,
    6.905597773547184,
    0.9554963232640967,
    2.902241912418941,
    0.5625240113556991
  ],
  "mood_params": [
    4.273445814709366,
    2.045160971962108,
    -2.137866527768805,
    -1.4389112630394905,
    -2.5181046476179474,
    2.8146609555063304,
    2.2327770754722245,
    2.5169258170185365,
    0.6339865680835931,
    0.041124058564912996,
    0.16577755240573377,
    2.857745657161724
  ]
}