{
  "cat_params": [
    5.545910867872082,
    2.499359288392031,
    -1.8644481846793137,
    -3.2541335515141885,
    1.1585711335371673,
    1.3803149146419667,
    0.4398583796627508,
    -1.6062289841675221,
    -0.41959784559637237,
    2.310505688741686,
    2.43115437325308,
    0.45329171061836476,
    2.87525358664384,
    4.714752795490812,
    1.832785049426915,
    1.8461980578688892,
    -0.5098190865551505,
    -1.2303293314961268,
    4.450108691952901,
    1.1988250280011465,
    1.940659685481009,
    2.8035682158898267,
    -0.1939562041752089,
    -2.9950386385332037,
    3.490378694538005,
    0.17307861389299364,
    6.589214848203524,
    0.6508116275169257,
    2.6947138038305636,
    0.3578719584835898
  ],
  "mood_params": [
    4.211666378593863,
    1.9218909365833348,
    -2.384475022253148,
    -1.5771608662155916,
    -2.8236028516599068,
    2.423430392566542,
    1.9368651069524156,
    2.4826915485677468,
    0.36914209724565,
    0.05394918743706939,
    0.0673301189375126,
    2.685084023478767
  ]
}