{
  "cat_params": [
    -5.093025061048722,
    -2.7175258390461505,
    3.317580129793986,
    5.849511476882413,
    -2.850869349626397,
    1.50716216336906,
    -1.7977602480967807,
    0.2230508725359719,
    -2.0247755379911916,
    0.3467306257076317,
    -0.7756410141611703,
    -1.7248509622676624,
    -0.8288240603870936,
    -2.7203033079670647,
    1.7906225895858974,
    -0.5279354044711686,
    2.629266110647047,
    -2.034858625242093,
    -0.7333260126409499,
    0.7670815417359814,
    -0.8894823930508837,
    -3.3487421554689067,
    2.417474730626126,
    1.70319106698156,
    -0.8003506234282166,
    0.3953383135232477,
    -3.2019981423768624,
    0.5365128057323426,
    -1.333167395653606,
    -3.8237360184123235
  ],
  "mood_params": [
    -2.6563138968198747,
    0.13936547179194037,
    2.3532247414115703,
    3.9919981210076787,
    6.889648435796801,
    1.0019935112447584,
    4.474770196953615,
    -0.3450840985293776,
    2.207682579964288,
    1.1964603228306783,
    -0.8811391309987608,
    -1.311591801674868
  ]
}