{
  "cat_params": [
    -4.910597945138665,
    -2.6292968186602663,
    3.397359280919915,
    5.85062803069858,
    -2.6890055133623743,
    1.5723478832820506,
    -1.4845648992066425,
    0.262860465278457,
    -1.7952763085803207,
    0.5493694257402958,
    -0.6232834250032858,
    -1.6263237758069011,
    -0.6404912084698875,
    -2.5738050630644547,
    1.9849644613288417,
    -0.3575916495917288,
    2.7656785315437635,
    -1.8869761955130298,
    -0.5386166450624825,
    0.906212331058697,
    -0.7024962262299909,
    -3.1453104759070105,
    2.399989009687833,
    1.7182072813865341,
    -0.7406395819402529,
    0.5766697824424164,
    -3.0150418809555606,
    0.6848960515988698,
    -1.1953312610386035,
    -3.658674155484096
  ],
  "mood_params": [
    -2.6002059387802845,
    0.22056002381254775,
    2.4355873240196177,
    4.107649229149872,
    7.02401433389131,
    1.1699499287780668,
    4.630500320608236,
    -0.2706489755608982,
    2.3175789274142202,
    1.2694778919974081,
    -0.8008202329415933,
    -1.1871652018876484
  ]
}