{
  "cat_params": [
    5.65765366540066,
    2.8261073710099684,
    -1.398462083218725,
    -2.0091377846026868,
    1.967377113775171,
    1.073233675021074,
    -0.02066757511607314,
    -1.395144166626126,
    2.5972439663584845,
    1.4221326086000237,
    2.1546629188625253,
    -1.9927160692733183,
    2.162147225543608,
    3.202755209436952,
    0.2467590793306292,
    -0.7315453102754351,
    -1.945603988847986,
    -0.007015677284966042,
    2.159412694099396,
    -0.3760110002077323,
    1.0980858441785737,
    1.4712742385262776,
    -3.445797817087577,
    -2.564682225619056,
    2.933999305813085,
    -2.0665565902303444,
    4.473960652442933,
    -1.183796141770512,
    2.0584943266083786,
    1.887752473725756
  ],
  "mood_params": [
    5.95576672795952,
    1.420521895954172,
    -3.465739222385805,
    -3.230224936437964,
    -4.445395784378172,
    1.33558609532934,
    -1.1639097128315037,
    1.929335334578687,
    -0.7564999691655042,
    -2.190196986000943,
    -1.8160693075723406,
    2.1271065888816176
  ]
}