{
  "cat_params": [
    5.717064984610291,
    2.9168307534777154,
    -1.3053159442752509,
    -2.0119735151229112,
    2.163669021236424,
    1.1390519943846973,
    0.26418120268490664,
    -1.3501804935316724,
    2.808354525124445,
    1.6147287975743296,
    2.342709779978915,
    -1.8996373513382814,
    2.3426004617064815,
    3.4000607135878527,
    0.44436153788106675,
    -0.5665641664837984,
    -1.8262344118418463,
    0.13351566489665057,
    2.3564150177508436,
    -0.2313423155199809,
    1.2860662853568887,
    1.7007985779974317,
    -3.4373211556024867,
    -2.524891617689352,
    3.0487701015167104,
    -1.9119058374609383,
    4.6635567167061,
    -1.0409609176282881,
    2.2182443327081875,
    2.08347944025732
  ],
  "mood_params": [
    6.027193180497787,
    1.5041476545528685,
    -3.421824194143646,
    -3.155363359362887,
    -4.389974861551681,
    1.5027896955952178,
    -1.0185753809904248,
    2.0129460026356503,
    -0.6695354896667018,
    -2.0918740601033203,
    -1.7393510370596843,
    2.2593242444137407
  ]
}