{
  "cat_params": [
    3.6547571283376166,
    2.038889496203699,
    0.965637663449043,
    2.710648505489533,
    -0.06648965652958899,
    0.249699011027885,
    5.019219859937978,
    0.7512491695054022,
    3.690901029125654,
    4.495346369411311,
    5.6276245183197595,
    0.26595201790415773,
    4.91694958360287,
    0.6098397387641732,
    4.762417615698655,
    0.5123877953233369,
    5.053428581363566,
    0.8074887626984819,
    6.434992983852581,
    11.56151792902392,
    2.3623440902745987,
    4.528048993752123,
    3.5999587624450538,
    -1.8399681853536904,
    -0.2730650563461391,
    3.5163882981468224,
    2.805533466355465,
    3.6048378589751615,
    2.096812296755583,
    -1.1041616341934315
  ],
  "mood_params": [
    3.6888210677979014,
    4.078524875356442,
    -1.8772450693746152,
    3.3825388598060235,
    0.49349213838411443,
    4.7573302251671254,
    4.787517400348406,
    3.0513009141615552,
    1.0840667698662632,
    7.396325737909698,
    1.4695692555729312,
    5.364415811825976
  ]
}