{
  "cat_params": [
    3.5685622303384203,
    1.9464300806658417,
    0.8773261077209429,
    2.7111395360037975,
    -0.2503033071863314,
    0.17805606238222385,
    4.789560953063542,
    0.7128625350212375,
    3.4766380879899974,
    4.314604264414112,
    5.392663851120426,
    0.14318622577661802,
    4.735481897910572,
    0.433182243370177,
    4.578663132272507,
    0.33103685394470483,
    4.90853601340459,
    0.6647725593654106,
    6.224702820529397,
    11.497127633140849,
    2.167036210949351,
    4.275107004483858,
    3.6228165023963963,
    -1.8763545281678542,
    -0.3403419892834262,
    3.3056806038816737,
    2.612382748760166,
    3.4501909655718053,
    1.9340635948264921,
    -1.2859663419302578
  ],
  "mood_params": [
    3.6202256092041614,
    3.9850353504693143,
    -1.9327540773505771,
    3.269977984822626,
    0.40265885744785773,
    4.565444223476569,
    4.63026719588037,
    2.9609084061588637,
    0.9821417909082891,
    7.371389100143735,
    1.3833402445559462,
    5.219758690191672
  ]
}