{
  "cat_params": [
    3.8101671707898386,
    4.259493026889293,
    2.584361026488887,
    0.6324263403915291,
    2.697430194302569,
    0.6457551135765779,
    1.8545042826231533,
    1.6117889777655867,
    2.9239330607946483,
    2.4021956457342206,
    1.975233372834781,
    0.2147806884812346,
    2.487942205880661,
    4.561639741312128,
    2.708931888674771,
    1.5085333429705454,
    0.7499601387249535,
    3.555222726411613,
    2.611225055010013,
    -0.029123985434173476,
    3.7004713712847925,
    2.068950275452074,
    -0.022705470015039787,
    -1.612747819619383,
    1.516144966423392,
    1.195795492448258,
    4.110314505914237,
    1.907557737245682,
    3.8849006261977315,
    3.087081616724504
  ],
  "mood_params": [
    1.5221355864176973,
    1.9993670649034607,
    -0.5960392236612664,
    -0.06623529891736096,
    -1.4369233446224272,
    2.8289601636201493,
    1.8396220372637333,
    1.7923905248785181,
    0.13819963533067064,
    -0.35655885637995,
    -0.12861492491291113,
    0.6937795206149041
  ]
}