{
  "cat_params": [
    3.764745917294255,
    4.093958634712396,
    2.859322872548977,
    0.5569775998674964,
    2.5292627778197248,
    0.6141255876615369,
    1.4903683333210629,
    1.5159671926258793,
    2.9384901917329778,
    2.1440097256452426,
    1.6602941174720425,
    0.1315428019370003,
    2.1818648074510656,
    4.356869745505289,
    2.399662316103449,
    1.1730155896353658,
    0.4243454040931323,
    3.4493477075506904,
    2.420449268215978,
    -0.19583321602097906,
    3.4613113763565173,
    1.8538687161249725,
    -0.20665693411953626,
    -1.668999678905873,
    1.428431490773076,
    1.0987076411295764,
    3.806262132809391,
    1.6222238024037836,
    3.6546069938902854,
    3.054189115007858
  ],
  "mood_params": [
    1.372452469238654,
    1.761325059408054,
    -0.7644710652873918,
    -0.3643036754310076,
    -1.641229571982576,
    2.4419380498767707,
    1.452062104468537,
    1.5745622296330966,
    -0.1182212674749583,
    -0.5803166258971408,
    -0.4340959202476436,
    0.38958949729936404
  ]
}