{
  "cat_params": [
    4.793219506167041,
    4.698041637504489,
    -1.6189403863494853,
    -0.49678069458111357,
    3.719177712754421,
    -1.5261367590402932,
    3.9204552794534457,
    -1.8901232418364742,
    1.2573847766928523,
    3.745201065234793,
    5.2386793516753425,
    0.454076551885263,
    4.4658103504542686,
    6.098267405421339,
    2.5994153916416334,
    1.704966657059477,
    3.862864592336243,
    0.14303403573786727,
    3.089740745125496,
    1.9177912032171338,
    5.813797308810751,
    3.4656645601418603,
    0.2434040369397459,
    -1.5838406064450352,
    -1.2076516008286067,
    1.6120051830755568,
    4.090042813837809,
    3.5496489041863164,
    5.271587400159629,
    4.052154502092012
  ],
  "mood_params": [
    3.9847816801131604,
    3.1924577807960173,
    2.1564278634245455,
    2.511824240149357,
    1.9426769601319382,
    5.396969799983993,
    2.8238728886811315,
    2.2411440548609085,
    3.7263201986601393,
    3.358135059281211,
    0.14703050697236128,
    4.976344150002858
  ]
}