{
  "cat_params": [
    4.806573792382561,
    4.878463081929948,
    -1.656098510002157,
    -0.4495449874313285,
    3.9498521585160966,
    -1.5376505014542667,
    4.15333892914751,
    -1.8195614031973404,
    1.2831291265291054,
    4.0492129717989345,
    5.632038863846371,
    0.6613067007012414,
    4.824701271317229,
    6.388480240254428,
    2.8897609993648548,
    2.0706297308384167,
    4.242229102746353,
    0.2702405406391258,
    3.399017213036486,
    2.150182698843717,
    6.111351788618437,
    3.7583812834055825,
    0.4243909936277557,
    -1.5567916153330035,
    -1.2850916388980045,
    1.8668817442963033,
    4.3163941766577745,
    3.8863617220026847,
    5.59296699615385,
    4.194149321298547
  ],
  "mood_params": [
    4.140727819330277,
    3.4512611090274463,
    2.3698014275518897,
    2.8275476934702928,
    2.1902725324005146,
    5.822593951983835,
    3.181795484934332,
    2.4507705649562554,
    4.0346755523629945,
    3.5938650075679224,
    0.4042544583393969,
    5.3007511641023415
  ]
}