{
  "cat_params": [
    3.882671735492893,
    3.3693155722318395,
    -1.309745384313268,
    -4.736667336997606,
    3.7383919086448167,
    -1.1625135142206262,
    2.9241897461732647,
    6.791526788942541,
    0.9440618948794592,
    6.675899096199915,
    -2.9542644178912965,
    8.252938955051466,
    6.544316426267783,
    -0.31206923730245956,
    -4.52223126038939,
    -0.8224642666765521,
    1.4199888689366658,
    4.757277403783094,
    -1.6142736083538076,
    -0.8724104650951339,
    2.33266807109436,
    4.306572829524564,
    -0.002683440871395952,
    3.2815467523187944,
    -1.0838334849180813,
    3.1073621714216815,
    5.530017364744035,
    2.9337996239165225,
    3.0645492882216065,
    4.015748247500617
  ],
  "mood_params": [
    -0.2497455331285887,
    -1.6497790374687091,
    -1.3264092100061513,
    -5.4783623993836565,
    -2.590878171526811,
    -3.0055312570618247,
    -3.8804675114459344,
    -3.3676159749630936,
    -0.3860279340231841,
    -3.59278885573317,
    5.801090675686833,
    -1.077510559506915
  ]
}