{
  "cat_params": [
    3.930021100324503,
    3.488801637827605,
    -1.4263824697786394,
    -4.617357140372432,
    3.7517028841980364,
    -1.1201095487616564,
    2.9491532275666232,
    6.887136729117415,
    0.7585340793268457,
    6.810524938073673,
    -3.037080568452222,
    8.394674259542358,
    6.6502493017529805,
    -0.02550567419222652,
    -4.356822121618425,
    -0.413485806033387,
    1.7134128253424885,
    4.788674019245446,
    -1.3132411052787323,
    -0.9096170774867663,
    2.5465985268613434,
    4.226560585080162,
    0.10378145681868824,
    3.1762219136850685,
    -1.065338931207688,
    2.767187590173719,
    5.723353720637396,
    3.2613653729355763,
    3.226074423611796,
    3.977908042378005
  ],
  "mood_params": [
    -0.17425493596168906,
    -1.4210121750458442,
    -1.1492592657488707,
    -5.192394466880566,
    -2.2924876629988953,
    -2.6020935579217315,
    -3.5506604883718578,
    -3.158775049256748,
    -0.028656608509494412,
    -3.579333001403139,
    6.102452681652239,
    -0.7732964231734578
  ]
}