{
  "cat_params": [
    -1.810758816418255,
    -0.31704052961168105,
    -4.423132346679822,
    -2.82488954278618,
    3.094605334678371,
    -1.530184397895218,
    -0.9823693907525756,
    -3.85729873299867,
    0.04474980018819098,
    -0.10274632989592519,
    1.0898395006974158,
    -1.9097594422437356,
    -0.4127733857105257,
    0.2263712741863424,
    2.6849097196391702,
    1.9557399004565412,
    -0.25646592453810424,
    -3.997952278846989,
    0.6059586806615308,
    0.8601625310334625,
    -2.0737160506596313,
    2.4912646924121598,
    -0.20560319175409378,
    -3.054540882509412,
    -1.3887761394119738,
    -1.886260139185422,
    -3.3930046028089724,
    -0.6257231438486294,
    -0.4209700277693563,
    3.780346660706705
  ],
  "mood_params": [
    3.081194699356468,
    1.5484877318082686,
    -0.8207682743415048,
    0.7070521410871741,
    0.1418359791268426,
    1.946205800320628,
    0.7714463572076558,
    1.9190820787590885,
    0.24895982932385533,
    0.5077424736969695,
    -0.49765482664502786,
    1.8494116034113641
  ]
}