{
  "cat_params": [
    -1.6652127935860073,
    -0.2270397943656232,
    -4.318789512348979,
    -2.828171670938179,
    3.3029740916016217,
    -1.4516752534962685,
    -0.6798275353730887,
    -3.802679962851832,
    0.2677841978410433,
    0.10257543638265332,
    1.2667493441622097,
    -1.813527833936501,
    -0.2250760132102645,
    0.39965350801888905,
    2.875288934825759,
    2.1534616769144557,
    -0.12937554331173098,
    -3.8454046352247255,
    0.8033372674217389,
    0.9986340088826717,
    -1.889314785988621,
    2.7311214241373682,
    -0.21152810155726748,
    -3.011411829900591,
    -1.3379411338400693,
    -1.7267428320822948,
    -3.206197476461881,
    -0.4793246535539478,
    -0.27653801843534004,
    3.9906610818572306
  ],
  "mood_params": [
    3.1482293892542303,
    1.6339288857980163,
    -0.7587274362366175,
    0.8049075796590458,
    0.230125632514234,
    2.1201288392289066,
    0.9220877334814983,
    2.0039911117713967,
    0.3448030008465619,
    0.5862030663724721,
    -0.4164568476592105,
    1.9830870849722984
  ]
}