{
  "cat_params": [
    2.69866462011166,
    -1.0554875803672037,
    -5.136503069609204,
    -2.536093793764295,
    -5.02206758815771,
    -4.661735514823348,
    0.03614680840033209,
    -5.54358406071988,
    -1.585786272916803,
    1.2234415257094344,
    6.002677917699213,
    0.5844654132847905,
    2.048177376222215,
    -3.410925132660716,
    3.658085029353401,
    3.80906341154436,
    0.896292435241168,
    -6.587914274371004,
    2.9955978254078715,
    7.718768338590064,
    -4.490090292980207,
    3.072901278301715,
    1.691501796354741,
    -4.742552309307335,
    -2.1623772282940603,
    -2.0947027624863543,
    -0.26012308464331313,
    -1.6724542922920045,
    -2.057789642717442,
    -6.014784480758351
  ],
  "mood_params": [
    8.476915371330545,
    3.832300550540744,
    -4.683959873684693,
    0.926765818684188,
    -2.7233556784250474,
    3.7752438938084647,
    2.5855598146678926,
    3.597722371026046,
    -0.9492005557634691,
    6.087685160655062,
    1.390979354534147,
    5.917674389103877
  ]
}