{
  "cat_params": [
    2.7935406323187815,
    -0.9660318672498518,
    -5.029896488562676,
    -2.5392294771472725,
    -4.877186651860431,
    -4.569489714435776,
    0.3253812350535388,
    -5.482845104562828,
    -1.357658368461431,
    1.4208471636793816,
    6.244247379542345,
    0.7116620053995732,
    2.232115871137341,
    -3.2707043394385176,
    3.8441520282596358,
    4.0272147228041,
    1.027106675449997,
    -6.4292116892042115,
    3.197739007211907,
    7.808658924300993,
    -4.310963402106771,
    3.316385769982171,
    1.677215689088123,
    -4.689449010012992,
    -2.123211517922825,
    -1.9371783569425032,
    -0.07086984984182357,
    -1.5278433094994321,
    -1.925193073276068,
    -5.862761738036225
  ],
  "mood_params": [
    8.554225879029012,
    3.9246243181179516,
    -4.646653429215506,
    1.0258115209713523,
    -2.654630479858219,
    3.960724903218188,
    2.7386939691875924,
    3.690396703066982,
    -0.8619537813955721,
    6.122046766697775,
    1.4765067474516986,
    6.063253331910291
  ]
}